S,Lemma,RS,S,Lemma,RS,S,Lemma,RS,S,Lemma,RS,S,Lemma,RS
,быть,13010.74,,быт,3095.81,,бывать,3051.49,,добыча,2982.28,,бывший,2449.05
,жизнь,9294.42,,жить,6518.61,,живой,4968.65,,житель,2368.20,,жилье,1655.25
,идти,8981.42,,выйти,6270.60,,уйти,5957.45,,найти,5931.29,,прийти,4980.84
,человек,7711.98,,человечек,717.12,,человечество,228.94,,человеческий,195.11,,человечий,90.50
,стоять,7355.56,,встать,4928.02,,состав,4778.61,,стать,3875.11,,ставить,3737.84
,рука,7223.25,,ручка,2477.72,,рукав,2330.09,,ручной,1120.68,,поручик,905.72
,лицо,7215.47,,облик,1664.06,,личность,509.40,,личный,434.04,,лично,388.45
,взять,6925.55,,снять,4535.85,,поднять,3344.07,,прием,3164.79,,занять,2783.40
,дом,6361.34,,дома,2519.18,,домой,2341.10,,домик,2194.99,,домовой,693.05
,день,6132.34,,дневник,1585.20,,денек,1002.80,,дневной,216.79,,денщик,142.60
,дело,5814.60,,делать,3072.83,,одежда,2846.72,,одеяло,2645.75,,сделать,2636.99
,друг,5678.16,,подруга,1418.84,,дружба,950.47,,вдруг,809.60,,подружка,761.47
,ход,5668.22,,выход,3687.69,,вход,3074.01,,уходить,2943.38,,входить,2711.77
,видеть,5462.48,,вид,1587.41,,свидание,1096.76,,видимо,992.67,,увидеть,753.27
,слово,5424.32,,слава,1664.85,,словарь,1030.27,,условие,520.26,,славный,295.06
,глаз,5174.76,,глазище,1105.16,,глазок,1071.29,,глазенки,872.22,,глазница,452.86
,работа,5150.00,,работать,2609.17,,рабочий,1549.75,,работник,1151.29,,обработка,668.47
,место,5053.32,,вместе,1448.14,,помещение,1145.72,,местный,824.31,,местность,785.28
,сказать,5003.96,,показать,3125.36,,заказ,2841.75,,рассказ,2342.49,,рассказать,1857.78
,голова,4685.30,,глава,2366.07,,главный,1162.51,,головка,1020.69,,головной,494.26
,город,4622.28,,огород,1812.51,,ограда,1698.78,,городок,1079.11,,награда,1066.20
,образ,4620.35,,раз,2366.06,,образец,1916.12,,сразу,1205.91,,отражение,995.38
,год,4475.34,,погода,2005.50,,угодить,669.65,,выгода,443.60,,выгодный,362.20
,завод,4330.92,,провести,1948.59,,привести,1916.28,,вести,1915.86,,вводить,1851.02
,мочь,4307.64,,можно,2343.57,,мощный,2101.30,,помощь,2074.17,,помочь,1771.07
,жена,4226.66,,женщина,2953.06,,жених,1294.37,,жениться,878.41,,женитьба,598.41
,лежать,4143.78,,лечь,2911.11,,положить,2065.56,,сложить,1548.52,,вложить,1371.45
,большой,4141.36,,более,1253.42,,больше,823.89,,небольшой,661.34,,большевик,538.61
,народ,4139.38,,род,2897.04,,природа,2630.72,,родина,2015.52,,урожай,1910.54
,мир,4075.39,,мирный,704.84,,мировой,285.87,,мирно,229.60,,смириться,110.51
,страна,4046.40,,сторона,1734.78,,странный,1664.67,,страница,976.54,,пространство,807.47
,дача,4036.02,,дать,3204.43,,подарок,2452.88,,отдать,2374.00,,дар,2004.56
,стол,3919.48,,столик,1871.65,,постель,1575.35,,столица,1223.30,,престол,759.53
,отец,3906.78,,вотчина,609.65,,отчим,457.57,,отечество,231.63,,отцовский,170.39
,письмо,3816.73,,писать,3761.89,,написать,2233.65,,список,2078.91,,записка,1956.92
,сидеть,3792.17,,сад,3305.45,,сесть,2129.29,,сосед,1587.71,,присесть,1329.40
,знак,3668.34,,знамя,2673.35,,знать,2499.46,,узнать,1597.09,,знакомый,1593.92
,бог,3632.25,,богиня,1451.35,,божий,1029.82,,богатый,678.51,,божество,582.42
,нога,3623.87,,ножка,1866.75,,ноготь,1558.40,,ноготок,1069.84,,подножие,527.59
,сила,3525.67,,сильный,1787.59,,усилие,1018.97,,насилие,236.59,,силовой,222.34
,час,3381.26,,часы,868.00,,подчас,145.06,,часовой,53.78,,часик,49.36
,вода,3277.65,,водный,1722.30,,водка,1654.11,,водяной,1237.46,,подводный,611.43
,голос,3236.97,,пригласить,522.94,,приглашение,499.54,,приглашать,363.70,,голосовать,251.98
,полный,3140.80,,заполнить,766.87,,наполнить,746.12,,вполне,487.21,,выполнять,360.24
,лес,3101.00,,лесок,1516.43,,лесной,1172.66,,подлесок,851.84,,перелесок,752.76
,дверь,3066.48,,дверца,1559.16,,дверка,1320.35,,дверной,697.42,,преддверие,92.12
,книга,3054.52,,книжка,1804.08,,книжица,1080.07,,книжечка,925.56,,книжник,589.99
,окно,3041.50,,очки,2243.74,,окошко,1527.07,,оконце,1339.87,,око,1252.93
,свет,3017.62,,свеча,1975.13,,рассвет,1366.13,,светлый,1195.22,,светить,835.69
,точка,3015.83,,ткань,2149.06,,сутки,489.96,,точный,488.83,,ткнуть,478.92
,муж,3005.63,,мужчина,2147.79,,мужик,1263.85,,замуж,318.55,,мужской,304.33
,язык,2987.06,,язычок,711.01,,язычник,298.09,,языковой,62.63,,языческий,47.91
,круг,2975.34,,круглый,1080.97,,вокруг,701.03,,окружающее,488.39,,округ,394.33
,утро,2914.45,,поутру,1320.48,,утренник,852.19,,наутро,797.56,,утреня,682.30
,ребенок,2858.83,,ребята,1660.86,,ребеночек,851.29,,робята,667.34,,ребятки,633.59
,белый,2856.02,,белеть,1402.04,,белок,1201.57,,пробел,769.98,,белковый,500.96
,начать,2824.08,,начинать,1488.89,,начало,1233.88,,начальник,1067.93,,начаться,607.94
,поезд,2822.07,,ехать,2772.68,,уехать,1967.31,,поехать,1823.52,,ездить,1820.88
,тело,2804.19,,тельняшка,755.74,,тельце,702.74,,телеса,644.69,,тельник,528.15
,брать,2782.52,,сбор,2455.08,,выбор,2043.03,,избрать,1852.15,,убрать,1686.92
,крыша,2764.46,,открыть,2049.32,,крышка,1905.15,,закрыть,1545.96,,открытый,1380.42
,след,2722.85,,следить,1122.41,,следовать,788.14,,наследник,779.01,,следователь,504.27
,улица,2707.45,,улочка,1380.88,,уличка,1238.56,,переулок,1056.77,,переулочек,627.27
,ухо,2698.51,,ушко,1762.97,,ушанка,1293.58,,подушка,1265.81,,наушник,1093.62
,ночь,2691.26,,ночник,1289.40,,ночной,1250.44,,заночевать,655.87,,ночевать,631.78
,пол,2670.80,,пола,1063.56,,половник,855.36,,половина,367.68,,половой,233.25
,читать,2654.01,,считать,1352.44,,читатель,1086.10,,учесть,1004.44,,почти,993.78
,ключ,2653.14,,включать,517.72,,включить,499.19,,приключение,423.19,,включение,241.90
,ряд,2652.09,,отряд,1608.82,,наряд,1290.44,,снаряд,884.79,,порядок,837.51
,театр,2617.43,,театрик,1041.64,,театрал,564.89,,театральный,193.71,,театрально,9.44
,еще,2614.39,,,,,,,,,,,,
,нести,2607.70,,носить,1598.83,,принести,1582.47,,вынести,1388.72,,отнести,1314.60
,дорога,2597.31,,дорогой,450.57,,дорожка,390.37,,дорожный,68.91,,придорожный,67.22
,смотреть,2582.86,,посмотреть,1423.47,,осмотреть,346.04,,несмотря,253.44,,рассмотреть,211.10
,душа,2568.92,,духи,2242.23,,воздух,2014.09,,дух,1895.60,,воздушный,461.27
,любовь,2566.07,,любить,2450.31,,любимый,998.91,,влюбиться,626.30,,любитель,424.03
,брат,2559.08,,браток,1305.90,,братва,714.01,,братишка,463.86,,собрат,137.34
,нос,2553.31,,носик,1520.80,,носок,949.65,,подносик,422.01,,переносье,369.26
,игра,2528.08,,играть,2241.21,,игрушка,1425.60,,игрок,1398.78,,сыграть,1188.21
,путь,2516.35,,путник,1347.64,,спутник,820.53,,путешествие,434.77,,попутчик,114.86
,уже,2512.11,,уж,554.56,,ужо,28.22,,,,,,
,поле,2506.64,,поляна,1424.83,,полянка,1098.09,,поляк,941.50,,полевой,700.67
,орган,2499.02,,организм,943.46,,организация,334.35,,организатор,211.67,,организовать,122.10
,высокий,2498.84,,высота,1701.38,,высший,663.22,,высоко,488.85,,невысокий,311.80
,море,2496.02,,моряк,1699.01,,морской,905.19,,помор,755.53,,морячок,561.12
,чай,2488.68,,отчаянный,61.33,,отчаянно,30.17,,чаять,23.54,,отчаяние,22.85
,рынок,2469.19,,рыночный,120.12,,рыночник,11.48,,нерыночный,4.17,,,
,небо,2446.63,,небосвод,843.71,,небесный,579.42,,небожитель,331.95,,поднебесье,328.39
,песня,2435.95,,петь,1919.71,,певец,1836.32,,петух,1727.49,,певица,1485.06
,стена,2434.31,,стенка,1591.51,,стеночка,838.37,,простенок,390.49,,застенок,115.84
,поток,2427.84,,течение,1567.26,,восток,1447.65,,источник,1109.37,,течь,770.26
,конец,2423.49,,закон,2002.63,,кончик,1333.79,,конечно,874.08,,наконец,560.22
,рот,2409.25,,ротовой,30.71,,артачиться,5.56,,заартачиться,5.56,,,
,чай,2385.85,,чаинка,1226.72,,чаек,902.03,,чайничек,815.93,,чайник,775.24
,пить,2376.81,,выпить,2150.95,,пьяный,1246.29,,выпивка,1233.73,,пиво,831.94
,скорый,2347.13,,вскоре,2012.99,,скорость,928.83,,скоростной,708.69,,ускорение,499.63
,говорить,2336.59,,разговор,1860.93,,договор,916.48,,поговорить,763.58,,заговорить,634.41
,село,2336.21,,поселок,1454.85,,селение,676.64,,вселенная,598.39,,поселение,500.23
,счастье,2331.11,,часть,1845.66,,участок,1808.61,,участник,1046.89,,счастливый,1007.85
,гость,2327.08,,гостить,1115.87,,гостиница,977.18,,угощение,890.31,,гостинец,871.40
,спросить,2311.10,,вопрос,2053.88,,спрашивать,1044.25,,просить,885.94,,опрос,823.62
,дно,2291.43,,поддон,1254.68,,донышко,1057.64,,днище,795.69,,бездонный,407.50
,красный,2288.25,,краска,1953.26,,красота,1308.39,,красивый,1284.64,,красавица,1057.04
,гора,2281.88,,горка,1624.14,,горняк,1276.73,,горница,1092.15,,горный,950.65
,сын,2274.20,,сынок,966.31,,сынуля,648.53,,сыночек,600.09,,сынишка,572.91
,плечо,2269.88,,плечико,1063.90,,плечики,1047.82,,плечевой,466.26,,предплечье,352.00
,деньги,2248.52,,деньга,676.38,,денежки,655.91,,денежка,583.65,,деньжата,465.14
,нож,2231.57,,ножик,1485.29,,ножницы,1086.66,,ножны,779.12,,вонзиться,731.19
,река,2217.97,,речка,1650.88,,речушка,1060.37,,речной,752.59,,заречье,528.23
,шея,2217.89,,ошейник,1046.35,,шейка,783.28,,перешеек,424.63,,взашей,311.68
,бежать,2217.01,,бегать,1252.99,,избегать,664.78,,неизбежный,260.66,,убежать,185.44
,снег,2215.47,,снежок,1291.32,,снегирь,1036.06,,снежинка,855.69,,снежный,673.26
,полет,2211.05,,лететь,1976.19,,налет,1782.62,,летать,1781.95,,летчик,1131.02
,губа,2202.20,,губка,814.06,,губной,665.42,,губастый,422.52,,губчатый,421.07
,лоб,2199.01,,лобок,744.25,,лобик,736.69,,лобастый,424.48,,лобовой,29.30
,палец,2191.65,,пальчик,1123.20,,пальцевой,16.91,,,,,,
,рубль,2176.73,,рубаха,1538.52,,рубашка,1415.09,,рубка,1037.70,,рубить,744.26
,мальчик,2166.77,,малыш,2093.64,,маленький,1212.15,,мальчишка,1145.76,,малый,730.03
,земля,2157.95,,наземный,999.19,,подземелье,712.38,,земский,687.30,,подземный,632.12
,печь,2156.58,,печка,1843.21,,пещера,1529.40,,печень,1519.52,,обеспечить,84.95
,сцена,2156.29,,сценка,1311.05,,сценарий,115.01,,инсценировка,114.74,,сценарист,70.73
,зима,2136.95,,зимний,871.56,,озимые,630.30,,зимовка,558.31,,зимовье,539.92
,хозяин,2122.12,,хозяйка,1433.13,,хозяйство,464.47,,хозяйский,107.39,,по-хозяйски,25.90
,лет,2119.35,,лето,1859.00,,лета,1777.67,,летник,1261.14,,летний,1259.93
,создать,2116.70,,создавать,532.47,,здание,486.98,,создание,408.94,,создатель,117.17
,расти,2114.69,,растение,1500.28,,вырасти,1332.09,,рост,1015.21,,подросток,725.23
,кот,2112.02,,кошка,1671.40,,котик,1469.45,,котяра,1225.38,,котенок,1103.98
,лев,2108.73,,львица,314.63,,львиный,276.63,,львенок,262.65,,,
,рыба,2105.63,,рыбка,1587.83,,рыбина,1278.66,,рыбалка,1103.92,,рыбешка,1051.68
,луч,2091.14,,лучик,1448.70,,лучина,1240.74,,излучать,450.81,,лучистый,429.12
,спина,2088.27,,спинка,807.26,,спинной,66.99,,спин,11.26,,спиновый,5.63
,этаж,2086.10,,этажерка,837.92,,этажный,24.17,,этажность,4.39,,,
,берег,2082.09,,бережок,1048.02,,побережье,801.89,,набережная,720.32,,береговой,425.63
,хлеб,2068.81,,хлебец,1242.92,,хлебушек,830.35,,хлебница,815.99,,хлебный,587.14
,шар,2057.79,,шарик,1532.21,,шаровой,36.89,,шариковый,23.98,,,
,основа,2013.99,,основание,683.89,,основатель,461.81,,основать,442.93,,основной,283.42
,сок,2013.71,,сочный,673.01,,сочиться,435.85,,сочность,13.28,,сочельник,12.42
,цепь,2010.90,,цепочка,1183.17,,зацепить,479.44,,зацепиться,366.87,,вцепиться,224.79
,лом,2010.56,,обломок,572.71,,ломать,212.82,,разлом,179.46,,сломать,179.36
,время,2002.58,,современный,489.55,,современник,347.26,,вовремя,197.43,,временной,160.05
,назад,2000.03,,сзади,1214.89,,взад,932.16,,кзади,810.49,,зад,668.66
,огонь,1998.70,,огонек,1431.70,,огниво,627.45,,огненный,513.18,,огневой,64.95
,мел,1992.07,,мельница,897.19,,молоть,686.54,,отмель,684.17,,измельчить,342.68
,школа,1990.17,,вышколить,375.66,,дошкольник,372.28,,школьный,354.90,,школьник,108.94
,кол,1987.72,,колоть,1318.85,,осколок,573.74,,колючка,538.98,,укол,501.17
,храм,1981.57,,хоромы,1245.68,,,,,,,,,
,сыр,1977.96,,сырок,1440.87,,сырой,433.22,,сырость,15.43,,сырьевой,14.92
,яр,1973.77,,яркий,1188.08,,ярко,302.96,,яркость,43.69,,ярый,36.97
,шаг,1969.77,,шагать,840.62,,шажок,800.95,,шагнуть,693.03,,перешагнуть,549.26
,ус,1969.40,,усик,1674.52,,усач,824.84,,усатый,659.64,,безусый,18.20
,лук,1960.02,,лучок,1420.99,,лучник,1220.40,,лукошко,1016.03,,излучина,419.24
,мех,1960.00,,мешок,1668.75,,мешочек,1064.98,,мешковина,186.53,,меховой,35.38
,мясо,1958.82,,мясцо,1423.50,,мясной,752.41,,мясистый,442.99,,мясник,328.04
,ветер,1957.75,,ветерок,1116.51,,ветряной,435.08,,безветренный,215.34,,ветровой,45.02
,волос,1957.46,,волосок,1103.61,,волосик,1038.13,,волосатый,205.52,,волосяной,29.61
,рог,1956.15,,рожок,1456.94,,рогатка,1031.19,,рогалик,1012.74,,отрог,730.88
,стул,1955.96,,стульчик,831.82,,,,,,,,,
,газета,1954.32,,газетка,1070.65,,газетчик,461.05,,газетенка,363.54,,газетный,141.49
,пол,1952.61,,полочка,1105.32,,половик,1054.85,,половица,863.96,,напольный,395.02
,меч,1950.75,,,,,,,,,,,,
,слой,1944.70,,слойка,629.35,,слоеный,528.94,,отслаиваться,206.92,,расслоение,23.66
,пес,1942.58,,песик,1423.68,,песий,15.50,,,,,,
,вещь,1937.70,,вещица,703.96,,вещичка,573.63,,вещество,304.10,,вещевой,38.20
,край,1936.47,,краешек,635.88,,бескрайний,369.10,,окраина,367.95,,крайний,256.63
,дуб,1936.38,,дубок,1423.85,,дубрава,1024.09,,дубленка,830.48,,дубовый,557.91
,мост,1935.24,,мостик,1307.70,,помост,1262.18,,мосток,1243.97,,мостки,1242.85
,мяч,1934.82,,мячик,1456.26,,,,,,,,,
,пух,1931.33,,пушок,1453.94,,опушка,1274.35,,пухлый,686.71,,пуховый,541.72
,еж,1931.12,,ежик,1739.86,,ежевика,1039.45,,ежиться,271.03,,поежиться,193.15
,грудь,1930.47,,грудка,1273.23,,грудинка,819.93,,грудничок,714.24,,грудина,533.73
,лук,1929.37,,луковка,1012.12,,луковица,827.43,,луковый,17.75,,луковичный,3.89
,суп,1926.39,,супчик,1218.42,,суповой,509.52,,,,,,
,мыть,1924.35,,мыло,1846.24,,вымыть,1367.16,,смыть,840.91,,мойка,828.45
,бык,1921.06,,бычок,1448.54,,набычиться,154.69,,бычий,33.44,,,
,фото,1917.20,,фотография,806.67,,фотомодель,323.90,,фотоателье,317.54,,фотопортрет,266.57
,речь,1912.69,,урок,1864.93,,пророк,1033.63,,срок,463.13,,срочный,87.12
,взгляд,1910.96,,глядеть,1749.36,,глянуть,1038.31,,взглянуть,877.11,,заглянуть,792.40
,ящик,1908.33,,ящичек,12.28,,,,,,,,,
,ель,1906.48,,елка,1734.76,,ельник,1234.51,,елец,828.54,,еловый,51.10
,луг,1901.89,,лужок,1421.42,,лужайка,1034.73,,луговой,520.35,,луговина,408.98
,цвет,1901.60,,цветок,1820.91,,цветочек,929.90,,цвести,869.44,,цветной,831.38
,слышать,1894.43,,слушать,1848.48,,услышать,1282.85,,слух,1220.98,,послушать,776.96
,запад,1894.23,,попасть,1272.07,,упасть,858.87,,падать,798.10,,пасть,632.51
,куст,1893.66,,кустик,1263.11,,куща,850.49,,кустарник,763.97,,кустистый,366.46
,соль,1891.94,,солить,1250.55,,соленый,1114.81,,сольный,1063.69,,насолить,827.52
,судья,1890.87,,суд,1597.74,,судьба,808.68,,судебный,413.94,,судить,298.79
,шок,1889.58,,шокировать,4.96,,шоковый,4.88,,,,,,
,конь,1889.06,,конюшня,1085.87,,конница,1039.23,,конек,822.81,,конюх,756.05
,дерево,1883.42,,деревце,1096.15,,древо,835.98,,древко,663.84,,деревянный,526.61
,роза,1882.00,,розочка,1069.82,,розетка,1062.09,,розарий,1024.12,,розовый,689.38
,бак,1881.27,,бачок,1431.71,,бачки,711.50,,,,,,
,душ,1879.73,,душевая,1014.39,,душевой,14.39,,,,,,
,мышь,1877.63,,мышка,1625.56,,мышонок,1041.34,,мыш,953.85,,мышца,942.60
,труба,1876.54,,трубка,1654.61,,трубочка,886.06,,трубач,666.86,,трубить,569.27
,спать,1876.50,,заснуть,1307.44,,спальня,1289.86,,уснуть,948.49,,поспать,673.88
,кофе,1875.66,,кофей,1421.73,,кофий,1421.73,,кофеек,1231.17,,кофейня,1035.40
,таз,1871.42,,тазик,1426.72,,тазовый,11.87,,,,,,
,плод,1870.81,,плодить,33.85,,плодиться,24.31,,плодовый,16.44,,плодоносить,15.53
,люк,1869.29,,лючок,1408.74,,,,,,,,,
,порт,1865.59,,портовый,48.13,,экспортный,14.90,,,,,,
,жук,1862.33,,жучок,1427.26,,жучка,714.17,,,,,,
,мох,1861.96,,моховой,513.16,,мохнатый,425.94,,мохнач,304.90,,замшелый,206.85
,зал,1860.20,,зала,923.22,,зальце,631.51,,зальчик,538.95,,,
,девушка,1859.31,,девочка,1800.50,,девица,1605.60,,дева,1171.82,,девчата,1132.87
,журнал,1856.05,,журнальчик,632.60,,журналист,296.13,,журнальный,69.15,,журналистка,52.61
,кухня,1853.52,,кухонька,831.73,,кухарка,553.70,,кухонный,490.36,,,
,кит,1851.20,,китовый,10.29,,,,,,,,,
,случай,1851.16,,получить,1093.99,,получать,635.51,,заполучить,455.38,,получиться,212.26
,мак,1847.65,,макушка,531.11,,маковка,513.34,,маковый,506.67,,маков,6.60
,узел,1844.69,,узелок,1266.07,,узник,195.17,,узловатый,184.71,,узилище,128.88
,молодой,1844.34,,младенец,1061.23,,молодежь,824.10,,молодняк,497.68,,молодец,419.23
,боб,1841.73,,бобина,607.35,,бобовый,507.07,,,,,,
,рой,1840.14,,роиться,519.31,,ринуться,32.02,,реять,20.15,,рьяный,7.72
,рамка,1839.39,,рама,1819.85,,рамочка,1038.91,,обрамить,434.60,,обрамлять,378.03
,семья,1838.29,,семьянин,449.47,,семейный,327.92,,семейка,280.92,,семейство,187.75
,ива,1836.13,,ивняк,712.93,,ивовый,12.50,,,,,,
,лис,1832.85,,лиса,1653.42,,лисица,1222.73,,лисичка,1015.60,,лисенок,1014.32
,кусок,1832.14,,кусочек,1210.45,,закусить,488.66,,откусить,457.06,,кусать,361.61
,рис,1827.18,,рисовый,511.53,,,,,,,,,
,боец,1826.82,,бить,1626.32,,бой,1419.81,,забить,1190.51,,битва,1032.98
,куб,1825.65,,,,,,,,,,,,
,фея,1824.30,,,,,,,,,,,,
,сом,1824.23,,сомик,1407.00,,сома,7.75,,,,,,
,чум,1824.02,,чума,11.75,,очуметь,5.73,,чумовой,3.42,,чумной,1.45
,трава,1823.55,,травка,1313.70,,травинка,852.67,,отравиться,638.06,,отрава,319.03
,самец,1823.54,,самка,1794.06,,самочка,1045.27,,самолетик,748.40,,самость,14.61
,чан,1822.95,,,,,,,,,,,,
,луна,1822.57,,лунный,698.66,,лунатик,261.26,,подлунный,5.09,,безлунный,4.55
,банка,1819.37,,банк,1713.75,,баночка,1114.83,,госбанк,550.63,,баночный,428.64
,чуб,1818.55,,чубик,1407.00,,чубатый,505.00,,,,,,
,фен,1816.10,,феня,5.31,,,,,,,,,
,вновь,1814.86,,новый,1386.90,,новейший,804.26,,снова,726.85,,заново,680.02
,вол,1814.58,,воловий,503.31,,,,,,,,,
,солнце,1807.84,,солнышко,932.27,,подсолнух,742.74,,солнечный,554.96,,подсолнечник,418.65
,шкаф,1803.92,,шкафчик,1042.18,,,,,,,,,
,руль,1801.66,,рулить,638.46,,вырулить,418.13,,порулить,413.71,,подрулить,361.99
,внук,1794.89,,внучка,1295.28,,внучек,1224.67,,внучок,1214.88,,внучонок,812.15
,лапа,1793.92,,лапка,1486.85,,лапища,1219.31,,лапник,626.32,,лапонька,410.88
,яйцо,1793.81,,яичница,1041.42,,яичко,762.73,,яичник,629.00,,яичный,42.89
,птица,1791.64,,птаха,1452.53,,птичка,1323.55,,птенец,1274.06,,птичник,1025.74
,держать,1788.77,,держаться,598.20,,выдержать,521.64,,держава,442.83,,удержать,355.03
,шить,1783.34,,шов,1116.94,,подошва,1094.58,,сшить,845.16,,шитье,779.20
,весна,1778.07,,весенний,518.13,,веснушка,444.65,,вешний,33.91,,веснушчатый,21.89
,пояс,1777.85,,поясок,1231.65,,поясница,430.54,,подпоясать,313.37,,опоясать,17.23
,баня,1776.20,,банька,1240.97,,предбанник,619.05,,банщик,617.82,,банный,22.08
,дуть,1775.63,,подуть,1257.49,,дунуть,1253.35,,дуло,844.25,,сдуть,766.13
,гриб,1774.52,,грибочек,815.45,,грибок,636.63,,грибник,520.85,,грибница,411.80
,цирк,1770.16,,циркач,620.68,,цирковой,39.95,,,,,,
,сон,1769.68,,сонный,390.25,,сниться,200.90,,присниться,87.46,,спросонья,19.35
,перо,1765.63,,перина,1232.76,,перышко,1032.02,,оперение,419.44,,перистый,416.08
,бумага,1765.55,,бумажка,1232.14,,бумажник,881.61,,бумажный,541.36,,бумажонка,358.36
,кора,1763.34,,корка,1499.44,,корица,1239.96,,корыто,635.74,,коряга,620.95
,корм,1762.81,,кормилец,842.34,,кормить,710.08,,кормушка,444.22,,накормить,423.53
,крест,1762.22,,перекресток,563.06,,крещение,487.16,,крестить,470.27,,скрестить,413.80
,изба,1752.97,,избушка,1048.30,,избенка,1013.78,,избяной,5.21,,,
,кафе,1751.76,,,,,,,,,,,,
,вилка,1751.26,,вихрь,1673.50,,прививка,547.16,,развитие,242.15,,развитой,149.49
,щель,1747.58,,ущелье,1268.60,,щелочка,1025.45,,щелка,735.63,,расщелина,715.66
,холм,1741.37,,холмик,1238.00,,холмистый,12.33,,,,,,
,лифт,1737.74,,лифтер,618.15,,лифтовой,416.23,,лифтерша,410.82,,лифтинг,11.72
,замок,1737.24,,замкнуть,468.13,,примыкать,61.92,,замыкать,51.25,,примкнуть,48.84
,нить,1736.86,,нитка,1511.81,,ниточка,1054.28,,ниточный,4.55,,,
,плот,1734.77,,плотина,1074.15,,плести,689.70,,плотник,579.91,,переплет,463.93
,чаша,1734.54,,чашка,1557.10,,чашечка,1055.00,,,,,,
,осень,1732.15,,осенний,638.31,,по-осеннему,9.27,,,,,,
,флаг,1730.31,,флажок,1244.15,,,,,,,,,
,крыло,1726.46,,крыльцо,1169.70,,крылышко,855.58,,крылечко,845.94,,крылатка,425.87
,нефть,1725.11,,нефтяной,536.43,,нефтяник,462.27,,нефтянка,24.69,,,
,мечта,1724.49,,мечтать,1261.22,,мечтательный,220.91,,мечтание,54.92,,мечтательно,35.00
,двор,1724.26,,дворец,1617.36,,дворик,759.17,,дворник,662.46,,дворянин,512.55
,плащ,1721.12,,плащик,1214.44,,плащаница,363.51,,,,,,
,дождь,1720.21,,дождик,1271.84,,дождичек,821.97,,дождевик,821.04,,дождевой,44.40
,ученик,1719.92,,учитель,1610.32,,учебник,1579.51,,ученый,1353.29,,учить,1276.15
,каша,1719.80,,кашка,1424.66,,кашица,309.45,,,,,,
,камень,1719.68,,камешек,1107.32,,камушек,1094.65,,каменный,624.73,,каменщик,453.96
,юбка,1713.29,,юбочка,1224.57,,юбчонка,505.35,,,,,,
,заяц,1712.57,,зайчик,1247.26,,зайчонок,810.11,,зайка,741.22,,зайчишка,411.46
,крем,1712.17,,крематорий,78.92,,кремовый,19.30,,кремация,2.53,,кремировать,1.25
,пруд,1711.27,,прудок,1214.99,,прудик,1212.98,,прудить,516.52,,запруда,514.65
,слон,1707.42,,слоник,1222.16,,слониха,1008.70,,слоненок,812.55,,слоновый,19.07
,пляж,1707.24,,пляжный,522.65,,,,,,,,,
,овца,1701.51,,овечка,1229.34,,овчарка,1038.07,,овчина,622.29,,овчинка,513.56
,туча,1699.33,,тучка,362.25,,,,,,,,,
,клей,1699.17,,наклейка,828.35,,приклеить,729.78,,клеить,641.90,,склеить,535.44
,лыжа,1698.59,,лыжня,729.91,,лыжник,628.92,,лыжница,514.40,,лыжный,47.97
,шуба,1695.84,,шубка,1439.74,,шубейка,1011.59,,,,,,
,кран,1695.76,,краник,1213.31,,крановый,407.01,,,,,,
,орел,1693.44,,орлиный,1019.95,,орленок,1015.00,,орловский,4.83,,,
,вверх,1689.10,,вершина,1627.72,,верх,1488.29,,сверху,1369.92,,наверх,1053.60
,масло,1688.85,,масленица,729.76,,масленок,422.03,,маслице,129.68,,масляный,25.37
,ясный,1685.41,,ясно,1298.97,,объяснять,248.11,,выяснить,197.32,,пояснить,182.85
,винт,1684.70,,винтик,1239.85,,винтовка,430.89,,ввинтить,412.35,,отвинтить,364.80
,веко,1681.20,,,,,,,,,,,,
,мазь,1680.20,,мазок,750.07,,размазать,727.18,,смазка,664.89,,мазать,662.30
,шлем,1680.13,,шелом,713.65,,подшлемник,305.85,,ошеломить,13.73,,ошеломлять,12.27
,пена,1679.78,,пенка,1426.21,,пеночка,1007.98,,пенный,620.32,,пениться,413.55
,билет,1678.21,,билетик,1036.90,,билетер,20.47,,билетерша,17.55,,билетный,4.34
,тигр,1673.64,,тигрица,519.40,,тигренок,413.36,,тигровый,3.25,,тигриный,1.67
,хата,1673.16,,хатка,1416.67,,,,,,,,,
,пила,1672.90,,пилка,1419.95,,напильник,713.71,,пилить,645.24,,опилки,639.49
,очаг,1670.98,,очаговый,4.05,,,,,,,,,
,зеркало,1669.51,,зритель,1263.57,,зрение,1132.97,,прозрачный,924.49,,зрелище,880.74
,крюк,1669.42,,крючок,1272.61,,крючочек,810.29,,скрючить,210.45,,скрючиться,154.92
,гусь,1668.08,,гусак,1413.51,,гусик,1410.22,,гусенок,1008.16,,гусиный,523.08
,сало,1667.88,,сальник,510.00,,сальный,258.48,,засаленный,155.30,,,
,ваза,1664.53,,вазочка,1017.85,,вазон,715.66,,,,,,
,икра,1663.97,,икорка,1207.71,,икринка,1007.87,,,,,,
,шелк,1662.54,,шелковица,705.97,,шелковый,442.20,,шелковистый,260.45,,,
,сани,1662.38,,санки,1434.04,,саночки,1010.42,,санный,612.50,,,
,еда,1662.35,,обед,1550.00,,съесть,1042.84,,поесть,888.23,,обедать,742.80
,утка,1662.10,,утенок,1219.09,,утиный,618.65,,,,,,
,нора,1660.39,,норка,1430.27,,,,,,,,,
,ямка,1660.31,,ямочка,1231.43,,яма,977.42,,ямина,706.93,,,
,джип,1658.80,,,,,,,,,,,,
,собака,1656.44,,собачка,1115.07,,собачонка,370.05,,собачий,328.11,,присобачить,131.41
,вата,1656.11,,ватка,1418.78,,ватный,320.12,,,,,,
,дуга,1655.36,,дужка,720.10,,дуговой,3.84,,,,,,
,блин,1655.24,,блинчик,1013.98,,,,,,,,,
,прут,1654.45,,прутик,1239.32,,пруток,1211.79,,,,,,
,клин,1653.29,,клинок,1228.42,,клинышек,807.56,,заклинить,5.73,,вклиниться,4.54
,сейф,1653.19,,сейфовый,4.65,,,,,,,,,
,пика,1652.38,,пичуга,1213.61,,пичужка,1010.35,,пик,1005.42,,пикировать,309.21
,фара,1651.20,,,,,,,,,,,,
,шнур,1651.19,,шнурок,1235.24,,шнурочек,805.43,,шнуровка,407.18,,шнуровать,354.75
,холл,1650.79,,,,,,,,,,,,
,строй,1650.21,,построить,1037.95,,строение,837.02,,устройство,758.61,,стройный,743.25
,вьюн,1649.23,,вьюнок,1223.35,,юный,1161.12,,юнец,902.09,,юношество,728.90
,торт,1648.17,,тортик,1210.06,,,,,,,,,
,пакет,1648.16,,пакетик,1056.56,,пакетный,8.74,,,,,,
,бусы,1647.94,,бусина,1218.18,,бусинка,1016.47,,,,,,
,колено,1647.35,,коленка,1130.51,,наколенник,313.95,,поколение,63.11,,коленный,40.54
,звезда,1645.59,,звездочка,779.58,,созвездие,760.28,,звездный,521.13,,межзвездный,270.53
,звать,1645.53,,вызвать,1276.65,,вызывать,979.25,,назвать,734.51,,позвать,721.69
,кура,1642.91,,курица,1342.01,,курочка,1033.17,,курятник,826.02,,курок,765.04
,роса,1642.78,,росинка,1007.54,,орошать,507.54,,оросить,506.37,,росистый,406.45
,горб,1642.05,,горбинка,811.56,,сгорбиться,611.78,,сгорбленный,506.34,,горбатый,412.00
,шарф,1641.66,,шарфик,1213.15,,,,,,,,,
,сени,1641.34,,сенцы,1412.12,,сенной,15.06,,,,,,
,борщ,1640.56,,переборщить,1.33,,,,,,,,,
,яхта,1640.52,,яхтсмен,505.81,,,,,,,,,
,сапог,1639.78,,сапожок,1055.03,,сапожище,813.48,,сапожник,438.12,,сапожный,23.99
,бинт,1639.45,,бинтовать,705.24,,забинтовать,508.12,,,,,,
,осел,1639.34,,ослик,1425.45,,ослица,1207.62,,ослиный,4.02,,,
,утюг,1638.05,,утюжить,1006.75,,отутюжить,705.64,,,,,,
,трон,1637.68,,тронный,7.98,,,,,,,,,
,зубр,1636.66,,,,,,,,,,,,
,сова,1636.51,,совенок,1004.95,,совка,707.75,,совиный,504.95,,,
,песок,1636.41,,песочек,1029.61,,пескарь,1021.54,,песчинка,831.46,,песочница,725.13
,зонт,1636.25,,зонтик,1239.92,,,,,,,,,
,роба,1634.65,,робко,19.67,,робкий,16.40,,робеть,10.11,,оробеть,5.69
,нива,1634.40,,,,,,,,,,,,
,краб,1634.29,,крабовый,404.72,,крабовидный,253.41,,,,,,
,трос,1633.94,,тросик,1206.36,,тросовый,4.24,,,,,,
,кнут,1632.80,,,,,,,,,,,,
,парень,1632.59,,парнишка,862.07,,паря,848.69,,парняга,9.62,,,
,кедр,1632.01,,кедрач,608.69,,кедровый,411.22,,кедровник,354.39,,,
,рысь,1631.67,,рысак,715.41,,рысца,708.36,,рыскать,258.12,,,
,лось,1630.08,,лосиха,1206.85,,лосиный,509.33,,,,,,
,лупа,1629.14,,облупить,409.75,,вылупить,407.16,,колупать,405.41,,лупить,315.72
,веер,1628.14,,веерный,6.50,,,,,,,,,
,клен,1627.99,,кленовый,407.33,,,,,,,,,
,овощ,1627.43,,овощи,1484.66,,овощной,534.82,,,,,,
,бант,1626.59,,бантик,1215.89,,,,,,,,,
,лавр,1625.81,,лавровый,411.06,,,,,,,,,
,утес,1625.20,,,,,,,,,,,,
,щепа,1624.65,,щепка,1437.70,,щепочка,1010.89,,щепоть,613.78,,щепотка,515.83
,крот,1624.00,,,,,,,,,,,,
,сумка,1624.00,,сумочка,1081.21,,сума,847.37,,подсумок,412.15,,сумчатый,12.15
,щука,1622.93,,щучий,708.27,,,,,,,,,
,ковш,1622.51,,ковшик,1210.34,,,,,,,,,
,диван,1622.43,,диванчик,837.03,,диванный,20.08,,,,,,
,шаль,1621.78,,,,,,,,,,,,
,иней,1621.47,,заиндеветь,302.68,,заиндевелый,252.65,,заиндевевший,202.12,,,
,гном,1621.35,,гномик,1205.99,,,,,,,,,
,баян,1621.06,,баянист,506.65,,,,,,,,,
,шест,1619.94,,шесток,606.24,,,,,,,,,
,тушь,1619.60,,,,,,,,,,,,
,гиря,1619.50,,гирька,1206.97,,,,,,,,,
,обоз,1619.37,,обозник,503.99,,,,,,,,,
,плед,1619.20,,,,,,,,,,,,
,брус,1619.05,,брусок,1215.27,,брусочек,804.41,,брусчатка,706.10,,,
,изюм,1618.37,,изюминка,8.33,,,,,,,,,
,стог,1618.15,,стожок,1205.56,,,,,,,,,
,интерес,1617.70,,интересный,136.17,,интересно,118.96,,интересовать,104.55,,неинтересный,11.84
,серп,1617.60,,,,,,,,,,,,
,узда,1617.53,,уздцы,1410.52,,уздечка,1010.63,,взнуздать,703.72,,обуздать,409.27
,плуг,1616.80,,,,,,,,,,,,
,сито,1616.80,,ситник,606.30,,ситный,4.20,,,,,,
,рака,1616.63,,ракушка,1022.98,,раковина,832.67,,,,,,
,дыня,1616.40,,,,,,,,,,,,
,омар,1616.00,,,,,,,,,,,,
,барс,1615.60,,,,,,,,,,,,
,пирс,1615.60,,,,,,,,,,,,
,жгут,1615.55,,жгутик,604.76,,,,,,,,,
,ряса,1615.34,,ряска,704.42,,подрясник,353.00,,,,,,
,соха,1614.94,,посох,1421.35,,сохатый,1008.35,,сошка,711.19,,сошник,606.47
,пюре,1614.80,,,,,,,,,,,,
,свая,1614.57,,свайный,3.49,,,,,,,,,
,жезл,1614.00,,,,,,,,,,,,
,ящер,1613.86,,ящерка,1204.65,,ящерица,1011.62,,,,,,
,морж,1612.90,,моржовый,404.73,,,,,,,,,
,горло,1612.52,,горлышко,844.67,,горлица,514.72,,горлопан,410.53,,горловина,375.23
,отел,1611.97,,телка,1427.72,,теленок,1033.26,,телочка,1007.48,,телятина,813.05
,почва,1609.58,,почвенный,11.90,,почвенник,6.25,,напочвенный,5.69,,беспочвенный,1.22
,кола,1609.57,,колье,1407.34,,проколоться,1.31,,,,,,
,капля,1608.25,,накапать,818.67,,капнуть,529.01,,капелька,452.80,,кануть,332.70
,плюш,1607.63,,плюшевый,809.67,,,,,,,,,
,пава,1607.24,,павлин,1209.41,,павлиний,403.84,,,,,,
,сестра,1605.34,,сестричка,738.40,,сестричество,208.67,,сестрица,41.78,,сестринский,6.86
,ролл,1605.00,,,,,,,,,,,,
,озеро,1601.04,,озерко,1220.80,,озерцо,1220.80,,озерный,36.77,,,
,угол,1594.68,,уголок,1460.85,,угловой,604.21,,угольный,512.60,,угловатый,26.82
,океан,1593.85,,океанский,29.46,,океанический,4.30,,,,,,
,офицер,1587.28,,офицерский,675.62,,офицерик,18.36,,офицерство,9.32,,,
,горячий,1585.19,,гореть,910.42,,загорелый,472.75,,загореться,422.86,,горький,417.20
,ствол,1584.93,,стволик,514.54,,подствольный,204.75,,стволовой,8.31,,ствольный,6.57
,стекло,1581.00,,стеклышко,734.66,,стекляшка,731.77,,стеклянный,707.11,,застеклить,637.58
,охота,1574.91,,охотник,1011.85,,хотеть,932.16,,хотеться,333.39,,охотничий,243.26
,клетка,1573.73,,клетушка,827.14,,клеть,745.62,,клеточка,455.81,,клетчатый,403.50
,смех,1571.60,,смеяться,885.01,,засмеяться,557.11,,усмехнуться,457.04,,смешной,414.08
,метла,1569.20,,предмет,1080.17,,заметать,504.99,,метнуться,443.02,,предметный,403.69
,шапка,1562.66,,шапочка,1061.84,,шапчонка,810.32,,шапочный,5.65,,,
,крупа,1558.37,,крупинка,855.96,,крупный,639.48,,крупица,576.38,,крупнейший,179.20
,мягкий,1555.73,,мякиш,1506.71,,мякоть,1286.43,,мягко,967.92,,смягчить,464.16
,ложка,1555.12,,ложечка,1049.24,,,,,,,,,
,лампа,1554.48,,лампочка,870.52,,лампадка,415.14,,ламповый,5.86,,,
,майка,1553.72,,май,499.26,,майский,91.69,,,,,,
,плита,1552.50,,плитка,1272.58,,плиточный,4.84,,,,,,
,уголь,1551.46,,угольщик,414.19,,обуглить,210.57,,обуглиться,154.69,,угольный,54.94
,воин,1549.59,,военный,1416.19,,война,962.74,,войско,856.17,,воевода,750.21
,палка,1548.34,,палица,1217.17,,палочка,1084.86,,,,,,
,маска,1547.24,,маскхалат,711.24,,маскировка,322.34,,маскировать,266.06,,маскарадный,257.51
,икона,1547.11,,иконка,1230.37,,иконный,6.76,,,,,,
,колесо,1545.14,,кольцо,1521.90,,коляска,1142.54,,колечко,1087.29,,колесница,739.25
,глухо,1544.19,,оглушить,859.18,,глухой,822.13,,заглушить,752.57,,наглухо,532.44
,метр,1540.88,,метровый,482.40,,микрометр,373.39,,метраж,54.30,,метрика,29.73
,столб,1540.81,,столбик,1045.53,,столбец,30.47,,остолбенеть,8.23,,столбовой,6.46
,халат,1538.38,,халатик,1034.51,,халатный,2.08,,халатность,0.96,,,
,лента,1537.99,,ленточка,829.13,,ленточный,15.87,,,,,,
,ангел,1537.59,,ангелочек,362.09,,ангельский,10.23,,,,,,
,брюки,1537.19,,брючки,1224.39,,брючина,512.44,,брючный,11.07,,,
,скала,1535.89,,скалистый,370.52,,оскал,183.89,,скалиться,183.23,,скалить,131.19
,шляпа,1534.84,,шляпка,1256.59,,шляпный,5.82,,прошляпить,1.75,,,
,штаны,1534.67,,штанишки,820.15,,штанина,531.28,,подштанники,508.91,,,
,сопка,1531.89,,сыпать,706.77,,насыпь,701.80,,россыпь,584.83,,высыпать,476.88
,золото,1530.23,,злато,1443.00,,золотой,907.94,,златой,641.79,,позолота,449.14
,шоссе,1529.66,,шоссейный,6.13,,,,,,,,,
,сосна,1529.38,,сосенка,1022.60,,сосняк,629.29,,сосновый,445.50,,,
,врач,1529.03,,врачиха,279.99,,врачевать,28.68,,врачебный,27.64,,врачеватель,12.24
,далекий,1528.37,,далеко,661.24,,вдали,510.24,,далее,454.32,,дальний,370.70
,густо,1526.33,,густой,798.12,,густеть,32.24,,сгусток,24.62,,густота,20.81
,котел,1524.96,,котелок,1057.80,,котловина,714.85,,котлован,414.34,,котельная,387.64
,пламя,1524.37,,пламень,516.36,,пламенеть,364.02,,воспламенить,102.31,,воспламенять,102.07
,зерно,1524.26,,зернышко,820.40,,зерновые,417.78,,зерновой,13.98,,зернистый,11.84
,блюдо,1524.00,,блюдце,1243.74,,блюдечко,823.69,,,,,,
,ковер,1523.64,,коврик,1251.99,,ковровый,14.25,,коверный,6.17,,,
,степь,1523.41,,степняк,513.56,,степной,24.84,,степ,23.19,,,
,ванна,1521.53,,ванная,1313.67,,ванночка,819.30,,ванный,24.58,,,
,ведро,1520.40,,,,,,,,,,,,
,церковь,1518.67,,церка,852.72,,церковка,831.05,,церквушка,730.98,,церква,641.66
,медик,1518.38,,медный,137.34,,медь,32.44,,медяк,6.69,,,
,остров,1518.26,,островок,868.59,,островитянин,210.29,,островной,28.78,,,
,сушка,1516.59,,сухарь,1324.55,,сухой,1189.95,,суша,991.42,,сушить,716.62
,папка,1514.92,,,,,,,,,,,,
,платье,1514.04,,платок,1447.65,,платочек,873.10,,платьице,850.03,,полотенце,803.04
,отель,1513.91,,отельный,3.64,,,,,,,,,
,пешка,1513.22,,пешком,773.61,,пехота,739.68,,пехом,727.07,,пехотинец,397.36
,газ,1511.45,,газировка,731.74,,газануть,420.95,,газированный,218.64,,газовый,198.54
,зуб,1511.14,,зубчик,1252.14,,зубило,1239.67,,зубной,667.67,,зубец,392.45
,принц,1510.92,,принцесса,744.13,,,,,,,,,
,касса,1510.28,,кассир,40.31,,кассирша,26.87,,кассовый,6.81,,кассационный,5.64
,такси,1507.10,,,,,,,,,,,,
,кукла,1506.65,,куколка,1033.18,,кукольный,373.23,,кукольник,10.06,,,
,рюмка,1506.14,,рюмочка,1031.23,,рюмашка,1009.11,,рюмочная,203.64,,,
,площадь,1504.17,,площадка,140.62,,плоский,112.85,,уплощенный,79.86,,плоскость,32.75
,венец,1503.05,,вена,985.05,,веник,792.29,,венчать,550.95,,венчание,440.32
,ладонь,1501.42,,ладоши,1276.04,,ладошка,1080.83,,ладонный,8.73,,,
,кисть,1500.83,,кисточка,825.22,,киста,179.13,,,,,,
,тропа,1499.11,,тропка,1241.70,,тропинка,854.72,,тропик,627.97,,троп,8.79
,бочка,1498.71,,бочонок,1022.87,,бочковый,7.73,,,,,,
,дрова,1497.37,,дровни,1211.62,,дровишки,811.49,,дровосек,809.80,,дровяной,14.70
,пресс,1496.96,,прессовать,312.96,,спрессовать,266.32,,пресса,222.28,,прессование,10.80
,якорь,1496.91,,якорный,26.16,,,,,,,,,
,топор,1496.81,,топорик,1021.65,,топорище,809.80,,топорный,2.45,,топорно,1.08
,лагерь,1496.17,,лагерный,86.49,,лагерник,15.20,,,,,,
,ягода,1495.92,,ягодка,1226.06,,ягодица,531.69,,ягодный,19.21,,ягодичный,3.17
,кубок,1495.40,,куб,961.06,,кубарь,612.06,,кубарем,516.20,,кубышка,514.21
,забота,1494.98,,озаботить,776.95,,заботиться,698.89,,заботливый,652.27,,позаботиться,443.24
,победа,1492.77,,победить,788.75,,победитель,539.52,,бедный,367.40,,беда,230.51
,лист,1492.51,,листок,1447.61,,листва,1372.65,,листик,1298.61,,листочек,898.85
,глина,1492.06,,суглинок,413.43,,глиняный,38.78,,глинистый,21.19,,суглинистый,2.71
,связать,1491.98,,повязка,1247.84,,связь,1020.64,,связка,976.20,,связывать,667.54
,койка,1491.87,,коечка,610.92,,,,,,,,,
,шахта,1491.62,,шахтер,649.12,,шахтный,10.42,,шахтерский,6.40,,,
,бокал,1491.35,,,,,,,,,,,,
,бедро,1490.97,,бедренный,360.92,,набедренный,256.59,,,,,,
,русский,1490.57,,по-русски,252.23,,рус,52.10,,русич,40.52,,русак,25.83
,долина,1489.11,,подол,919.45,,длинный,722.79,,длина,319.19,,длиться,152.02
,туфля,1488.24,,туфелька,821.46,,,,,,,,,
,фрукт,1486.69,,фруктовый,372.84,,,,,,,,,
,телефон,1486.63,,телефончик,625.70,,телефонист,328.51,,телефонный,164.56,,,
,дума,1485.41,,думать,827.91,,подумать,356.73,,придумать,347.70,,задуматься,212.13
,пирог,1484.43,,пирожок,1051.96,,пирожное,832.29,,,,,,
,ручей,1484.40,,ручеек,1238.40,,,,,,,,,
,лошадь,1482.36,,лошадка,1073.99,,лошак,712.95,,лошадиный,81.07,,безлошадный,2.31
,ребро,1481.68,,ребрышко,807.09,,ребристый,361.76,,реберный,7.09,,межреберный,2.43
,искра,1480.15,,искорка,1024.95,,искриться,720.32,,искрить,511.32,,заискриться,505.24
,букет,1476.49,,букетик,1020.19,,,,,,,,,
,парта,1475.41,,партбилет,367.61,,партбюро,8.56,,партсобрание,3.49,,партаппарат,2.34
,корень,1474.57,,коренья,1044.41,,кореш,775.09,,корневище,731.09,,корешок,571.96
,щенок,1474.36,,щенячий,509.72,,,,,,,,,
,мокрый,1473.41,,мочалка,1043.16,,моча,875.44,,смочить,551.24,,мочить,334.48
,рычаг,1469.89,,рычажок,1017.03,,,,,,,,,
,рояль,1468.95,,,,,,,,,,,,
,алмаз,1467.69,,алмазный,421.38,,,,,,,,,
,стопа,1465.90,,стопка,1258.15,,стопочка,813.93,,стопарь,254.35,,стоп,26.97
,висок,1465.74,,височный,411.20,,,,,,,,,
,парус,1465.44,,парусник,816.05,,парусный,415.47,,парусина,408.58,,парусиновый,7.58
,ладья,1464.18,,лодочка,1035.65,,лодка,945.47,,лодчонка,812.51,,лодочник,427.40
,трусы,1463.30,,трусики,1027.18,,,,,,,,,
,почка,1462.68,,почечный,412.90,,надпочечник,255.56,,,,,,
,багаж,1461.70,,багажник,432.67,,багажный,15.77,,,,,,
,рельс,1461.64,,рельсовый,359.89,,,,,,,,,
,чайка,1461.60,,,,,,,,,,,,
,катер,1460.37,,катерок,1007.40,,,,,,,,,
,купол,1460.20,,,,,,,,,,,,
,качать,1459.14,,прокат,1405.56,,кататься,996.81,,покатиться,699.52,,катание,666.65
,салат,1458.60,,салатик,1009.54,,салатница,355.78,,салатовый,355.28,,салатный,8.09
,чешуя,1458.48,,чеснок,1272.18,,расческа,828.11,,чесать,659.11,,почесать,443.04
,кроха,1457.27,,крошка,689.07,,крошить,527.10,,крошево,520.20,,крохотный,415.88
,овраг,1457.02,,овражек,1010.25,,,,,,,,,
,кубик,1457.01,,кубический,22.77,,кубинец,14.76,,кубизм,3.01,,кубатура,1.64
,брюхо,1456.44,,брюхатый,806.97,,брюшина,256.75,,брюшко,38.85,,брюшной,26.43
,перец,1456.26,,перчик,1208.75,,поперчить,356.85,,перечный,5.22,,,
,будка,1455.98,,будочка,1009.06,,,,,,,,,
,лимон,1455.90,,лимонад,1020.55,,лимончик,807.23,,лимонный,422.10,,лимонка,255.22
,костюм,1454.90,,костюмчик,731.72,,костюмерный,257.45,,костюмер,16.86,,костюмерша,11.83
,фасад,1453.00,,фасадный,3.75,,,,,,,,,
,щетка,1450.82,,щетинка,1016.72,,щеточка,1013.16,,щетина,616.24,,щетинистый,153.10
,штора,1449.61,,шторка,1218.31,,зашторить,358.63,,,,,,
,кепка,1449.15,,кепочка,1013.16,,кеп,28.73,,,,,,
,газон,1448.73,,газонный,5.96,,,,,,,,,
,предел,1448.33,,раздел,913.09,,отделение,738.66,,определять,652.16,,делить,632.44
,каюта,1447.77,,,,,,,,,,,,
,киоск,1446.90,,,,,,,,,,,,
,дядик,1446.62,,дядя,1284.54,,дядюшка,1082.10,,дядечка,1035.77,,дяденька,848.45
,пчела,1446.31,,пчелка,1221.06,,пчелиный,12.23,,,,,,
,сунуть,1444.53,,совать,1337.91,,засунуть,889.47,,высунуть,862.50,,высунуться,658.81
,миска,1443.39,,мисочка,1006.90,,,,,,,,,
,чулок,1443.38,,чулочек,1008.00,,,,,,,,,
,молот,1442.87,,молоток,543.31,,молотить,417.32,,молоточек,360.54,,молотилка,3.04
,копье,1442.15,,копчик,612.51,,копирование,3.76,,подкопить,2.11,,,
,камин,1441.74,,каминный,8.73,,,,,,,,,
,сквер,1441.52,,скверик,1015.58,,,,,,,,,
,астра,1440.71,,астрономия,11.32,,,,,,,,,
,вишня,1440.67,,вишенка,1006.71,,вишневый,426.97,,,,,,
,ракета,1439.47,,ракетница,715.75,,ракетчик,426.25,,ракетный,95.91,,,
,орудие,1439.46,,сооружение,125.75,,соорудить,77.30,,оборудование,67.12,,орудийный,39.82
,пульт,1439.20,,,,,,,,,,,,
,груша,1439.14,,грушевый,405.32,,,,,,,,,
,шишка,1438.99,,шишечка,1008.62,,шишковатый,303.45,,шиш,12.93,,,
,кофта,1437.99,,кофточка,821.57,,,,,,,,,
,тиски,1437.74,,оттиск,633.61,,тискать,525.85,,стиснуть,221.67,,втиснуть,211.61
,смола,1437.12,,смоляной,410.39,,смолистый,357.42,,просмолить,304.11,,смоль,9.59
,канат,1436.97,,канатик,1007.87,,канатный,9.71,,,,,,
,стакан,1436.82,,стаканчик,747.48,,подстаканник,211.33,,,,,,
,вилла,1436.40,,,,,,,,,,,,
,спица,1436.31,,спичка,1273.91,,спичечный,17.12,,спич,9.78,,приспичить,2.90
,козий,1436.24,,коза,841.67,,козлы,357.58,,козлик,309.19,,козявка,257.09
,прядь,1435.24,,прядка,1212.98,,прялка,1212.43,,пряжа,720.03,,прясть,610.60
,горох,1434.86,,горошек,1019.19,,горошина,811.94,,горошинка,704.36,,гороховый,361.11
,весло,1434.65,,,,,,,,,,,,
,рубин,1434.35,,рубиновый,357.46,,,,,,,,,
,арбуз,1433.88,,арбузный,407.03,,,,,,,,,
,лилия,1433.06,,лиловатый,353.85,,,,,,,,,
,факел,1432.89,,факельный,353.43,,,,,,,,,
,кудри,1432.21,,кудрявый,421.92,,кудряшка,411.37,,,,,,
,шланг,1432.20,,,,,,,,,,,,
,бухта,1431.27,,бухточка,804.36,,,,,,,,,
,сокол,1430.56,,соколик,1004.82,,соколиный,354.47,,,,,,
,робот,1430.45,,,,,,,,,,,,
,тумба,1430.25,,тумбочка,828.35,,,,,,,,,
,глыба,1429.75,,,,,,,,,,,,
,булка,1429.40,,булочка,1020.78,,булочная,415.14,,булочник,405.94,,,
,бабушка,1429.18,,бабуля,1308.28,,бабуся,1295.49,,бабочка,1196.32,,баба,706.64
,грива,1428.83,,гривка,1208.31,,гривна,613.99,,загривок,411.97,,гривенник,357.14
,каска,1428.35,,,,,,,,,,,,
,лютик,1428.15,,лютый,4.68,,лютовать,1.82,,люто,1.21,,,
,баржа,1428.00,,,,,,,,,,,,
,банан,1427.73,,банановый,355.85,,,,,,,,,
,галка,1427.44,,галочка,1019.97,,галчонок,806.09,,,,,,
,капот,1426.25,,,,,,,,,,,,
,герой,1425.94,,героиня,673.92,,героический,73.53,,героизм,44.00,,героически,35.53
,лирик,1425.81,,лирика,621.86,,лиризм,606.83,,лирически,355.63,,лиричный,205.09
,легкий,1425.34,,легко,212.78,,легчайший,8.88,,,,,,
,парик,1425.20,,,,,,,,,,,,
,жилет,1425.12,,жилетка,1012.69,,,,,,,,,
,осина,1424.73,,осинка,607.20,,осинник,507.35,,подосиновик,503.46,,осиновый,408.98
,атлас,1424.72,,атласный,409.81,,,,,,,,,
,пупок,1424.45,,пупочка,1006.68,,пуп,924.54,,пуповина,808.16,,пупырь,604.91
,сучок,1424.40,,сук,919.28,,суковатый,177.08,,,,,,
,чехол,1423.36,,чехлик,605.13,,зачехлить,354.23,,,,,,
,слива,1422.78,,сливовый,404.96,,,,,,,,,
,мачта,1422.75,,,,,,,,,,,,
,тахта,1422.75,,,,,,,,,,,,
,филин,1422.05,,,,,,,,,,,,
,челка,1422.01,,чело,836.33,,,,,,,,,
,бубен,1421.65,,бубна,1411.37,,бубенец,1009.08,,бубенчик,808.28,,бубнить,259.63
,кабан,1421.01,,кабанчик,804.95,,кабаний,5.05,,,,,,
,линза,1421.00,,,,,,,,,,,,
,шорты,1420.93,,шортики,1004.03,,,,,,,,,
,кефир,1420.65,,,,,,,,,,,,
,хорек,1420.65,,,,,,,,,,,,
,камыш,1420.38,,камышовый,354.64,,,,,,,,,
,амбар,1420.35,,амбарный,7.43,,,,,,,,,
,пшено,1420.20,,пшеница,1034.68,,пшенный,512.72,,пшеничный,366.66,,,
,гайка,1420.19,,гаечный,6.93,,,,,,,,,
,шатер,1419.74,,шатровый,404.10,,,,,,,,,
,шпага,1419.60,,,,,,,,,,,,
,батон,1419.57,,батончик,803.76,,,,,,,,,
,шалаш,1419.57,,шалашик,1004.70,,,,,,,,,
,сучий,1419.14,,,,,,,,,,,,
,тыква,1418.85,,тыквенный,353.77,,,,,,,,,
,ширма,1418.55,,,,,,,,,,,,
,томат,1418.39,,томатный,408.95,,,,,,,,,
,кочан,1418.25,,кочка,714.86,,кочерыжка,352.50,,кочковатый,151.75,,коченеть,101.65
,комод,1418.20,,,,,,,,,,,,
,щипцы,1418.19,,щипчики,1007.50,,отщипнуть,355.25,,щипать,311.62,,ущипнуть,205.20
,фляга,1417.69,,фляжка,1215.80,,,,,,,,,
,паром,1417.53,,паромщик,403.70,,паромный,3.99,,,,,,
,колос,1417.49,,колосок,1006.93,,колосник,404.80,,колоситься,302.40,,,
,железо,1417.45,,железка,1071.88,,железный,668.76,,железняк,419.17,,железяка,419.17
,рулон,1417.02,,рулончик,803.32,,рулонный,3.92,,,,,,
,лапша,1416.80,,,,,,,,,,,,
,шайба,1416.80,,,,,,,,,,,,
,бутон,1416.10,,,,,,,,,,,,
,укроп,1416.10,,,,,,,,,,,,
,фужер,1415.75,,,,,,,,,,,,
,ярлык,1415.55,,ярлычок,1003.83,,,,,,,,,
,жердь,1415.14,,жердина,1004.42,,жердочка,804.56,,,,,,
,тулуп,1415.01,,тулупчик,803.32,,,,,,,,,
,вожжа,1414.70,,,,,,,,,,,,
,дрозд,1414.20,,дроздовский,2.85,,,,,,,,,
,ангар,1414.04,,ангарский,0.98,,,,,,,,,
,варить,1413.71,,сварить,1125.28,,варенье,1118.17,,повар,867.98,,отвар,793.27
,сифон,1413.65,,,,,,,,,,,,
,тюбик,1413.65,,,,,,,,,,,,
,бок,1413.60,,вбок,911.30,,набок,824.35,,бочок,778.64,,обочина,624.35
,кулек,1413.59,,кулечек,1004.77,,куль,811.54,,,,,,
,бисер,1413.57,,бисеринка,702.40,,бисерный,404.55,,,,,,
,фильм,1413.56,,,,,,,,,,,,
,ликер,1413.49,,,,,,,,,,,,
,багор,1413.38,,,,,,,,,,,,
,лямка,1413.30,,,,,,,,,,,,
,кулик,1413.23,,куличок,1004.58,,,,,,,,,
,хобот,1413.23,,хоботок,1004.58,,,,,,,,,
,окунь,1413.10,,окунек,1204.24,,,,,,,,,
,жетон,1413.07,,жетончик,803.39,,,,,,,,,
,блуза,1413.03,,блузка,1220.22,,,,,,,,,
,дамба,1412.95,,,,,,,,,,,,
,пицца,1412.87,,пиццерия,803.62,,,,,,,,,
,кадка,1412.83,,кадушка,1005.12,,,,,,,,,
,бидон,1412.74,,бидончик,802.79,,,,,,,,,
,лотос,1412.60,,,,,,,,,,,,
,терем,1412.42,,теремок,1005.61,,,,,,,,,
,марля,1412.14,,марлевый,405.08,,,,,,,,,
,клещи,1411.92,,клещ,409.20,,клещевина,353.77,,клещевой,2.90,,,
,колба,1411.85,,колбочка,802.98,,,,,,,,,
,бобер,1411.70,,бобрик,604.40,,бобровый,404.54,,,,,,
,медок,1411.29,,мед,998.69,,медуница,411.63,,медовуха,407.21,,медовый,29.35
,казан,1411.20,,казанка,1005.66,,казанский,5.12,,казанец,4.24,,,
,облако,1410.78,,облачко,1063.39,,оболочка,512.58,,облачить,438.33,,облачение,378.44
,калач,1410.64,,калачик,1007.95,,,,,,,,,
,цапля,1410.50,,цапнуть,253.14,,сцапать,252.78,,,,,,
,осетр,1410.29,,осетрина,806.50,,осетровый,353.43,,,,,,
,резко,1410.11,,разрез,848.62,,нарезать,485.01,,врезаться,482.65,,срезать,340.59
,репка,1410.10,,репа,816.32,,репчатый,8.00,,,,,,
,появиться,1409.88,,заявление,858.77,,появляться,766.12,,появление,746.09,,заявить,728.58
,киска,1409.68,,киса,817.14,,,,,,,,,
,бляха,1409.40,,бляшка,1208.06,,,,,,,,,
,ольха,1409.15,,ольховый,403.60,,ольшаник,403.39,,,,,,
,ларец,1408.78,,ларь,808.77,,ларчик,604.83,,,,,,
,редис,1408.36,,редиска,1007.39,,,,,,,,,
,олива,1408.22,,оливка,1209.65,,оливковый,359.86,,,,,,
,квартира,1406.19,,квартирка,785.73,,квартирный,365.29,,квартирант,333.72,,квартировать,20.26
,ершик,1405.60,,ерш,913.94,,ерошить,505.29,,взъерошить,307.40,,,
,манка,1404.95,,манна,7.00,,,,,,,,,
,тяпка,1404.70,,тяпнуть,252.37,,оттяпать,201.59,,,,,,
,сивка,1404.37,,сивый,709.53,,сивуха,151.55,,сивушный,0.70,,,
,карта,1399.68,,картина,1167.80,,картинный,756.64,,картинка,637.36,,картирование,419.70
,яблоко,1391.27,,яблоня,1283.50,,яблочко,1044.87,,яблонька,815.67,,яблочник,27.69
,магазин,1380.05,,магазинный,629.12,,магазинчик,343.27,,,,,,
,актер,1378.91,,акт,869.83,,активно,82.21,,актуальный,40.06,,актовый,39.26
,кабинет,1375.97,,кабинетик,727.32,,кабинетный,27.46,,,,,,
,правый,1375.81,,право,1188.47,,направить,1160.06,,направление,1058.09,,справка,993.53
,посуда,1375.39,,судно,911.06,,сосуд,887.92,,судок,725.86,,сосудик,516.52
,сторож,1374.22,,страж,834.44,,стража,781.33,,осторожно,55.94,,осторожный,28.29
,немец,1362.49,,немка,836.91,,немой,455.55,,немецкий,188.90,,онеметь,48.90
,прыжок,1360.82,,прыгать,1181.90,,прыгнуть,899.77,,спрыгнуть,768.06,,запрыгать,743.04
,охрана,1358.80,,храниться,612.63,,похоронить,491.67,,сохранить,381.58,,сохранять,295.09
,деревня,1357.65,,деревушка,747.48,,деревенский,335.20,,деревенька,334.32,,деревенщик,314.86
,борода,1356.46,,бородка,1062.14,,бороденка,717.76,,подбородок,670.98,,бородач,540.77
,служба,1355.97,,услуга,1079.77,,служить,906.29,,служащий,281.17,,заслуга,203.16
,корова,1350.00,,коровка,1027.06,,коровник,825.00,,коровенка,708.27,,коровий,41.76
,пальто,1349.65,,пальтецо,810.12,,пальтишко,718.15,,,,,,
,костер,1348.29,,костерок,821.64,,костерить,2.42,,,,,,
,история,1341.44,,исторический,245.41,,историк,193.90,,исторически,26.75,,историчка,17.26
,везти,1339.54,,повезти,1009.65,,возить,990.09,,увезти,967.29,,привезти,882.71
,сугроб,1339.21,,погреб,718.19,,грести,699.76,,гребень,612.83,,гроб,498.49
,тянуть,1338.11,,протянуть,813.26,,тянуться,778.83,,вытянуть,727.27,,потянуться,533.41
,кожа,1336.68,,кожура,1267.73,,кожаный,1178.76,,подкожный,734.76,,кожный,666.62
,локоть,1336.10,,локоток,524.66,,подлокотник,267.20,,облокотиться,12.39,,локтевой,11.09
,тайник,1333.09,,тайна,267.28,,затаиться,214.59,,тайный,173.18,,таиться,69.26
,куртка,1330.85,,курточка,831.66,,,,,,,,,
,среда,1330.23,,средство,607.57,,середина,598.23,,средний,530.11,,посредник,201.73
,кино,1326.66,,киношник,33.41,,,,,,,,,
,голубь,1322.50,,голубка,1040.91,,голубой,733.21,,голубоватый,280.21,,голубенький,266.32
,косить,1321.95,,скосить,587.18,,косой,152.01,,косо,66.07,,покоситься,34.91
,копать,1317.75,,копыто,1306.01,,окоп,882.84,,вкопать,549.80,,выкопать,448.79
,лед,1316.40,,ледник,1276.93,,ледовый,1070.47,,леденец,1046.27,,льдина,686.73
,фонарь,1316.07,,фонарик,1053.59,,фонарный,9.77,,офонареть,1.87,,,
,острие,1316.00,,острый,1019.71,,заостренный,294.05,,остро,238.57,,острота,67.82
,туалет,1314.36,,туалетный,14.13,,,,,,,,,
,пиджак,1314.30,,,,,,,,,,,,
,кирпич,1306.74,,кирпичик,821.38,,кирпичный,395.97,,,,,,
,вал,1306.11,,подвал,791.16,,валить,427.91,,свалить,350.75,,валяться,321.60
,кабина,1303.71,,кабинка,1032.97,,,,,,,,,
,дитя,1303.20,,детка,850.75,,детина,701.10,,детишки,649.93,,детский,618.76
,корабль,1303.03,,кораблик,851.11,,корабельный,43.56,,корабел,18.07,,,
,кнопка,1299.00,,,,,,,,,,,,
,царь,1297.52,,царица,743.19,,царевич,575.47,,царский,212.85,,царство,201.28
,медаль,1297.35,,медалька,808.09,,,,,,,,,
,машинка,1295.61,,машин,779.48,,машинально,727.45,,машинный,523.92,,машина,198.79
,ключик,1293.72,,,,,,,,,,,,
,ремень,1293.63,,ремешок,1030.36,,ременный,6.42,,рема,3.70,,,
,документ,1290.78,,документик,620.45,,документация,33.39,,,,,,
,балкон,1289.98,,балкончик,711.69,,балконный,7.49,,,,,,
,молния,1289.92,,,,,,,,,,,,
,клубок,1288.92,,клубника,848.22,,клубничка,716.64,,клубень,546.69,,клуб,461.43
,гвоздь,1287.93,,гвоздика,826.11,,гвоздик,525.80,,гвоздить,408.43,,пригвоздить,129.41
,береза,1286.44,,березка,1042.60,,березняк,417.63,,подберезовик,408.34,,березовый,35.21
,коридор,1283.43,,коридорчик,625.03,,коридорный,11.71,,,,,,
,бутыль,1282.94,,бутылка,816.07,,бутылочка,759.26,,бутылочный,322.85,,собутыльник,137.00
,кружка,1280.39,,кружечка,2.33,,,,,,,,,
,мера,1279.54,,мерка,1142.45,,пример,807.31,,размер,783.07,,например,378.48
,скамья,1279.34,,скамейка,874.54,,скамеечка,725.12,,,,,,
,засечь,1278.17,,отсек,834.12,,пересечь,492.00,,насекомое,440.93,,пересекать,361.37
,лопата,1277.70,,лопаточка,710.76,,лопатка,552.46,,лопатить,408.29,,перелопатить,204.15
,прямой,1276.57,,впрямь,849.96,,упрямый,658.10,,прямо,184.63,,напрямую,40.98
,пейзаж,1275.98,,пейзажный,363.03,,,,,,,,,
,пряжка,1275.51,,напряженный,40.87,,напрячь,37.89,,сопрячь,35.53,,напрячься,35.34
,отпуск,1272.96,,пустить,616.26,,спуститься,615.95,,выпускник,608.33,,спускаться,594.42
,толстый,1271.75,,толща,817.13,,толстушка,371.72,,толстенный,330.74,,толстяк,286.53
,пища,1270.64,,питать,803.80,,воспитать,491.87,,воспитывать,356.59,,пищевой,197.77
,сосать,1268.34,,высасывать,616.74,,засасывать,615.78,,рассосаться,515.42,,сосулька,429.29
,телега,1268.04,,тележка,1043.34,,тележный,9.00,,,,,,
,чувство,1267.02,,чуять,1106.19,,чувствовать,639.63,,чуть,513.15,,сочувствие,208.96
,тень,1266.93,,тенечек,521.25,,тенистый,441.64,,оттенять,433.14,,оттенить,424.04
,институт,1266.89,,институтка,316.45,,институтский,41.91,,,,,,
,карьер,1266.21,,карьера,63.17,,карьерный,15.82,,карьерист,5.00,,карьеризм,1.19
,рыцарь,1265.86,,рыцарский,370.72,,рыцарство,4.63,,,,,,
,огурец,1263.76,,огурчик,1024.44,,огуречный,358.56,,,,,,
,груз,1263.73,,грузчик,1127.18,,грузовик,989.73,,грузить,617.41,,грузовой,538.05
,джинсы,1263.37,,джинса,610.17,,джинсовый,364.78,,,,,,
,плакат,1263.10,,плакатик,808.88,,плакатный,357.32,,,,,,
,фонтан,1260.63,,фонтанчик,711.66,,фонтанный,358.25,,,,,,
,волна,1260.48,,волнистый,405.19,,волновать,82.53,,взволновать,36.95,,волноваться,36.19
,рухнуть,1259.98,,разрушение,746.43,,нарушить,626.39,,нарушение,325.27,,нарушать,205.22
,желток,1259.00,,желтый,887.02,,желчь,377.45,,желтоватый,338.77,,желтенький,320.54
,аптека,1258.17,,аптечка,1021.96,,аптечный,418.40,,аптекарь,412.62,,аптекарский,8.13
,фильтр,1258.00,,фильтрация,317.14,,фильтровать,4.90,,инфильтрация,0.40,,,
,лебедь,1256.61,,лебедка,1020.08,,лебяжий,510.93,,лебединый,366.23,,лебеда,310.11
,магнит,1256.59,,магнитола,714.13,,магнитофон,643.68,,намагнитить,257.46,,магнитный,61.76
,мундир,1256.46,,мундирчик,705.19,,,,,,,,,
,рудник,1254.63,,руда,894.52,,рудный,20.78,,нерудный,2.09,,,
,рюкзак,1253.66,,рюкзачок,810.21,,,,,,,,,
,статуя,1253.56,,,,,,,,,,,,
,каблук,1253.35,,каблучок,815.51,,,,,,,,,
,горшок,1252.52,,горшочек,813.71,,,,,,,,,
,иголка,1248.15,,игла,839.59,,иголочка,815.88,,игольчатый,307.02,,игольный,8.11
,струна,1247.80,,струнка,1013.13,,струнный,412.72,,приструнить,2.54,,,
,свитер,1246.33,,свитерок,807.57,,,,,,,,,
,пальма,1245.80,,пальмовый,359.99,,,,,,,,,
,солома,1245.53,,соломинка,716.54,,соломка,520.99,,соломенный,319.10,,,
,община,1244.97,,общение,930.21,,общий,900.26,,общество,822.52,,вообще,710.63
,хватать,1243.95,,хватить,1173.56,,схватить,602.97,,подхватить,522.42,,схватиться,451.61
,чисто,1243.58,,чистый,783.70,,чистота,780.83,,чистить,713.55,,очистка,700.59
,чердак,1243.24,,чердачный,4.99,,,,,,,,,
,сундук,1241.62,,сундучок,813.37,,,,,,,,,
,купель,1241.00,,окунуть,1039.80,,окунать,1030.28,,купаться,898.00,,окунуться,746.53
,сирень,1240.20,,сиреневый,371.20,,сирена,318.57,,,,,,
,ноздря,1239.13,,ноздреватый,254.36,,,,,,,,,
,область,1238.86,,обладать,254.07,,областной,83.67,,преобладать,53.63,,обладатель,35.61
,удочка,1238.59,,удилище,1011.37,,удить,717.96,,удила,707.59,,уд,458.73
,косица,1238.30,,косичка,1060.10,,космизм,1019.25,,космос,405.37,,макрокосм,363.47
,купюра,1238.10,,,,,,,,,,,,
,кролик,1238.02,,кроличий,9.30,,,,,,,,,
,корона,1237.81,,коронка,514.53,,коронация,357.88,,короновать,307.03,,коронный,12.74
,бульон,1236.60,,,,,,,,,,,,
,шкурка,1235.14,,шкура,746.04,,шкурный,3.02,,,,,,
,жвачка,1234.72,,жевать,677.21,,сжевать,514.27,,пожевать,423.46,,прожевать,361.04
,радуга,1234.58,,радужка,507.16,,радужный,421.73,,радужно,1.96,,,
,хребет,1233.60,,,,,,,,,,,,
,малина,1233.09,,малинник,407.35,,малиновый,370.85,,малиновка,355.09,,,
,тополь,1232.80,,тополек,1006.17,,тополиный,7.23,,тополевый,4.32,,,
,грядка,1232.51,,гряда,730.39,,грядущее,2.09,,,,,,
,тундра,1232.31,,тундровый,6.25,,притундровый,1.20,,,,,,
,граф,1232.14,,графиня,623.05,,график,251.84,,графа,153.32,,графический,70.81
,матрас,1230.95,,матрац,1223.47,,матрасик,806.10,,,,,,
,мускул,1230.65,,мускулистый,259.64,,мускулатура,257.22,,мускульный,2.71,,,
,бархат,1230.55,,бархатцы,806.20,,бархотка,406.20,,бархатный,375.78,,бархатистый,256.71
,карета,1230.51,,каретка,507.42,,каретный,5.93,,,,,,
,орешек,1230.24,,орешник,516.43,,ореховый,418.59,,орех,9.98,,,
,шашлык,1230.00,,,,,,,,,,,,
,рябина,1229.77,,рябчик,1217.86,,рябь,832.74,,зарябить,406.28,,рябой,369.03
,люстра,1229.70,,,,,,,,,,,,
,олений,1229.51,,оленина,513.30,,олененок,409.22,,олень,67.16,,,
,пряник,1228.95,,пряный,620.17,,пряничный,354.51,,пряность,11.30,,,
,горсть,1228.64,,горстка,1016.11,,пригоршня,710.33,,горсточка,706.08,,,
,помада,1228.19,,напомадить,303.62,,,,,,,,,
,калина,1227.84,,калинка,1008.62,,,,,,,,,
,плошка,1227.83,,сплошь,46.03,,сплошной,43.21,,,,,,
,колпак,1227.67,,колпачок,810.04,,,,,,,,,
,юг,1227.14,,южанин,646.56,,южный,320.06,,,,,,
,фанера,1227.13,,фанерка,1009.85,,фанерный,20.15,,,,,,
,серьга,1226.99,,сережка,1027.47,,,,,,,,,
,гречка,1226.85,,гречишный,709.36,,грек,115.99,,гречневый,20.50,,греческий,17.41
,клумба,1226.10,,,,,,,,,,,,
,жемчуг,1226.06,,жемчужина,717.56,,жемчужный,361.46,,,,,,
,китель,1225.80,,,,,,,,,,,,
,черпак,1225.29,,черпать,542.47,,зачерпнуть,316.12,,зачерпывать,257.45,,почерпнуть,19.99
,башмак,1224.71,,башмачок,805.60,,,,,,,,,
,сорока,1224.29,,сорочка,1019.71,,,,,,,,,
,лужица,1224.09,,лужа,23.46,,,,,,,,,
,футляр,1224.00,,,,,,,,,,,,
,кувшин,1223.86,,кувшинка,808.18,,кувшинчик,704.47,,,,,,
,мамонт,1223.79,,мамонтенок,603.39,,мамонтовый,303.09,,,,,,
,свекла,1223.79,,свекольный,304.59,,,,,,,,,
,графин,1223.24,,графинчик,706.93,,,,,,,,,
,гранат,1223.24,,граната,524.19,,гранатовый,306.97,,гранатный,177.71,,,
,флакон,1222.17,,флакончик,706.99,,,,,,,,,
,трость,1221.53,,тросточка,707.10,,тростник,410.15,,тростинка,353.55,,тростниковый,2.87
,решето,1221.45,,решетка,581.34,,зарешетить,156.41,,изрешетить,77.27,,решетчатый,15.96
,лапоть,1221.30,,,,,,,,,,,,
,уголек,1221.22,,уголочек,406.03,,уголовка,0.95,,,,,,
,вулкан,1220.65,,,,,,,,,,,,
,баллон,1220.59,,баллончик,705.71,,,,,,,,,
,кобыла,1220.05,,кобылка,1007.28,,кобылица,804.96,,,,,,
,полено,1219.59,,полешко,1004.44,,поленница,707.13,,,,,,
,фургон,1219.34,,фургончик,703.20,,,,,,,,,
,фартук,1219.32,,фартучек,804.36,,,,,,,,,
,галоша,1219.13,,калоша,1215.94,,,,,,,,,
,флейта,1218.56,,флейтист,404.60,,,,,,,,,
,мечеть,1218.30,,,,,,,,,,,,
,лоскут,1218.02,,лоскуток,809.19,,лоскутный,357.87,,,,,,
,карниз,1217.70,,,,,,,,,,,,
,опенок,1217.57,,пень,824.09,,пенек,714.00,,,,,,
,сорока,1217.40,,,,,,,,,,,,
,шлюпка,1217.40,,,,,,,,,,,,
,каштан,1217.14,,каштановый,306.32,,,,,,,,,
,ворот,1216.63,,поворот,1041.31,,возвращаться,326.58,,возвращение,270.41,,возвращать,198.71
,галька,1216.57,,галечный,405.18,,,,,,,,,
,творог,1216.57,,творожок,803.49,,творожный,353.35,,,,,,
,глобус,1216.50,,,,,,,,,,,,
,персик,1216.10,,персиковый,304.02,,,,,,,,,
,лифчик,1215.73,,лиф,907.46,,,,,,,,,
,гильза,1215.60,,,,,,,,,,,,
,буксир,1215.46,,буксировка,302.82,,буксирный,3.80,,,,,,
,штанга,1215.43,,штангист,406.35,,штанговый,3.11,,,,,,
,ровный,1215.38,,уровень,787.99,,равный,431.07,,ровно,381.61,,сравнение,154.31
,елочка,1215.30,,,,,,,,,,,,
,топчан,1215.00,,,,,,,,,,,,
,пижама,1214.83,,пижамный,403.22,,,,,,,,,
,абажур,1214.70,,,,,,,,,,,,
,бушлат,1214.70,,,,,,,,,,,,
,фараон,1214.10,,,,,,,,,,,,
,кактус,1213.80,,,,,,,,,,,,
,слюнки,1213.61,,слюна,725.77,,слюни,711.48,,слюнный,255.13,,слюнить,253.82
,закуска,1212.97,,кушать,858.95,,вкус,781.50,,вкусный,781.46,,закусить,538.41
,фольга,1212.90,,,,,,,,,,,,
,урчать,1212.78,,заурчать,804.92,,урчание,506.15,,,,,,
,клюква,1212.42,,клюквенный,303.93,,,,,,,,,
,акация,1212.30,,,,,,,,,,,,
,мантия,1212.30,,,,,,,,,,,,
,клювик,1212.19,,клев,823.92,,поклевать,356.49,,клевать,266.97,,проклюнуться,205.50
,фиалка,1212.10,,фиалковый,353.07,,,,,,,,,
,пенсне,1212.00,,,,,,,,,,,,
,призма,1211.83,,,,,,,,,,,,
,витраж,1211.64,,витражный,353.25,,,,,,,,,
,соболь,1211.56,,соболий,504.74,,соболиный,352.35,,,,,,
,сервиз,1211.40,,,,,,,,,,,,
,бамбук,1211.34,,бамбуковый,305.99,,,,,,,,,
,ампула,1211.10,,,,,,,,,,,,
,амулет,1211.10,,,,,,,,,,,,
,бампер,1211.10,,,,,,,,,,,,
,гроздь,1211.10,,,,,,,,,,,,
,кортеж,1211.10,,,,,,,,,,,,
,метеор,1211.02,,метеорит,810.56,,метеоритный,252.65,,,,,,
,люлька,1210.96,,,,,,,,,,,,
,страус,1210.95,,страусиный,302.60,,страусовый,302.20,,,,,,
,ананас,1210.80,,,,,,,,,,,,
,бублик,1210.80,,,,,,,,,,,,
,комета,1210.80,,,,,,,,,,,,
,бордюр,1210.78,,бордюрный,2.16,,,,,,,,,
,янтарь,1210.77,,янтарный,408.60,,,,,,,,,
,сканер,1210.44,,сканировать,253.47,,сканирование,2.87,,,,,,
,щебень,1210.26,,щебенка,1004.68,,,,,,,,,
,окорок,1209.95,,окорочок,804.90,,карачки,253.54,,,,,,
,карась,1209.91,,карасик,1005.18,,,,,,,,,
,улитка,1209.86,,улита,5.14,,,,,,,,,
,коралл,1209.43,,коралловый,304.40,,,,,,,,,
,квашня,1208.63,,квас,833.23,,квашеный,411.02,,квасить,254.15,,расквасить,76.25
,зяблик,1208.54,,зябь,809.30,,зябнуть,255.43,,озябнуть,206.15,,зябко,13.49
,тостер,1208.24,,тост,859.39,,,,,,,,,
,ободок,1208.05,,обод,811.87,,,,,,,,,
,сверло,1207.71,,сверлить,404.38,,сверление,352.71,,просверлить,251.75,,,
,болтик,1206.97,,болт,822.13,,,,,,,,,
,тесьма,1206.75,,тесемка,1007.32,,тесемочка,702.19,,,,,,
,кадило,1206.73,,кадить,605.94,,каждодневно,0.70,,,,,,
,булава,1206.68,,булавка,1013.78,,булавочный,2.64,,,,,,
,мотыль,1206.13,,мотылек,1008.01,,,,,,,,,
,портрет,1186.98,,портретный,17.05,,портретист,10.94,,,,,,
,гонка,1180.32,,гнать,281.27,,выгнать,249.57,,загнать,200.83,,прогнать,130.51
,сфера,1180.10,,сферический,5.59,,,,,,,,,
,дама,1179.80,,дамка,743.46,,дамский,36.51,,дамочка,29.18,,,
,жар,1175.85,,жаркий,821.83,,жарить,729.30,,жареный,627.39,,жара,560.48
,отдых,1175.40,,дышать,1030.87,,отдыхать,634.44,,вдыхать,618.38,,отдышаться,364.09
,свойство,1174.85,,осваивать,462.30,,присвоение,376.30,,освоение,95.06,,усвоить,84.03
,француз,1172.86,,француженка,530.23,,французский,201.14,,французик,181.69,,,
,прежний,1169.24,,передний,392.22,,вперед,223.25,,прежде,184.09,,предупредить,174.06
,мозг,1162.88,,размозжить,78.31,,мозговой,25.92,,мозжечок,20.70,,обмозговать,4.78
,вывеска,1159.84,,вешалка,640.44,,вес,319.70,,взвесить,258.06,,повесить,215.25
,готовый,1159.21,,готовить,915.21,,приготовить,478.14,,готовиться,371.51,,подготовка,249.49
,подвиг,1158.34,,двигатель,1126.35,,движение,931.19,,двигаться,836.67,,двинуться,645.57
,доллар,1157.19,,долларовый,35.66,,,,,,,,,
,блок,1156.70,,блокада,142.54,,блокировать,9.74,,блоковый,8.05,,блокадник,6.43
,черный,1155.68,,чернила,669.87,,почернеть,435.27,,чернильный,358.00,,черновой,237.51
,пар,1155.25,,парить,704.60,,испарина,217.17,,парной,74.34,,паровой,67.86
,тетя,1152.06,,тетка,953.27,,тетушка,574.53,,тетечка,521.22,,тетенька,437.33
,потолок,1150.75,,притолока,365.19,,дотла,10.52,,потолочный,7.03,,,
,улыбка,1150.06,,улыбаться,691.78,,улыбнуться,602.92,,улыбочка,467.26,,заулыбаться,306.68
,лезть,1145.41,,лестница,1128.12,,влезть,820.64,,полезть,754.52,,слезть,737.65
,коробка,1145.37,,коробочка,749.51,,коробок,545.02,,короб,26.00,,коробчатый,2.20
,звон,1138.56,,звонок,1049.60,,звонить,960.17,,звенеть,672.95,,зазвонить,437.42
,палатка,1138.39,,палата,857.93,,полати,630.78,,палаточный,19.47,,палатный,7.26
,очень,1127.74,,очень-очень,19.45,,оч-чень,17.39,,о-очень,15.88,,,
,вспышка,1121.45,,пышный,727.98,,пыхать,641.35,,вспыхнуть,433.19,,вспыхивать,355.11
,чемодан,1117.83,,чемоданчик,632.60,,,,,,,,,
,опора,1117.74,,спорить,428.90,,спор,419.05,,соперник,325.47,,запереть,319.12
,шут,1117.39,,шутник,667.09,,шуточка,537.15,,пошутить,499.68,,шуточный,444.73
,существо,1116.47,,суть,373.31,,присутствие,186.74,,существовать,147.18,,сущность,143.50
,затылок,1114.44,,тыл,174.31,,подзатыльник,102.57,,тыловой,21.32,,тыльный,18.46
,фигурка,1110.35,,фигура,946.98,,фигурный,465.43,,фигурист,221.28,,фигурировать,17.76
,тарелка,1106.93,,тарелочка,720.17,,,,,,,,,
,ком,1104.95,,комок,840.49,,комочек,567.19,,скомкать,231.33,,комик,72.24
,кадр,1104.59,,кадровый,44.37,,кадровик,23.99,,раскадровка,7.50,,закадровый,5.51
,штаб,1103.83,,штабной,59.38,,штабист,16.86,,,,,,
,ботинок,1102.51,,ботик,720.53,,ботиночек,712.04,,бот,41.73,,,
,линейка,1099.91,,линия,571.75,,линейный,26.83,,нелинейный,11.20,,разлиновать,10.77
,щит,1097.13,,защищать,1067.40,,защитить,1034.13,,щиток,819.03,,защититься,647.82
,вернуть,1096.57,,вернуться,890.10,,свернуть,717.42,,повернуться,550.02,,развернуть,542.35
,беседка,1095.47,,беседа,378.89,,собеседник,121.85,,беседовать,117.75,,побеседовать,37.47
,вечерок,1094.31,,вчерашний,599.13,,позавчера,472.45,,вчера,471.67,,вечер,382.35
,теплый,1093.60,,теплица,1071.02,,теплушка,849.99,,оттепель,479.04,,тепло,198.44
,скрипка,1092.25,,скрипач,557.30,,скрип,399.01,,скрипеть,231.96,,скрипнуть,192.97
,влажный,1092.03,,влага,798.96,,волглый,256.66,,влажно,29.45,,увлажнять,25.69
,плыть,1090.03,,плавать,745.86,,поплыть,666.06,,всплыть,631.72,,плавание,541.37
,висячий,1089.49,,нависать,495.73,,зависимость,484.84,,свисать,326.71,,повиснуть,243.54
,ползать,1089.20,,поползти,869.79,,ползти,675.19,,выползти,424.22,,выползать,368.41
,веревка,1088.94,,веревочка,726.82,,веревочный,6.86,,,,,,
,сотня,1087.33,,сотка,790.64,,сотник,32.40,,сотенный,20.20,,,
,пружина,1085.60,,пружинка,831.01,,супруг,767.47,,супруга,623.61,,пружинить,373.50
,бассейн,1084.25,,бассейновый,2.82,,,,,,,,,
,медведь,1083.50,,,,,,,,,,,,
,труд,1081.94,,сотрудник,650.78,,трудиться,310.73,,трудовой,253.74,,трудящийся,182.74
,колбаса,1081.33,,колбаска,820.58,,колбасный,13.82,,колбасить,3.40,,,
,дым,1080.62,,дымок,800.35,,дымка,791.97,,дымчатый,430.34,,вздымать,428.86
,асфальт,1080.35,,асфальтовый,15.44,,,,,,,,,
,техника,1079.90,,технический,531.95,,техник,172.30,,технарь,30.03,,сантехника,19.86
,бар,1079.50,,барин,774.48,,барыня,644.53,,барышня,570.79,,барский,21.20
,трамвай,1079.07,,трамвайчик,608.49,,трамвайный,22.99,,,,,,
,невеста,1076.93,,разведчик,680.26,,повесть,648.07,,известный,601.30,,разведка,556.59
,пластик,1076.03,,пласт,878.85,,пластина,859.46,,пластинка,832.58,,пластмасса,636.27
,отблеск,1075.47,,блеск,941.20,,блестеть,933.34,,блистать,873.73,,блестящий,835.51
,цех,1074.77,,цеховик,509.97,,цеховой,9.66,,,,,,
,колонка,1074.10,,колоннада,719.24,,колонна,644.76,,колония,49.04,,колонный,29.50
,тетрадь,1073.72,,тетрадка,841.26,,тетрадочка,607.63,,тетрадный,362.14,,,
,хор,1071.13,,хорист,613.62,,хормейстер,306.81,,,,,,
,солдат,1069.58,,солдатик,867.44,,солдатка,426.25,,солдатня,213.13,,солдатский,88.49
,вера,1069.55,,верить,876.46,,проверить,592.16,,верный,591.60,,поверить,419.93
,трактор,1069.04,,тракторист,321.03,,тракторный,17.53,,,,,,
,порошок,1068.28,,пороша,612.64,,прах,448.78,,порох,379.73,,запорошить,310.48
,лавочка,1068.03,,прилавок,862.96,,лавка,836.79,,лавчонка,413.66,,лавочник,19.32
,тема,1067.15,,темный,729.56,,тьма,697.91,,потемки,306.99,,тематика,280.72
,серый,1067.14,,серенький,388.83,,сероватый,376.48,,сереть,35.17,,посереть,13.54
,веточка,1063.92,,ветвистый,722.69,,ветвление,366.91,,ответвление,267.08,,ветка,213.13
,колодец,1061.35,,колодезный,308.59,,,,,,,,,
,дощатый,1061.05,,доска,255.63,,дощечка,12.34,,,,,,
,памятник,1060.84,,памятка,1049.99,,память,161.77,,памятный,59.77,,памятовать,9.68
,ступенька,1060.38,,ступень,1040.04,,ступать,906.30,,наступать,794.67,,выступать,789.78
,колокол,1059.79,,колокольня,625.21,,колокольчик,523.06,,колоколец,358.16,,колокольный,12.13
,тротуар,1058.74,,тротуарный,306.56,,,,,,,,,
,рисунок,1058.40,,рисоваться,646.82,,рисовать,604.35,,зарисовка,395.24,,нарисоваться,216.69
,бульвар,1057.78,,бульварный,312.20,,,,,,,,,
,дырочка,1054.90,,дыра,894.00,,дырка,769.71,,дырявый,272.90,,дырявить,206.48
,конфета,1054.56,,конфетка,418.18,,конфетный,9.84,,,,,,
,гол,1054.47,,голый,847.14,,голенький,720.75,,голень,664.68,,голенище,442.11
,князь,1054.22,,княжна,681.52,,княжич,648.56,,княгиня,592.92,,княжество,36.24
,смена,1053.91,,перемена,517.66,,менять,484.48,,обмен,454.83,,замена,334.48
,витрина,1047.50,,,,,,,,,,,,
,кассета,1046.91,,кассетный,358.13,,,,,,,,,
,калитка,1046.25,,,,,,,,,,,,
,семечко,1045.97,,семя,945.22,,семенить,23.84,,семенной,13.46,,засеменить,11.01
,пылинка,1045.89,,пыль,947.82,,пыльца,659.09,,опыление,420.21,,пылить,317.93
,жать,1045.49,,пожать,989.05,,нажать,864.91,,сжать,492.26,,прижаться,486.08
,всласть,1045.07,,сладко,720.93,,сладкое,545.07,,сладковатый,521.08,,наслаждение,321.70
,доктор,1045.06,,докторша,219.21,,докторишка,156.58,,докторский,51.95,,,
,прощение,1044.89,,прощание,1042.94,,простыня,520.16,,просто,383.97,,простить,283.20
,стадион,1044.00,,,,,,,,,,,,
,молочко,1043.25,,молоко,816.46,,молочница,372.97,,млечный,35.31,,молочный,20.43
,муравей,1043.13,,муравейник,617.61,,муравьиный,311.28,,мурашки,261.09,,мураш,8.23
,ресница,1043.07,,ресничка,808.51,,ресничный,6.23,,,,,,
,опутать,1042.83,,напутать,831.38,,запутанный,167.12,,путать,56.16,,путаться,32.86
,челюсть,1042.75,,,,,,,,,,,,
,свинина,1042.51,,свинья,650.47,,свинка,647.89,,свинарка,409.90,,свинарник,356.42
,буковка,1041.02,,буквально,882.88,,буквальный,654.42,,буквенный,370.31,,буква,85.28
,помидор,1039.97,,помидорчик,604.32,,помидорный,305.11,,,,,,
,свисток,1039.69,,свист,785.71,,свистеть,442.12,,свистнуть,376.65,,засвистеть,316.50
,подкова,1039.63,,кузнечик,836.11,,кузнец,663.51,,ковать,641.37,,кованый,541.71
,воробей,1039.25,,воробушек,706.45,,воробышек,704.56,,воробьиный,7.05,,,
,терраса,1039.09,,терраска,809.21,,,,,,,,,
,цилиндр,1038.93,,цилиндрик,705.97,,цилиндровый,7.18,,,,,,
,шоколад,1038.80,,шоколадка,714.94,,шоколадный,319.82,,,,,,
,спорт,1038.72,,спортивно,715.66,,спортивность,208.00,,спортивный,37.36,,спортсмен,27.90
,фуражка,1038.25,,,,,,,,,,,,
,валенок,1038.00,,,,,,,,,,,,
,стебель,1036.47,,стебелек,810.43,,стеб,6.20,,стеблевой,2.21,,,
,ярмарка,1035.91,,ярмарочный,6.17,,,,,,,,,
,сеточка,1035.04,,сетчатый,435.63,,сетчатка,432.98,,сеть,252.52,,сетка,211.21
,лягушка,1034.94,,ляжка,715.09,,лягушонок,707.92,,лягушачий,357.92,,лягать,304.09
,кошелек,1034.18,,кошель,610.16,,,,,,,,,
,веранда,1033.75,,,,,,,,,,,,
,тушенка,1033.37,,тушить,643.54,,тушеный,518.82,,потушить,426.70,,потухнуть,184.80
,блокнот,1033.35,,блокнотик,706.84,,,,,,,,,
,рай,1033.20,,райский,20.14,,,,,,,,,
,табурет,1032.11,,табуретка,731.79,,табуреточка,504.97,,,,,,
,парашют,1031.17,,парашютист,310.46,,парашютный,3.99,,,,,,
,комбайн,1030.59,,комбайнер,356.57,,,,,,,,,
,колледж,1030.50,,,,,,,,,,,,
,верблюд,1029.93,,верблюжий,7.92,,,,,,,,,
,котлета,1029.58,,котлетка,808.06,,,,,,,,,
,лопасть,1028.75,,,,,,,,,,,,
,морковь,1028.63,,морковка,817.26,,морковный,357.08,,,,,,
,привет,1028.51,,ответить,974.97,,советский,867.37,,ответ,719.26,,совет,694.52
,низкий,1027.94,,внизу,318.37,,вниз,271.24,,нижний,185.13,,снижать,142.95
,коттедж,1027.54,,коттеджный,3.37,,,,,,,,,
,попугай,1027.16,,попугайчик,606.91,,,,,,,,,
,гармонь,1027.04,,гармонист,363.89,,гармоника,363.38,,гармония,31.10,,гармоничный,9.56
,спираль,1026.58,,спиральный,308.02,,,,,,,,,
,стук,1026.13,,стучать,674.20,,постучать,438.25,,застучать,397.86,,стучаться,394.24
,козырек,1025.97,,бескозырка,605.86,,козырнуть,358.37,,козырять,3.90,,,
,клавиша,1025.87,,клавишный,4.03,,,,,,,,,
,воронка,1025.80,,воронок,506.89,,,,,,,,,
,ось,1023.79,,оселок,611.26,,осевой,12.27,,,,,,
,тапочка,1023.50,,,,,,,,,,,,
,воротца,1022.26,,врата,771.75,,ворота,702.78,,подворотня,635.09,,вратарь,548.77
,музей,1022.19,,музейный,29.11,,,,,,,,,
,авто,1021.86,,автомат,913.41,,автомашина,706.89,,автозавод,430.19,,автоматчик,370.31
,пуговка,1021.08,,пуговица,843.32,,пуговичка,708.08,,,,,,
,соловей,1020.96,,соловьиный,304.47,,,,,,,,,
,тоннель,1020.75,,,,,,,,,,,,
,джунгли,1020.50,,,,,,,,,,,,
,селедка,1019.92,,селедочка,704.32,,селедочный,303.70,,,,,,
,пеленка,1019.84,,пеленать,807.32,,пелена,626.67,,запеленать,604.91,,спеленать,353.20
,дельфин,1019.62,,дельфинарий,252.52,,,,,,,,,
,гибель,1019.28,,загс,1008.59,,погибнуть,684.51,,погибать,550.07,,гибкий,416.32
,студень,1019.03,,остудить,418.30,,стужа,368.04,,студиец,8.09,,студенистый,6.34
,пианино,1019.00,,,,,,,,,,,,
,сосиска,1018.75,,,,,,,,,,,,
,барашек,1018.21,,баранина,818.73,,баран,723.58,,бараний,522.86,,барашковый,304.79
,жеребец,1017.83,,жеребчик,803.62,,жеребенок,706.34,,,,,,
,косилка,1017.66,,покос,738.11,,скосить,555.15,,косарь,328.78,,перекос,265.61
,порхать,1017.44,,упорхнуть,706.19,,впорхнуть,704.61,,выпорхнуть,607.71,,вспорхнуть,607.07
,браслет,1017.24,,браслетик,702.95,,,,,,,,,
,стружка,1016.81,,заструг,505.45,,строгать,407.87,,стругать,404.36,,выстругать,303.27
,стеллаж,1016.74,,стеллажный,1.25,,,,,,,,,
,болотце,1016.73,,болото,646.08,,заболотить,153.24,,болотный,16.04,,болотистый,6.64
,караван,1016.35,,караванный,3.30,,,,,,,,,
,север,1016.24,,северянин,394.36,,северный,251.73,,,,,,
,индейка,1016.02,,индюшка,1011.02,,индюк,709.96,,индюшонок,705.14,,индеец,644.75
,ромашка,1016.00,,,,,,,,,,,,
,мамин,1015.96,,мамка,840.98,,мама,697.76,,маменька,450.65,,мамаша,402.19
,ждать,1015.80,,ожидание,244.67,,ожидать,212.00,,подождать,201.33,,дождаться,172.61
,туннель,1015.73,,туннельный,1.49,,,,,,,,,
,лепешка,1015.00,,,,,,,,,,,,
,шампунь,1015.00,,,,,,,,,,,,
,носочек,1014.66,,невыносимо,1.08,,,,,,,,,
,кушетка,1014.25,,,,,,,,,,,,
,журавль,1014.20,,журавлиный,303.73,,,,,,,,,
,лимузин,1013.75,,,,,,,,,,,,
,крейсер,1013.71,,крейсерский,2.72,,,,,,,,,
,чугунок,1013.42,,чугун,734.19,,чугунный,428.27,,,,,,
,клеенка,1013.25,,,,,,,,,,,,
,принтер,1013.25,,,,,,,,,,,,
,мизинец,1013.11,,мизинчик,803.32,,,,,,,,,
,борт,1012.89,,бортик,636.12,,бортовой,22.25,,,,,,
,кукушка,1012.80,,куковать,405.01,,,,,,,,,
,ветчина,1012.50,,,,,,,,,,,,
,капюшон,1012.50,,,,,,,,,,,,
,тюльпан,1012.50,,,,,,,,,,,,
,авоська,1012.25,,,,,,,,,,,,
,скребок,1012.06,,скрести,520.89,,поскрести,359.37,,наскрести,359.07,,скрестись,359.07
,русалка,1011.91,,русалочка,703.40,,русалочий,352.88,,,,,,
,боровик,1011.70,,бор,956.24,,борок,711.19,,боровой,8.54,,,
,капсула,1011.50,,,,,,,,,,,,
,флигель,1011.32,,флигелек,803.16,,,,,,,,,
,штурвал,1011.25,,,,,,,,,,,,
,журчать,1011.01,,зажурчать,702.64,,журчание,405.85,,журчанье,403.02,,,
,айсберг,1010.50,,,,,,,,,,,,
,буханка,1010.50,,,,,,,,,,,,
,варежка,1010.50,,,,,,,,,,,,
,ленивец,1010.30,,ленивый,29.91,,лень,18.42,,лениться,11.09,,полениться,9.64
,баранка,1010.25,,,,,,,,,,,,
,сарафан,1009.99,,сарафанчик,601.94,,,,,,,,,
,пингвин,1009.75,,,,,,,,,,,,
,абрикос,1009.63,,абрикосовый,252.90,,,,,,,,,
,печенка,1009.63,,печеночный,3.49,,,,,,,,,
,панцирь,1009.50,,,,,,,,,,,,
,береста,1009.26,,берестяной,304.81,,,,,,,,,
,бастион,1009.25,,,,,,,,,,,,
,рулетка,1009.25,,,,,,,,,,,,
,майонез,1009.24,,майонезный,301.87,,,,,,,,,
,смокинг,1009.00,,,,,,,,,,,,
,устрица,1009.00,,,,,,,,,,,,
,патефон,1008.85,,патефонный,302.07,,,,,,,,,
,акробат,1008.75,,акробатика,303.48,,,,,,,,,
,боль,1008.72,,болезнь,187.09,,больной,172.71,,больница,140.52,,болеть,88.75
,хворост,1008.41,,хворостина,602.96,,,,,,,,,
,имя,1008.06,,именины,603.05,,именинник,434.81,,именной,59.93,,именитый,49.98
,буренка,1007.96,,бурый,739.31,,бура,17.37,,побуреть,4.82,,,
,миндаль,1007.95,,миндалина,353.56,,миндальный,303.22,,,,,,
,скворец,1007.42,,скворечник,604.02,,,,,,,,,
,кувырок,1007.35,,кувыркаться,505.20,,кувыркнуться,401.80,,,,,,
,крепость,1007.31,,крепкий,910.71,,крепко,203.52,,закрепить,165.87,,укрепить,162.94
,темечко,1005.48,,темя,815.18,,теменной,3.92,,,,,,
,старец,1005.37,,старый,946.46,,старик,905.86,,старушка,770.71,,старинный,753.06
,былинка,1005.03,,былье,704.70,,былое,4.55,,,,,,
,бытовка,1004.39,,бытовуха,1.48,,прибыток,0.66,,,,,,
,кобелек,1003.77,,кобель,608.24,,,,,,,,,
,банкнот,1003.40,,банкнота,806.88,,,,,,,,,
,также,1000.30,,потакание,188.25,,потакать,16.06,,стачка,9.84,,,
,надо,994.55,,нада,24.44,,ненадобность,5.72,,,,,,
,наливать,990.36,,залить,977.37,,слияние,733.84,,влияние,333.77,,повлиять,307.43
,куча,990.26,,кучка,784.06,,кучевой,513.23,,окучивать,363.73,,кучно,21.91
,секс,990.09,,сексуальный,61.57,,,,,,,,,
,танец,987.13,,танцевать,826.04,,танцор,673.31,,танцующий,380.86,,танцовщик,376.19
,канал,984.33,,канализация,7.23,,,,,,,,,
,помнить,981.16,,вспомнить,529.11,,мнение,466.90,,вспоминать,360.15,,напоминать,318.37
,флот,980.56,,флотилия,424.42,,флотский,14.10,,,,,,
,карман,978.93,,кармашек,836.39,,карманный,753.28,,карманник,720.14,,карманчик,718.01
,ядро,978.63,,ядрышко,515.54,,ядерный,36.08,,ядреный,29.49,,безъядерный,1.94
,поп,978.60,,попович,514.06,,попадья,509.21,,попка,363.67,,поп-звезда,305.97
,борец,978.19,,оборона,953.23,,борьба,720.69,,бороться,370.37,,оборонный,70.90
,купец,977.56,,купить,934.09,,покупатель,544.01,,покупка,362.11,,выкупить,119.53
,ужин,974.77,,ужинать,557.46,,поужинать,378.58,,отужинать,359.80,,,
,разный,972.52,,разница,492.47,,разрозненный,254.97,,розничный,252.05,,по-разному,235.51
,ресторан,970.83,,ресторация,610.17,,ресторанчик,527.86,,ресторанный,13.13,,ресторатор,12.87
,эхо,969.06,,,,,,,,,,,,
,плоть,967.90,,плотный,225.94,,плотно,107.08,,вплоть,64.16,,вплотную,58.10
,лак,966.66,,лаковый,519.89,,лакировать,307.55,,лакированный,209.30,,отлакировать,203.25
,бас,965.88,,басок,712.70,,басить,13.64,,басовый,10.84,,пробасить,10.46
,шип,965.44,,шипучий,510.80,,шипеть,324.39,,зашипеть,211.96,,прошипеть,186.34
,мука,965.34,,мучной,23.95,,мучнистый,10.20,,,,,,
,кость,959.27,,косточка,467.10,,костяной,35.72,,костлявый,18.37,,костный,12.98
,лай,958.03,,лаять,744.82,,лайка,725.51,,лающий,611.17,,залаять,517.82
,внутри,955.41,,утробный,448.60,,изнутри,227.32,,вовнутрь,227.01,,внутренний,205.50
,ил,951.97,,илистый,255.42,,,,,,,,,
,лен,951.75,,,,,,,,,,,,
,пятка,950.36,,опять,319.90,,пята,100.00,,пятиться,92.70,,вспять,53.03
,жать,949.11,,сжать,872.82,,нажать,760.91,,жатва,747.33,,выжать,678.38
,офис,947.36,,офисный,18.83,,,,,,,,,
,век,946.13,,увековечить,544.74,,увечье,180.66,,вечно,125.11,,вечность,113.44
,чек,945.76,,чека,816.78,,,,,,,,,
,президент,943.71,,,,,,,,,,,,
,умереть,941.53,,смерть,355.15,,замирать,208.73,,мертвец,177.09,,замереть,85.45
,кулак,941.22,,кулачок,549.70,,кулачище,415.59,,кулачный,21.35,,кулацкий,4.97
,сайт,938.75,,,,,,,,,,,,
,рота,935.46,,ротный,14.93,,ротация,5.98,,ротационный,2.73,,,
,твердый,934.77,,твердо,432.03,,утверждать,83.40,,утвердить,68.19,,подтвердить,58.82
,щи,934.65,,,,,,,,,,,,
,док,934.64,,дока,3.56,,,,,,,,,
,зев,934.14,,зевок,721.10,,разевать,415.95,,зевать,322.61,,зевнуть,268.59
,мыс,932.35,,мысок,708.63,,,,,,,,,
,диск,932.31,,дискета,526.98,,дисковый,7.90,,,,,,
,уста,930.71,,устье,768.58,,устьице,511.47,,устный,18.37,,наизусть,13.17
,уха,929.24,,ушица,705.73,,,,,,,,,
,поза,925.82,,позировать,315.94,,,,,,,,,
,бур,923.69,,бурить,612.35,,буровая,508.77,,пробурить,358.13,,бурение,23.22
,шип,923.40,,шиповник,815.95,,подшипник,364.47,,,,,,
,плохой,923.15,,плохо,813.73,,врасплох,249.35,,неплохой,228.70,,оплошность,178.59
,пах,922.39,,паховый,5.86,,,,,,,,,
,ют,922.39,,приют,775.10,,приютиться,308.83,,ютиться,265.48,,уютный,97.41
,буй,918.06,,буек,814.16,,буянить,127.37,,буйствовать,63.82,,буйный,17.61
,опыт,917.91,,пытка,453.74,,попытка,405.11,,опытный,277.25,,пытаться,245.00
,туз,917.55,,,,,,,,,,,,
,хвост,915.45,,хвостик,550.22,,прохвост,20.92,,хвостатый,15.18,,бесхвостый,7.85
,шепот,912.17,,шептать,654.60,,шепнуть,620.61,,шепотом,608.34,,шепоток,535.72
,тес,912.15,,тесак,704.73,,тесать,608.54,,вытесать,404.02,,обтесать,404.02
,тля,911.67,,тлеть,366.62,,истлеть,257.94,,утлый,8.40,,нетленный,5.28
,слеза,911.08,,слезка,614.17,,слезинка,417.12,,слезиться,191.53,,прослезиться,107.98
,скот,910.71,,скотинка,809.59,,скотник,511.98,,поскотина,359.06,,скотный,10.09
,мим,910.46,,мимика,14.70,,мимический,1.93,,,,,,
,спасать,909.86,,спасти,765.10,,опасность,762.42,,опасный,696.91,,опасаться,628.54
,ум,909.49,,умный,549.74,,уметь,377.41,,разум,352.40,,умение,309.21
,оса,908.15,,осиный,302.88,,,,,,,,,
,глубь,908.02,,глубокий,854.30,,глубина,249.01,,глубоко,185.18,,углубиться,183.47
,инок,907.09,,инокиня,533.47,,иногда,189.66,,иноческий,14.00,,переиначить,5.24
,липа,905.45,,липнуть,530.94,,прилипать,370.81,,липкий,335.29,,прилипнуть,332.97
,смесь,900.71,,мешать,580.38,,вмешаться,483.81,,помешать,305.20,,смешанный,122.15
,картошка,900.27,,картофель,748.71,,картошина,709.82,,картошечка,613.04,,картофелина,517.47
,дрогнуть,898.20,,дрожь,850.49,,продрогнуть,524.04,,содрогнуться,423.07,,дрожать,358.03
,карандаш,896.54,,карандашик,613.83,,карандашный,5.76,,,,,,
,доза,896.53,,дозировка,10.56,,дозировать,9.67,,дозатор,4.94,,,
,синий,896.45,,синяк,855.69,,посинеть,839.01,,синеватый,742.09,,синенький,725.55
,пятно,895.54,,пятнышко,436.00,,пятнистый,376.57,,запятнать,367.47,,пятницкий,2.67
,змей,894.49,,змея,859.79,,змейка,632.55,,змеевик,514.76,,змееныш,505.22
,ловить,894.16,,ловушка,563.54,,ловкий,136.26,,ловля,115.11,,уловить,76.50
,волк,891.91,,волчонок,817.44,,волчок,635.55,,волчара,513.85,,волчица,512.47
,заметка,890.96,,отметить,766.37,,заметить,491.54,,отмечать,461.69,,примета,328.10
,очерк,890.44,,почерк,373.50,,подчеркнуто,270.91,,перечеркнуть,221.71,,подчеркнуть,176.61
,копа,888.28,,скопление,54.95,,накопить,49.23,,копить,40.05,,накопиться,27.36
,микрофон,887.19,,фон,199.61,,фонограмма,15.79,,фоновый,10.24,,антифон,5.23
,генерал,885.34,,генералитет,23.03,,,,,,,,,
,форма,884.14,,формат,319.97,,формально,95.99,,оформить,71.80,,формальный,51.40
,метро,883.81,,,,,,,,,,,,
,проволока,881.28,,влечь,197.15,,привлечь,160.68,,извлечь,137.15,,развлечение,124.12
,январь,881.20,,январский,16.46,,,,,,,,,
,свежий,880.46,,свеженький,325.08,,освежить,32.12,,свежесть,31.45,,освежать,26.23
,брод,879.83,,бродить,665.49,,забрести,444.77,,побродить,386.58,,брести,358.41
,толпа,879.83,,толпиться,203.77,,столпиться,162.64,,,,,,
,зеленый,879.77,,зелень,802.66,,зеленеть,457.78,,зелье,396.46,,зазеленеть,320.43
,металл,876.19,,металлургия,12.87,,металлист,7.51,,металлург,7.27,,,
,нужный,875.33,,нужно,511.91,,нужда,92.10,,вынужденный,63.52,,вынудить,48.13
,клок,874.06,,клочок,653.12,,клочковатый,127.62,,склока,3.52,,склочник,1.71
,мять,872.61,,помять,642.03,,разминка,430.42,,мятый,391.70,,смять,385.29
,мороз,872.21,,мороженое,807.55,,морозный,487.37,,заморозить,364.84,,мерзнуть,118.21
,пачка,872.05,,упаковка,466.50,,паковать,417.07,,запаковать,310.21,,упаковочный,263.26
,директор,872.04,,директорша,159.20,,дирекция,51.55,,директорский,15.43,,директорат,7.51
,теща,871.91,,тесть,746.17,,тещин,12.89,,,,,,
,жила,871.89,,жилка,755.57,,жилочка,510.53,,жилистый,424.13,,прожилка,417.67
,операция,871.80,,оперативный,396.23,,опера,390.54,,оперативно,373.42,,операционный,266.82
,почта,870.96,,почтамт,528.52,,почтальон,382.94,,почтовый,40.33,,почтовик,13.17
,салон,869.77,,салонный,9.44,,,,,,,,,
,виза,869.27,,визовый,6.69,,безвизовый,3.59,,завизировать,1.83,,,
,купе,868.58,,купейный,3.98,,,,,,,,,
,сверкать,867.72,,сверкнуть,735.51,,сверкающий,629.02,,засверкать,617.47,,посверкивать,208.65
,ружье,867.29,,оружие,620.97,,безоружный,348.22,,вооружить,226.19,,оружейный,214.15
,алый,866.60,,алеть,718.29,,заалеть,508.10,,аленький,405.80,,алия,9.17
,хороший,866.35,,хорошо,527.63,,хорошенький,132.94,,хорошенько,35.51,,хорошеть,31.92
,шина,866.20,,шинный,7.51,,шинник,6.95,,,,,,
,счеты,866.12,,отсчет,786.28,,счет,652.10,,счетчик,650.81,,расчет,162.90
,сиять,866.05,,сияние,688.09,,сиянье,621.37,,засиять,535.61,,просиять,429.36
,апрель,865.70,,апрельский,7.84,,,,,,,,,
,портфель,864.17,,портфельчик,508.19,,портфельный,2.54,,,,,,
,чаща,862.86,,частый,116.40,,частушка,64.84,,частота,42.79,,зачастую,38.50
,муха,861.07,,мушка,372.72,,мушиный,4.64,,,,,,
,сахар,858.02,,сахарница,714.59,,сахарок,512.93,,сахарный,49.61,,сахарин,8.18
,батя,857.17,,батька,640.97,,батяня,614.14,,батюшка,572.42,,батенька,417.88
,няня,855.60,,нянька,634.51,,нянечка,519.84,,нянчить,13.56,,нянчиться,8.41
,факс,854.40,,,,,,,,,,,,
,теоретик,853.28,,теоретически,428.53,,,,,,,,,
,бровь,853.27,,бровастый,179.60,,бровка,30.21,,надбровье,7.51,,надбровный,7.20
,орден,853.03,,орденский,7.68,,,,,,,,,
,арка,852.98,,ар,3.47,,,,,,,,,
,шофер,852.75,,шоферить,8.43,,шоферский,6.11,,,,,,
,перчатка,851.51,,перстень,830.84,,перст,738.44,,наперсток,712.41,,перстенек,706.41
,потерять,850.32,,потерянный,190.14,,терять,127.80,,потеря,124.03,,теряться,39.12
,трюк,849.79,,трюковой,5.04,,,,,,,,,
,пробирка,849.78,,проба,114.51,,попробовать,83.43,,пробовать,70.57,,опробовать,22.64
,паек,849.19,,пай,20.70,,пайщик,9.65,,паевой,4.50,,пайковый,3.29
,зять,848.99,,зятек,708.75,,,,,,,,,
,корт,848.82,,корточки,430.67,,,,,,,,,
,телевизор,848.80,,,,,,,,,,,,
,швед,848.37,,шведка,610.77,,шведский,17.41,,,,,,
,башня,848.35,,башенка,532.91,,башенный,8.27,,,,,,
,элемент,847.93,,элементарный,460.10,,элементарно,27.46,,микроэлемент,9.25,,элементный,7.25
,грим,847.89,,гримерка,408.41,,гримерная,357.36,,гримировать,253.72,,гример,18.29
,муза,847.20,,,,,,,,,,,,
,седой,846.96,,седина,656.66,,проседь,20.50,,седеть,17.72,,седенький,12.58
,бесценный,846.92,,ценовой,694.88,,цена,437.37,,оценка,271.21,,ценность,256.49
,кинуть,846.57,,скидка,816.68,,покинуть,671.22,,кидать,398.97,,выкинуть,275.53
,тренажер,846.15,,тренировка,378.29,,тренировать,278.84,,тренер,184.91,,тренерский,14.79
,блаженно,846.00,,поблажка,833.97,,блажь,762.67,,блаженный,438.07,,ублажать,433.97
,меню,845.60,,,,,,,,,,,,
,фига,845.56,,фиг,25.25,,фиговый,3.21,,офигенный,3.17,,офигеть,2.57
,межа,843.60,,промежность,261.25,,промежуток,19.87,,вперемежку,16.35,,смежный,13.07
,соус,843.20,,,,,,,,,,,,
,таблетка,842.90,,таблеточка,604.94,,,,,,,,,
,специалист,842.85,,,,,,,,,,,,
,кристалл,842.75,,кристаллик,608.09,,,,,,,,,
,встретить,842.14,,встречать,756.41,,навстречу,698.15,,встречаться,591.00,,встретиться,559.71
,тоже,841.70,,тож,20.64,,,,,,,,,
,мотоцикл,840.87,,мотоциклет,604.52,,мотоциклист,259.42,,,,,,
,обезьяна,840.18,,обезьянка,714.10,,обезьяний,362.78,,обезьянник,153.02,,,
,хвоя,839.84,,хвойный,28.70,,,,,,,,,
,компьютер,839.40,,компьютерный,57.99,,компьютерщик,10.51,,,,,,
,должен,838.88,,долг,714.04,,должность,292.96,,должно,235.01,,должник,215.83
,трап,838.80,,,,,,,,,,,,
,сквозной,837.52,,скважинный,158.05,,скважина,121.39,,насквозь,116.40,,сквозить,16.40
,камера,837.37,,камеристка,310.18,,сокамерник,157.89,,камерный,28.16,,камерность,2.28
,жрец,837.06,,жрица,716.12,,жреческий,2.01,,,,,,
,гель,836.79,,,,,,,,,,,,
,герб,836.65,,гербарий,406.60,,гербовый,3.91,,,,,,
,король,835.99,,королева,499.41,,королевич,382.88,,королевство,285.71,,королевский,59.73
,архив,835.88,,архивист,409.24,,архивариус,308.20,,архивный,16.27,,,
,консервы,835.88,,консервный,320.91,,консервация,5.32,,консервант,2.12,,,
,фойе,835.60,,,,,,,,,,,,
,бюст,835.43,,бюстик,606.91,,,,,,,,,
,пирамида,835.33,,пирамидка,710.08,,пирамидный,304.19,,,,,,
,лейтенант,835.03,,лейтенантик,4.02,,,,,,,,,
,кастрюля,834.39,,кастрюлька,610.63,,,,,,,,,
,черепаха,833.86,,череп,761.11,,черепашка,712.38,,черепок,527.71,,черепица,419.08
,идол,833.75,,,,,,,,,,,,
,писк,832.89,,пищать,623.15,,пискнуть,415.23,,запищать,409.50,,попискивать,255.72
,дробилка,832.73,,дробь,792.63,,дробить,533.08,,дробиться,373.83,,раздробить,161.54
,зола,832.47,,зольник,505.20,,золить,8.25,,зольный,2.60,,,
,лира,832.00,,,,,,,,,,,,
,депо,831.72,,деповский,2.68,,,,,,,,,
,паук,831.46,,паутинка,812.65,,паучок,607.12,,паутина,521.01,,паучий,306.27
,владыка,831.35,,владелец,418.13,,власть,411.65,,владеть,222.23,,властитель,194.98
,урна,831.20,,,,,,,,,,,,
,москвич,831.20,,москвичка,416.16,,московский,219.34,,московит,48.92,,подмосковный,35.31
,гипс,830.83,,загипсовать,126.72,,гипсовый,14.10,,,,,,
,ярус,830.42,,,,,,,,,,,,
,пилот,830.40,,пилотка,539.34,,пилотаж,525.40,,пилотировать,212.85,,пилотский,6.29
,маяк,829.62,,маятниковый,505.31,,маячить,18.18,,маятник,7.17,,маячок,3.61
,воск,829.13,,восковой,12.29,,вощеный,5.05,,ваще,3.03,,,
,ария,828.92,,ариец,2.56,,,,,,,,,
,фарш,828.73,,фаршировать,252.59,,,,,,,,,
,тряпочка,828.42,,тряпка,644.21,,тряпица,511.44,,тряпье,320.70,,тряпичный,16.38
,виноград,828.19,,виноградник,510.22,,виноградина,503.86,,виноградный,261.20,,виноградарь,253.86
,вить,827.95,,виток,739.72,,витой,726.59,,вьющийся,416.86,,виться,40.97
,пляс,827.84,,пляска,642.45,,плясун,613.21,,плясать,554.48,,сплясать,411.37
,сера,827.83,,серный,7.91,,серозный,1.98,,сернистый,1.36,,,
,купа,827.73,,вкупе,12.41,,совокупность,8.52,,совокупление,7.54,,совокупный,7.01
,овес,827.63,,овсянка,508.87,,овсяный,11.37,,,,,,
,обычно,827.58,,обычай,163.10,,обычный,162.84,,необычный,120.87,,обыкновенный,70.05
,сень,827.39,,осенить,12.28,,осенять,6.14,,,,,,
,скатерть,826.38,,скатерка,805.73,,,,,,,,,
,гриф,826.00,,,,,,,,,,,,
,фрак,825.20,,,,,,,,,,,,
,племя,824.75,,племяш,617.23,,племянник,401.59,,племянница,332.05,,племянничек,255.86
,тюремщик,824.59,,тюремный,481.33,,тюрьма,213.31,,,,,,
,рожь,824.22,,ржаной,14.75,,,,,,,,,
,легкое,824.22,,слегка,117.62,,льгота,67.95,,облегчить,52.02,,облегчать,44.80
,затопать,824.22,,топать,677.48,,топ,483.92,,стоптать,425.40,,топот,387.31
,трюм,823.78,,трюмный,4.40,,,,,,,,,
,методный,823.75,,методичка,368.59,,метод,206.24,,методика,53.24,,метода,34.72
,чертенок,823.71,,чертить,60.75,,,,,,,,,
,гусеница,823.57,,гусеничный,8.58,,,,,,,,,
,салфетка,823.39,,салфеточка,604.67,,,,,,,,,
,альт,822.80,,альтист,6.68,,альтовый,1.61,,,,,,
,незрелый,822.79,,созреть,64.95,,назреть,43.66,,назревать,27.12,,созревание,26.20
,спецовка,822.66,,спец,39.24,,специфика,17.83,,спецификация,3.47,,,
,блик,822.58,,бликовать,353.01,,,,,,,,,
,штык,822.37,,штыковой,3.76,,,,,,,,,
,кредитка,820.58,,кредит,131.67,,кредитный,109.37,,кредитор,27.23,,кредитование,10.45
,моторист,820.52,,моторчик,817.94,,моторика,413.17,,мотор,189.38,,моторный,38.54
,форточка,820.00,,,,,,,,,,,,
,зонд,819.88,,зондировать,2.25,,зондирование,1.89,,,,,,
,тара,819.72,,,,,,,,,,,,
,запястье,819.60,,,,,,,,,,,,
,белье,819.35,,,,,,,,,,,,
,лепесток,819.00,,,,,,,,,,,,
,киса,818.90,,кисет,714.05,,,,,,,,,
,зыбь,818.87,,зыбка,710.81,,зыбкий,14.65,,зыбиться,5.04,,незыблемый,3.31
,апельсин,818.70,,апельсиновый,206.70,,,,,,,,,
,овал,818.57,,,,,,,,,,,,
,проводок,818.44,,проводиться,43.86,,беспроводной,5.73,,проводящий,4.54,,,
,гардероб,818.43,,гардеробная,504.90,,гардеробщик,255.26,,гардеробщица,202.87,,гардеробный,2.25
,дивный,818.31,,удивиться,162.77,,удивленно,160.93,,удивлять,157.98,,удивить,146.58
,копия,817.95,,,,,,,,,,,,
,коктейль,817.20,,,,,,,,,,,,
,аквариум,817.19,,аквариумный,252.89,,,,,,,,,
,греть,816.96,,нагрев,662.52,,нагреть,569.15,,греться,565.80,,согреть,555.11
,кукуруза,816.82,,кукурузный,308.24,,кукурузник,304.05,,,,,,
,шлепанец,816.81,,шлепок,621.25,,шлепать,528.75,,шлепнуть,418.12,,нашлепка,406.75
,плац,816.80,,,,,,,,,,,,
,пельмень,816.69,,пельменная,303.70,,,,,,,,,
,кейс,816.40,,,,,,,,,,,,
,сарайчик,816.19,,сараюшка,807.39,,сарай,744.70,,сарайный,203.69,,,
,полыхать,815.86,,полыхнуть,710.04,,сполох,612.93,,заполыхать,604.01,,всполох,509.45
,туша,815.59,,тушка,359.50,,,,,,,,,
,цыпленок,815.29,,цыплячий,405.25,,цыпка,353.63,,цыпа,8.29,,,
,реле,815.20,,,,,,,,,,,,
,ясли,815.20,,,,,,,,,,,,
,джин,815.18,,,,,,,,,,,,
,хрящ,815.07,,хрящик,603.93,,хрящевой,3.21,,,,,,
,хохот,814.95,,хохотать,490.12,,хохотнуть,380.82,,захохотать,339.43,,похохатывать,209.93
,щекотать,814.60,,пощекотать,605.24,,защекотать,603.87,,щекотка,509.12,,щекотно,508.74
,старт,814.55,,стартер,519.16,,стартовать,331.41,,стартовый,18.60,,,
,палубный,814.42,,лубочный,808.53,,лубок,718.72,,лубяной,508.06,,опалубка,412.07
,макароны,814.29,,макаронина,303.02,,макаронный,4.87,,,,,,
,разбудить,814.28,,будить,374.51,,возбуждать,178.92,,возбуждение,161.35,,возбудить,53.52
,ласка,814.16,,неласковый,611.91,,ласкать,562.38,,обласкать,373.04,,ласковость,312.63
,кипа,814.00,,,,,,,,,,,,
,бард,813.98,,бардовский,1.82,,,,,,,,,
,монумент,813.78,,,,,,,,,,,,
,ласточка,813.58,,ласточкин,4.20,,,,,,,,,
,кнопочка,813.48,,кнопочный,3.90,,,,,,,,,
,булыжник,813.47,,булыга,608.54,,булыжный,6.97,,,,,,
,картонка,813.43,,картон,628.49,,картонный,369.48,,,,,,
,стрекоза,813.12,,стрекот,508.10,,стрекотать,307.21,,застрекотать,202.90,,стрекач,1.28
,латы,813.09,,латать,607.90,,залатать,406.15,,подлатать,352.78,,лат,5.65
,обувь,813.01,,обуть,742.88,,обутый,622.09,,обувка,618.38,,обувать,514.44
,злак,812.81,,злаковый,2.86,,злачный,2.65,,,,,,
,булькать,812.69,,буль-буль,711.25,,булькнуть,705.10,,забулькать,604.63,,бульканье,356.24
,червячок,812.50,,червь,723.75,,червяк,613.57,,червивый,203.05,,червонный,3.38
,клык,812.39,,клыкастый,176.73,,,,,,,,,
,радиатор,812.20,,,,,,,,,,,,
,цистерна,812.19,,,,,,,,,,,,
,гармошка,812.00,,,,,,,,,,,,
,выкройка,811.83,,покрой,626.50,,кроить,618.41,,скроить,529.57,,раскрой,519.66
,барельеф,811.75,,рельеф,635.81,,рельефный,360.05,,рельефно,1.94,,,
,казак,811.67,,казачка,515.64,,казачок,515.64,,казачий,28.44,,казачество,10.02
,шершавый,811.60,,,,,,,,,,,,
,челн,811.40,,челнок,613.32,,челночный,4.21,,,,,,
,дуда,811.34,,дудка,714.32,,дудеть,607.37,,дудник,605.49,,дудочка,508.19
,колыбель,811.22,,колыбелька,602.51,,колыбельный,254.79,,,,,,
,карусель,811.00,,,,,,,,,,,,
,синагога,811.00,,,,,,,,,,,,
,шкатулка,810.99,,шкатулочка,602.26,,,,,,,,,
,тина,810.40,,,,,,,,,,,,
,карнавал,810.20,,,,,,,,,,,,
,колготки,810.20,,,,,,,,,,,,
,лава,809.80,,,,,,,,,,,,
,колесико,809.40,,,,,,,,,,,,
,тату,809.38,,татуировка,306.67,,татуировать,252.78,,,,,,
,акварель,809.30,,акварельный,253.44,,,,,,,,,
,ажур,809.12,,ажурный,511.68,,,,,,,,,
,монах,809.08,,монашек,512.64,,монахиня,427.69,,монашка,260.64,,монашеский,11.38
,жаба,808.80,,,,,,,,,,,,
,скорлупа,808.69,,скорлупка,704.68,,,,,,,,,
,мушкетер,808.49,,мушкетерский,1.50,,,,,,,,,
,буфетный,808.45,,буфет,19.76,,буфетчица,4.42,,буфетчик,1.13,,,
,паяльник,808.38,,пайка,726.35,,паять,709.96,,спаять,610.46,,впаять,609.86
,саксофон,808.31,,саксофонист,253.00,,,,,,,,,
,ожерелье,808.04,,жерло,704.90,,,,,,,,,
,баклажан,808.00,,,,,,,,,,,,
,маскарад,808.00,,,,,,,,,,,,
,шевелюра,808.00,,,,,,,,,,,,
,щебетать,807.95,,щебет,707.50,,защебетать,602.62,,щебетание,352.79,,,
,капитан,807.94,,капитанский,30.27,,,,,,,,,
,гирлянда,807.80,,,,,,,,,,,,
,жало,807.73,,жалить,305.54,,ужалить,254.16,,жалиться,0.81,,,
,ерик,807.63,,ер,7.12,,,,,,,,,
,портьера,807.60,,,,,,,,,,,,
,крап,807.54,,кропить,504.71,,крапинка,406.31,,крапчатый,353.30,,окропить,4.46
,креветка,807.40,,,,,,,,,,,,
,ость,807.20,,остистый,403.29,,ост,5.48,,,,,,
,мандарин,806.86,,мандариновый,201.63,,,,,,,,,
,мансарда,806.86,,мансардный,302.45,,,,,,,,,
,кокошник,806.35,,кокнуть,126.28,,укокошить,88.56,,кок,19.34,,,
,марь,806.32,,марево,614.23,,,,,,,,,
,строка,806.22,,строчок,515.00,,строчить,434.47,,строчной,413.42,,настрочить,310.06
,брусника,806.12,,брусничный,302.85,,,,,,,,,
,вибратор,806.07,,вибрировать,256.57,,вибрирующий,254.64,,вибрация,16.75,,вибрационный,1.20
,махать,806.00,,махнуть,731.01,,помахать,496.67,,взмахнуть,419.38,,размахивать,318.41
,леса,806.00,,леска,714.85,,,,,,,,,
,драп,805.93,,драпировка,302.98,,драпать,252.19,,драпануть,176.30,,драповый,4.40
,буржуйка,805.82,,буржуйский,0.33,,,,,,,,,
,крысенок,805.82,,крыса,733.90,,крысиный,206.51,,окрыситься,2.67,,,
,харчевня,805.63,,харч,406.76,,,,,,,,,
,болгарка,805.33,,болгарин,8.34,,болгарский,4.19,,,,,,
,поклон,805.22,,отклонение,414.02,,склониться,409.02,,склонность,398.65,,склон,84.49
,наст,805.18,,ненастье,202.34,,ненастный,177.04,,,,,,
,стропило,804.67,,строп,707.88,,стропа,604.59,,стропальщик,251.91,,,
,подойник,804.61,,дойка,709.89,,доярка,618.95,,надоить,505.77,,доить,361.42
,перловка,803.02,,перловый,403.26,,перл,12.33,,,,,,
,воля,802.86,,удовольствие,582.07,,довольный,456.61,,велеть,377.96,,довольно,239.65
,чуланчик,802.79,,чулан,706.37,,,,,,,,,
,спирт,802.06,,спиртное,436.93,,спиртовка,358.39,,заспиртовать,203.91,,спиртной,11.41
,информация,802.03,,информатика,13.06,,информатор,11.35,,,,,,
,гроза,801.65,,грозный,48.74,,угроза,47.45,,погрозить,28.97,,грозить,27.06
,монастырь,801.12,,монастырский,10.68,,,,,,,,,
,толчок,799.60,,толкать,332.94,,подтолкнуть,308.17,,толкнуть,268.99,,оттолкнуть,182.73
,сытый,798.85,,сытный,637.51,,насытить,40.21,,насыщенный,29.75,,насыщать,9.85
,кивок,796.93,,кивать,776.08,,кивнуть,768.00,,закивать,458.14,,покивать,437.47
,сталь,796.05,,стальной,467.70,,,,,,,,,
,сеять,795.75,,посев,782.22,,усеять,653.46,,сеянец,646.66,,посеять,550.51
,струя,794.62,,струйка,541.89,,струиться,377.98,,заструиться,256.71,,,
,пора,794.27,,впору,87.67,,порой,80.45,,порою,56.89,,,
,туман,793.40,,туманный,228.69,,туманность,22.54,,затуманить,8.86,,туманно,8.37
,базар,789.45,,базарчик,407.60,,базарный,9.47,,базарить,5.38,,разбазарить,0.53
,удар,788.62,,ударник,585.05,,ударить,409.50,,ударять,302.66,,удариться,222.38
,вдова,786.64,,вдовец,623.75,,вдовый,615.19,,вдовий,614.32,,овдоветь,413.08
,гладь,784.52,,гладкий,619.50,,гладить,106.83,,погладить,71.17,,поглаживать,14.07
,тесто,784.51,,тест,74.75,,тестовый,6.31,,тестирование,5.18,,тестировать,3.66
,забава,784.49,,добавка,656.51,,добавить,199.27,,забавный,87.76,,добавлять,84.93
,станция,783.10,,подстанция,21.82,,станционный,10.34,,,,,,
,топка,781.71,,натопить,429.67,,истопник,425.08,,растопить,383.03,,топливо,147.24
,мадам,780.85,,,,,,,,,,,,
,пучок,779.62,,пук,462.60,,выпуклый,440.96,,пучина,318.31,,пучить,308.91
,кузов,779.08,,кузовной,9.61,,,,,,,,,
,массив,778.90,,массаж,751.77,,массажист,387.45,,масса,316.87,,массировать,283.71
,гудок,778.20,,гудеть,685.50,,загудеть,432.39,,погудеть,408.23,,прогудеть,364.84
,зажигалка,776.95,,зажечь,772.04,,жечь,500.95,,зажигать,481.55,,жгучий,355.59
,трясти,776.82,,потрясти,560.64,,тряхнуть,478.70,,стряхнуть,406.22,,встряхнуть,345.33
,художник,774.98,,художница,415.11,,художество,26.10,,,,,,
,парад,773.93,,парадное,420.80,,парадный,23.62,,,,,,
,босой,772.68,,босиком,535.50,,босоножка,364.64,,босяк,362.42,,,
,таять,772.24,,тающий,622.80,,оттаять,524.68,,растаять,436.25,,подтаять,414.22
,пятак,772.16,,пятачок,565.51,,пятерня,542.89,,пятерка,105.05,,пятница,71.60
,бетон,771.76,,бетонка,519.29,,бетонный,448.95,,,,,,
,пацан,770.50,,пацанка,507.19,,пацаненок,356.66,,,,,,
,томик,770.12,,том,380.14,,,,,,,,,
,грунт,770.07,,грунтовка,359.17,,грунтовый,17.16,,,,,,
,наспех,768.59,,успех,527.30,,успеть,263.60,,спешка,195.60,,успешный,149.49
,шумок,767.81,,шум,680.15,,бесшумный,393.77,,шуметь,391.71,,шумный,383.26
,ощупь,767.61,,щупать,641.51,,ощупать,530.84,,нащупать,444.09,,пощупать,431.96
,давненько,765.91,,давно,330.75,,недавно,165.39,,давний,99.79,,недавний,73.91
,тихий,764.46,,тишина,550.01,,тихо,489.98,,затихнуть,128.36,,стихнуть,120.02
,погон,764.21,,погончик,405.48,,,,,,,,,
,район,764.12,,микрорайон,359.02,,районный,86.38,,районо,15.11,,межрайонный,10.91
,броня,763.39,,броневик,417.08,,бронь,18.64,,бронный,14.88,,броневой,7.79
,дилер,760.63,,дилерский,5.16,,,,,,,,,
,ферма,760.47,,,,,,,,,,,,
,мебель,760.39,,мебельный,20.10,,мебельщик,18.08,,,,,,
,мобильник,759.23,,мобила,637.62,,мобильный,64.24,,мобильность,8.64,,,
,крик,759.07,,кричать,570.10,,крикнуть,385.39,,закричать,323.96,,вскричать,223.50
,биржа,757.91,,биржевой,8.27,,,,,,,,,
,вахта,757.57,,вахтер,315.06,,вахтерша,206.27,,вахтенный,17.79,,вахтовый,8.87
,хутор,756.52,,хуторок,507.40,,хуторянин,5.18,,хуторской,4.63,,,
,аллея,756.00,,,,,,,,,,,,
,русло,755.65,,русловой,2.54,,,,,,,,,
,стенд,754.41,,стендовый,2.92,,,,,,,,,
,веять,752.90,,повеять,523.37,,развеять,425.92,,развеваться,265.20,,навеять,23.37
,видео,752.24,,,,,,,,,,,,
,клоун,751.87,,клоунский,2.40,,,,,,,,,
,шкала,750.65,,зашкаливать,1.40,,зашкалить,1.21,,,,,,
,виски,749.70,,,,,,,,,,,,
,башка,749.17,,башковитый,2.01,,,,,,,,,
,малое,748.25,,немало,10.34,,,,,,,,,
,кровь,747.77,,кровища,259.83,,кровавый,141.88,,окровавить,83.57,,обескровить,68.63
,арена,747.25,,,,,,,,,,,,
,поцелуй,746.81,,целовать,674.22,,целый,561.02,,поцеловать,484.07,,целоваться,418.89
,пушка,746.66,,пушкарь,509.50,,пушечный,210.48,,,,,,
,президиум,746.38,,,,,,,,,,,,
,манеж,746.33,,манежный,6.16,,,,,,,,,
,платформа,746.20,,,,,,,,,,,,
,брить,746.09,,бритва,630.67,,сбрить,625.35,,бриться,541.87,,выбрить,539.92
,крона,745.50,,,,,,,,,,,,
,пульс,745.40,,пульсировать,208.03,,пульсирующий,205.83,,пульсар,11.59,,пульсация,9.93
,плеск,745.36,,всплеск,556.12,,плеснуть,432.36,,плескать,421.32,,плескаться,327.08
,бугор,745.05,,бугорок,520.50,,бугристый,359.24,,бугриться,355.01,,,
,велосипед,744.74,,велосипедный,208.74,,велосипедист,208.41,,,,,,
,проем,744.45,,,,,,,,,,,,
,пасха,744.01,,пасхальный,6.80,,,,,,,,,
,ролик,743.96,,роликовый,7.90,,,,,,,,,
,афиша,743.74,,афишка,607.99,,афишировать,3.25,,афишный,2.98,,,
,концерт,743.53,,концертный,27.41,,,,,,,,,
,звук,743.28,,звучать,401.84,,прозвучать,147.09,,звуковой,117.84,,звучание,114.13
,нагой,743.05,,донага,613.21,,нагишом,516.33,,обнажить,435.89,,обнажать,427.29
,пашня,743.05,,пахарь,625.12,,пахота,621.56,,вспахать,417.18,,запахнуть,375.82
,груда,742.81,,сгрудиться,308.92,,,,,,,,,
,корма,742.65,,кормило,508.89,,кормчий,8.89,,,,,,
,басня,742.63,,баюкать,516.83,,убаюкать,410.74,,убаюкивать,310.55,,обаяние,27.09
,скула,741.42,,скуластый,360.99,,скуловой,4.66,,,,,,
,сенат,740.81,,сенатор,539.14,,сенатский,5.76,,,,,,
,петля,740.71,,петелька,412.04,,петлять,263.53,,петлица,22.87,,,
,хруст,739.61,,хрустеть,426.40,,хрусткий,407.10,,хрустнуть,365.22,,захрустеть,307.21
,шорох,738.15,,,,,,,,,,,,
,бланк,737.45,,,,,,,,,,,,
,талия,737.10,,,,,,,,,,,,
,ларек,736.75,,,,,,,,,,,,
,холст,736.47,,холстина,406.63,,холщовый,10.82,,,,,,
,эмоция,736.40,,эмоционально,217.61,,,,,,,,,
,хмель,736.34,,хмелек,611.50,,хмелеть,509.59,,захмелеть,363.14,,хмельной,210.02
,лепка,736.12,,лепить,658.45,,слепок,627.39,,вылепить,421.94,,залепить,421.94
,франк,735.70,,,,,,,,,,,,
,незабудка,734.70,,будущее,112.32,,будущий,103.56,,будущность,6.17,,,
,сукно,734.70,,сучить,611.85,,засучить,413.45,,суконный,13.91,,всучить,7.49
,балка,734.65,,,,,,,,,,,,
,шашка,734.46,,шашечка,505.62,,,,,,,,,
,фанат,733.57,,фанатка,507.58,,фанатик,12.57,,фанатизм,2.01,,фанатичный,1.14
,стадо,733.24,,стадный,2.46,,,,,,,,,
,ругать,733.22,,ругань,666.61,,поругаться,625.12,,выругаться,338.87,,ругательство,219.12
,ранка,732.73,,рана,458.55,,ранить,191.93,,раненый,158.68,,ранение,151.23
,эскиз,731.29,,эскизный,5.82,,,,,,,,,
,юркий,731.10,,юркнуть,526.80,,юрист,47.82,,юрский,8.99,,юр,6.74
,русый,730.99,,русак,713.36,,русачок,507.48,,,,,,
,рация,730.80,,,,,,,,,,,,
,тереть,730.79,,стирка,723.75,,стирать,638.06,,стереть,623.82,,вытереть,521.87
,турист,730.14,,туристка,415.84,,тур,95.60,,интурист,16.06,,туристский,13.28
,кишка,729.87,,кишечник,212.21,,кишечный,7.78,,,,,,
,вальс,729.73,,вальсировать,202.30,,,,,,,,,
,мчать,729.70,,мчаться,577.85,,домчать,512.25,,помчать,512.25,,умчаться,426.29
,салют,729.55,,салютовать,303.72,,,,,,,,,
,комар,728.79,,комарик,504.72,,комариный,4.95,,,,,,
,извиняться,728.61,,обвиняемый,123.49,,вино,102.69,,виноватый,85.35,,обвинять,53.91
,лазер,728.59,,лазерный,11.25,,,,,,,,,
,такса,728.49,,таксист,531.99,,таксон,2.49,,таксационный,1.40,,,
,отклик,728.05,,окликать,443.76,,окликнуть,422.12,,восклицать,361.25,,воскликнуть,360.38
,макет,728.00,,,,,,,,,,,,
,сироп,727.63,,сиропчик,404.44,,,,,,,,,
,трогать,727.24,,тронуть,712.20,,потрогать,435.16,,дотронуться,299.00,,тронуться,226.59
,локомотив,726.58,,локомотивный,3.35,,,,,,,,,
,паста,726.35,,архипастырь,2.78,,,,,,,,,
,календарь,726.25,,,,,,,,,,,,
,проектант,726.20,,проект,188.66,,проектный,53.00,,проектор,9.90,,,
,ворох,726.19,,ворошить,410.20,,поворошить,303.00,,разворошить,253.75,,переворошить,202.24
,пудра,726.10,,пудреница,706.40,,пудрить,508.42,,напудрить,355.33,,пудриться,353.55
,символизм,725.97,,символичный,519.59,,символ,47.02,,символика,11.32,,символически,6.51
,бутерброд,725.55,,бутербродик,503.04,,,,,,,,,
,талон,725.30,,талончик,405.86,,,,,,,,,
,жидкий,725.26,,жидкость,498.35,,жижа,432.58,,жидко,19.27,,жиденький,10.22
,фотка,725.05,,фотон,6.80,,фотонный,1.02,,,,,,
,финка,724.99,,финский,23.62,,,,,,,,,
,сизый,724.85,,,,,,,,,,,,
,лучший,724.79,,наилучший,68.40,,улучшение,55.55,,лучше,48.37,,улучшить,46.47
,мигать,724.60,,миг,517.19,,подмигнуть,384.72,,подмигивать,299.36,,миновать,162.68
,тракт,724.15,,,,,,,,,,,,
,шасси,724.15,,,,,,,,,,,,
,лоток,723.96,,лоточник,403.77,,,,,,,,,
,шпиль,723.90,,шпилька,515.44,,пришпилить,305.12,,,,,,
,мираж,723.80,,,,,,,,,,,,
,сопло,723.20,,сопли,367.62,,сопля,366.41,,сопеть,323.56,,засопеть,209.55
,сауна,723.10,,,,,,,,,,,,
,скоба,722.63,,скобка,625.17,,скобочка,404.20,,скобяной,2.10,,,
,шаман,722.36,,шаманка,504.39,,шаманский,2.55,,шаманизм,0.98,,шаманство,0.77
,тамга,721.85,,таможня,55.72,,таможенник,24.99,,таможенный,14.71,,растаможка,3.31
,подъемник,721.58,,подъем,131.33,,подъемный,12.30,,,,,,
,гусар,721.50,,гусарский,3.61,,,,,,,,,
,коран,721.34,,коранический,0.79,,,,,,,,,
,штурмовик,721.17,,штурмовать,316.04,,штурм,16.15,,штурмовой,8.32,,,
,карий,720.44,,,,,,,,,,,,
,бутик,720.30,,,,,,,,,,,,
,конус,720.14,,конусный,4.07,,,,,,,,,
,булат,719.95,,,,,,,,,,,,
,гулко,719.95,,,,,,,,,,,,
,праздник,719.71,,праздновать,314.81,,празднество,282.81,,упражнение,110.22,,праздничный,96.46
,фишка,719.60,,,,,,,,,,,,
,нырок,719.56,,нырять,652.12,,нырнуть,549.28,,вынырнуть,379.16,,ныряльщик,358.62
,ржать,719.40,,ржание,608.31,,поржать,504.00,,,,,,
,вестибюль,719.24,,,,,,,,,,,,
,лицей,719.17,,лицейский,4.29,,,,,,,,,
,лекция,719.09,,лекционный,4.76,,,,,,,,,
,поросенок,719.06,,поросячий,2.63,,,,,,,,,
,бриллиант,718.94,,,,,,,,,,,,
,студия,718.90,,,,,,,,,,,,
,прожектор,718.37,,прожекторный,1.27,,,,,,,,,
,берет,718.31,,беретик,504.22,,беретка,503.77,,,,,,
,рачок,718.19,,рак,505.09,,рачий,11.50,,раковый,5.99,,,
,глоток,718.11,,глотка,692.06,,глотать,587.89,,глотнуть,445.17,,сглотнуть,380.52
,келья,717.80,,келейник,2.97,,келейный,1.48,,,,,,
,мачеха,717.61,,матушка,712.60,,мать,386.27,,материться,380.68,,материнский,354.96
,ореол,717.15,,,,,,,,,,,,
,варяг,716.80,,,,,,,,,,,,
,танго,716.80,,,,,,,,,,,,
,акула,716.79,,акулий,303.66,,,,,,,,,
,скачок,716.68,,скакать,638.88,,вскочить,579.64,,выскочить,511.26,,отскочить,410.37
,гомон,716.62,,гомонить,406.26,,загомонить,303.32,,угомониться,3.15,,угомонить,1.73
,градусник,716.54,,градус,52.00,,градусный,5.60,,,,,,
,гольф,716.44,,,,,,,,,,,,
,сковорода,715.77,,сковородка,616.07,,,,,,,,,
,столп,715.71,,столпник,2.99,,,,,,,,,
,эмаль,715.40,,,,,,,,,,,,
,шторм,715.32,,штормовка,355.14,,штормить,202.94,,штормовой,4.17,,,
,атлет,714.95,,атлетика,8.20,,атлетический,3.08,,,,,,
,кучер,714.70,,,,,,,,,,,,
,газик,714.35,,,,,,,,,,,,
,бульдозер,713.80,,бульдозерист,202.05,,бульдозерный,2.05,,,,,,
,шприц,713.65,,,,,,,,,,,,
,олово,713.36,,оловянный,357.17,,,,,,,,,
,сабля,713.35,,сабельный,1.94,,,,,,,,,
,фасон,713.26,,фасонный,3.14,,,,,,,,,
,рокот,713.11,,рокотать,405.40,,зарокотать,302.42,,пророкотать,252.21,,,
,егерь,712.95,,,,,,,,,,,,
,десна,712.60,,,,,,,,,,,,
,кварц,712.42,,кварцевый,4.84,,,,,,,,,
,вираж,712.25,,,,,,,,,,,,
,хиппи,712.20,,хипповый,3.02,,,,,,,,,
,ухать,712.11,,ухнуть,611.55,,уханье,605.55,,ухарь,5.28,,,
,соединить,712.10,,соединение,349.45,,объединить,303.43,,единый,293.16,,единица,278.48
,кадык,712.06,,закадычный,2.05,,,,,,,,,
,забурлить,711.98,,бурлить,524.43,,бурный,64.27,,бурно,41.76,,буря,36.70
,пикет,711.50,,пикетчик,403.58,,,,,,,,,
,террор,711.43,,антитеррор,613.69,,террористка,509.32,,террорист,47.85,,терроризм,44.71
,ситец,711.40,,ситцевый,408.36,,,,,,,,,
,пьедестал,711.38,,,,,,,,,,,,
,дрейф,711.31,,дрейфовать,305.34,,дрейфить,2.22,,сдрейфить,1.30,,,
,помпа,711.18,,помповый,1.60,,помпезный,1.40,,,,,,
,круиз,710.91,,круизный,402.68,,,,,,,,,
,желоб,710.50,,желобок,504.97,,,,,,,,,
,колотушка,710.50,,сколотить,372.60,,заколотить,317.37,,сколачивать,257.83,,приколотить,257.50
,пленка,710.11,,пленочный,5.96,,,,,,,,,
,патронник,709.82,,патронный,707.83,,патрон,680.54,,патронат,406.76,,,
,нескучный,709.70,,скучнейший,605.37,,скучновато,305.37,,скучно,36.71,,,
,фейерверк,709.63,,,,,,,,,,,,
,кроссовок,709.44,,кроссовка,709.27,,кросс,16.74,,,,,,
,кайма,709.29,,окаймить,5.65,,окаймлять,4.65,,,,,,
,наган,709.27,,,,,,,,,,,,
,пурга,709.27,,,,,,,,,,,,
,керосинка,708.66,,керосин,525.25,,керосиновый,9.56,,,,,,
,коньяк,708.60,,,,,,,,,,,,
,замша,708.57,,замшевый,406.32,,,,,,,,,
,ваять,708.40,,изваять,506.93,,изваяние,409.05,,ваятель,5.29,,ваяние,4.80
,вешка,708.27,,веха,22.93,,,,,,,,,
,бронх,708.18,,бронхиальный,2.25,,бронхит,1.35,,,,,,
,минералка,707.98,,минерал,527.34,,,,,,,,,
,армия,707.91,,армеец,669.62,,армейский,63.27,,,,,,
,одуванчик,707.88,,,,,,,,,,,,
,аккордеон,707.78,,аккордеонист,201.53,,,,,,,,,
,ленок,707.75,,льняной,510.35,,,,,,,,,
,щиколотка,707.70,,,,,,,,,,,,
,эскалатор,707.70,,,,,,,,,,,,
,мошна,707.64,,мошонка,509.45,,мошенник,1.93,,,,,,
,контрабас,707.52,,,,,,,,,,,,
,перси,707.51,,перс,20.12,,персидский,3.51,,наперсный,2.10,,наперсник,1.88
,песец,707.41,,песцовый,403.35,,псина,177.85,,,,,,
,плюха,707.27,,плюхаться,355.75,,плюхнуться,309.09,,,,,,
,буран,707.18,,,,,,,,,,,,
,гогот,707.16,,гоготать,405.37,,загоготать,302.62,,,,,,
,прачечная,707.14,,прачка,608.13,,,,,,,,,
,батарейка,707.07,,батарейный,2.20,,,,,,,,,
,нумер,707.07,,нумерация,1.47,,нумеровать,1.42,,,,,,
,мумия,707.00,,,,,,,,,,,,
,шпала,707.00,,,,,,,,,,,,
,циферблат,706.65,,,,,,,,,,,,
,канарейка,706.46,,канареечный,252.42,,канарский,1.90,,,,,,
,оранжерея,706.37,,оранжерейный,201.40,,,,,,,,,
,гнездовье,706.37,,гнездо,35.22,,гнездиться,11.71,,гнездышко,5.52,,гнездовой,1.59
,цокот,706.24,,цокать,610.24,,цоканье,504.46,,зацокать,403.85,,поцокать,403.57
,чекан,706.14,,чеканка,507.91,,чеканить,406.80,,отчеканить,307.21,,чеканный,6.80
,тулья,705.94,,втулка,606.24,,притулиться,253.00,,,,,,
,дочь,705.57,,дочка,380.53,,доча,67.42,,дочурка,66.11,,доченька,60.59
,дракончик,705.37,,дракон,626.50,,драконий,204.11,,драконовский,0.48,,,
,парок,705.21,,непарный,3.16,,попарный,0.61,,,,,,
,стремянка,705.09,,стремя,610.08,,постромка,2.68,,,,,,
,лохмы,704.87,,лохматый,424.65,,лохмотья,407.67,,взлохматить,127.91,,,
,таран,704.70,,таранить,100.75,,таранный,100.69,,протаранить,63.04,,,
,закут,704.43,,закуток,509.49,,,,,,,,,
,экипаж,704.40,,,,,,,,,,,,
,трасса,702.33,,трассирующий,4.63,,трассировать,2.12,,,,,,
,кипеть,702.03,,кипение,541.95,,кипяток,532.43,,кипятильник,512.37,,закипеть,429.27
,библия,701.77,,библиотечка,258.87,,библиотекарь,16.14,,,,,,
,коллега,701.50,,,,,,,,,,,,
,команда,700.81,,командир,447.33,,командовать,392.48,,командный,143.95,,командование,110.57
,манить,698.81,,поманить,456.13,,приманка,425.28,,заманить,223.76,,обман,221.62
,электричка,698.44,,электрон,510.85,,электрик,470.27,,электронный,74.93,,электроника,30.00
,поэт,697.24,,поэтесса,66.83,,поэтический,45.96,,поэтика,20.14,,поэтичный,15.00
,затвор,694.65,,створка,573.59,,отворить,451.22,,отворять,428.22,,отвориться,336.30
,иск,693.29,,искать,530.92,,розыск,269.22,,взыскание,165.66,,отыскать,160.52
,кислый,693.03,,окисление,390.84,,кислота,27.89,,перекись,22.60,,кисель,15.47
,короткий,691.21,,коротко,96.71,,краткий,84.39,,прекратить,64.43,,демократия,60.68
,долька,690.19,,доля,309.67,,преодолеть,61.06,,одолеть,60.82,,преодолевать,27.93
,застрелить,689.25,,выстрелить,410.73,,стрела,363.57,,стрелять,346.34,,стрелка,305.84
,завтрак,688.83,,завтракать,359.86,,позавтракать,231.43,,завтра,125.32,,завтрашний,19.99
,диплом,688.46,,дипломный,10.78,,дипломник,8.50,,дипломант,6.43,,,
,кривая,687.46,,искривить,186.93,,кривой,52.29,,кривить,19.06,,криво,16.57
,некуда,685.80,,,,,,,,,,,,
,членик,682.53,,член,442.95,,расчленить,83.55,,членский,22.81,,членство,18.36
,музыка,679.63,,музыкант,616.46,,музыкантша,316.21,,музыкальный,86.71,,музычка,33.10
,громкий,679.09,,разгром,583.59,,огромный,548.83,,разгромить,196.78,,негромко,192.89
,лозунг,675.60,,,,,,,,,,,,
,гитара,674.39,,гитарный,206.86,,гитарист,17.61,,,,,,
,крутить,674.22,,крутиться,451.05,,покрутить,406.24,,закрутить,405.25,,раскрутить,344.24
,матрос,673.69,,матросик,410.45,,матроска,409.35,,матросский,314.45,,,
,пузырь,673.32,,пузырек,545.43,,пузо,428.04,,пузан,356.74,,пузыриться,313.24
,броситься,672.56,,бросаться,563.64,,отбросить,529.38,,бросить,385.42,,выбрасывать,363.35
,хлопья,671.40,,хлопать,633.70,,похлопать,413.16,,захлопать,397.49,,захлопнуть,359.20
,грузин,671.30,,грузинка,411.24,,грузинский,22.06,,по-грузински,3.44,,,
,шерсть,668.11,,шерстка,514.48,,шерстистый,305.86,,шерстяной,28.99,,шерстить,6.99
,барьер,667.94,,барьерный,7.02,,,,,,,,,
,пробка,666.11,,пробковый,10.23,,,,,,,,,
,гасить,665.96,,погасить,461.96,,гаснуть,281.80,,загасить,209.98,,погаснуть,203.00
,сердцевина,663.94,,усердно,609.72,,сердце,447.67,,сердиться,156.47,,сердечный,75.15
,индекс,662.61,,индексация,3.64,,индексный,3.04,,,,,,
,китаец,661.50,,,,,,,,,,,,
,государь,660.93,,государыня,365.97,,государство,314.08,,государев,75.41,,,
,ветхий,660.72,,ветшать,6.00,,ветошь,4.95,,обветшать,2.71,,ветхость,2.40
,вырваться,660.35,,рвать,609.31,,взрыв,556.47,,порыв,540.35,,оторваться,517.20
,маневр,658.44,,маневренный,259.44,,маневровый,4.09,,,,,,
,маршал,658.19,,,,,,,,,,,,
,стричь,658.08,,стрижка,542.59,,остричь,528.83,,постриг,521.88,,постричь,418.83
,резина,657.14,,резинка,542.15,,резиновый,396.28,,резиночка,357.57,,,
,стихия,656.70,,,,,,,,,,,,
,пылать,655.77,,запылать,413.32,,воспылать,358.81,,пыл,33.52,,пылкий,17.72
,панель,654.53,,панельный,12.59,,,,,,,,,
,святой,653.60,,посвятить,326.84,,святейший,123.25,,священный,107.32,,святитель,71.96
,очередь,653.15,,череда,187.73,,учреждение,148.79,,черед,110.87,,очередной,109.25
,митинг,651.97,,митинговать,256.55,,митинговый,4.06,,,,,,
,эшелон,651.89,,,,,,,,,,,,
,теннис,651.10,,тенниска,406.84,,теннисист,365.61,,теннисистка,255.06,,теннисный,21.42
,чертеж,651.00,,,,,,,,,,,,
,орбита,650.91,,орбитальный,11.22,,,,,,,,,
,хищник,650.46,,хищный,344.16,,похитить,118.93,,похищение,99.83,,хит,58.94
,курорт,649.77,,курортный,369.54,,курортник,361.48,,,,,,
,щелчок,648.92,,щелкать,548.45,,защелка,521.79,,щелкнуть,451.81,,щелкунчик,365.67
,прятки,648.63,,прятать,648.63,,спрятать,542.81,,прятаться,456.90,,опрятный,436.97
,анкета,647.62,,анкетный,2.96,,,,,,,,,
,чемпион,647.17,,чемпионка,383.75,,экс-чемпион,260.35,,чемпионат,125.34,,чемпионский,11.73
,железа,645.58,,железистый,5.94,,,,,,,,,
,брызги,645.18,,сбрызнуть,356.21,,брызгаться,306.30,,побрызгать,305.83,,брызнуть,211.11
,кулиса,645.00,,,,,,,,,,,,
,хоккей,641.93,,хоккейный,8.00,,,,,,,,,
,нюхать,641.07,,обнюхать,412.61,,принюхаться,258.16,,занюхать,204.77,,понюхать,13.05
,мрамор,639.87,,мраморный,379.69,,,,,,,,,
,гулкий,639.83,,гул,493.63,,,,,,,,,
,спектакль,639.19,,,,,,,,,,,,
,силуэт,638.10,,,,,,,,,,,,
,причал,637.95,,отчалить,411.49,,причалить,360.30,,отчаливать,305.78,,причаливать,254.54
,банкет,637.66,,банкетка,405.23,,банкетный,8.45,,,,,,
,клапан,637.18,,клапанный,5.60,,,,,,,,,
,юбиляр,636.69,,юбилей,104.92,,юбилейный,20.77,,,,,,
,шарить,636.42,,пошарить,416.41,,нашарить,411.45,,нашаривать,305.35,,обшарить,206.18
,бронза,636.34,,бронзовый,381.93,,,,,,,,,
,лизать,636.34,,лизнуть,525.53,,облизать,420.11,,вылизать,413.02,,слизывать,362.64
,паспорт,636.15,,паспортный,13.72,,паспортистка,2.73,,,,,,
,папа,635.64,,папаша,125.26,,папаня,45.39,,папин,38.51,,папуля,30.84
,кабель,634.89,,кабельный,13.00,,,,,,,,,
,десант,634.45,,десантник,370.56,,десантный,15.07,,,,,,
,ячейка,634.33,,ячеистый,405.75,,,,,,,,,
,романс,633.90,,,,,,,,,,,,
,режиссер,633.77,,режиссерский,40.13,,режиссура,28.96,,,,,,
,снасть,632.92,,оснастить,42.94,,оснащение,13.58,,оснастка,13.37,,оснащать,12.85
,радость,632.75,,рад,379.72,,радоваться,246.41,,радовать,192.78,,обрадоваться,139.53
,фермер,632.32,,фермерский,5.71,,фермерство,1.07,,,,,,
,ничком,631.96,,ничья,28.88,,вничью,11.52,,ничейный,10.22,,ничтожный,5.90
,перрон,631.80,,,,,,,,,,,,
,парить,631.73,,воспарить,355.88,,воспарять,353.72,,,,,,
,призер,631.71,,приз,97.64,,,,,,,,,
,осанка,629.99,,осанистый,356.35,,приосаниться,205.13,,сан,11.96,,сановник,7.78
,дед,629.43,,дедушка,232.81,,прадед,93.79,,дедок,39.04,,дедуля,37.94
,дизель,629.26,,дизельный,16.08,,,,,,,,,
,алтарь,629.06,,алтарный,6.39,,,,,,,,,
,чинить,628.77,,чинно,10.45,,,,,,,,,
,шелест,628.65,,шелестеть,366.57,,зашелестеть,255.34,,прошелестеть,205.65,,,
,цемент,628.31,,цементный,14.02,,,,,,,,,
,каркас,628.26,,каркасный,3.42,,,,,,,,,
,монтер,627.70,,монтажник,364.54,,монтаж,65.94,,смонтировать,14.10,,монтировать,13.33
,никель,627.55,,никелевый,5.91,,,,,,,,,
,паркет,627.50,,паркетный,7.00,,,,,,,,,
,пазуха,626.70,,,,,,,,,,,,
,стежок,626.21,,застежка,422.82,,стеганый,418.47,,застегнуть,326.40,,отстегнуть,316.52
,педаль,625.80,,,,,,,,,,,,
,планка,625.20,,,,,,,,,,,,
,пепельница,624.75,,пепел,384.06,,пепельный,364.75,,пепелище,204.21,,испепелить,151.94
,колода,624.40,,колодка,515.58,,подколодный,1.43,,,,,,
,гранит,624.37,,гранитный,15.46,,,,,,,,,
,двойник,624.06,,вдвоем,300.51,,двойной,126.74,,дважды,82.80,,двойка,80.68
,козырь,623.70,,козырной,7.63,,козырнуть,7.57,,козырять,1.77,,,
,прищур,623.25,,щурить,621.52,,щуриться,428.90,,сощурить,413.95,,прищурить,368.00
,трофей,623.12,,трофейный,13.24,,,,,,,,,
,оргазм,622.80,,,,,,,,,,,,
,мюзикл,622.50,,,,,,,,,,,,
,курьер,622.26,,курьерский,2.43,,,,,,,,,
,фарфор,621.77,,фарфоровый,12.80,,,,,,,,,
,компот,621.60,,,,,,,,,,,,
,курсант,621.51,,сокурсник,384.85,,курсистка,371.34,,курс,298.12,,курсировать,270.32
,пустыня,621.33,,пустой,600.66,,пустырь,569.11,,пустынный,235.95,,пустяк,117.58
,охапка,620.31,,хапать,303.53,,хапнуть,253.14,,,,,,
,бармен,620.20,,барменша,405.09,,,,,,,,,
,протез,619.90,,,,,,,,,,,,
,каскад,619.59,,каскадер,407.33,,каскадный,4.40,,,,,,
,витязь,619.50,,,,,,,,,,,,
,тамбур,619.50,,,,,,,,,,,,
,мерцать,619.23,,сумерки,576.36,,сумрак,358.64,,мрак,253.49,,сумеречный,168.97
,холодильник,619.14,,холодный,392.75,,холод,204.41,,прохладный,109.28,,охладить,87.28
,ювелир,619.13,,ювелирный,8.16,,,,,,,,,
,механик,618.94,,механизатор,277.60,,механизм,264.03,,механика,45.71,,механический,33.77
,султан,618.90,,,,,,,,,,,,
,стажер,618.72,,стажерка,405.73,,стаж,16.51,,стажировка,6.62,,,
,россиянин,618.71,,российский,497.79,,,,,,,,,
,курган,618.68,,курганский,3.27,,,,,,,,,
,боксер,618.40,,боксерский,5.36,,,,,,,,,
,пастор,618.00,,,,,,,,,,,,
,зигзаг,617.66,,,,,,,,,,,,
,оркестр,617.64,,оркестрик,358.76,,оркестрант,13.84,,оркестровый,7.13,,оркестровка,4.64
,казино,617.55,,,,,,,,,,,,
,трусца,617.50,,труха,361.79,,затрусить,355.89,,потрусить,355.89,,трухлявый,179.66
,атаман,617.40,,,,,,,,,,,,
,гадюка,617.03,,гадость,8.03,,гадить,7.58,,загадить,5.68,,нагадить,4.01
,лезвие,616.95,,,,,,,,,,,,
,ковбой,616.69,,ковбойка,406.35,,ковбойский,4.93,,,,,,
,сперма,616.69,,спермий,2.12,,,,,,,,,
,скелет,616.63,,скелетный,2.98,,,,,,,,,
,макияж,616.50,,,,,,,,,,,,
,лайнер,616.40,,,,,,,,,,,,
,обворовать,616.28,,вор,278.68,,воровка,131.78,,воровато,105.60,,вороватый,4.75
,катюша,616.20,,,,,,,,,,,,
,фреска,616.20,,,,,,,,,,,,
,маркиз,616.19,,маркиза,507.62,,,,,,,,,
,боцман,616.19,,боцманский,2.24,,,,,,,,,
,овация,615.90,,,,,,,,,,,,
,раввин,615.90,,,,,,,,,,,,
,гравий,615.89,,гравийный,5.29,,,,,,,,,
,лопать,615.86,,лопнуть,549.12,,слопать,518.26,,лопаться,211.49,,лопоухий,205.52
,сигара,615.60,,сигаретка,355.29,,сигаретный,4.73,,сигарный,2.82,,,
,дрожжи,615.55,,дрожжевой,3.70,,,,,,,,,
,икнуть,615.15,,заикаться,9.41,,икота,7.22,,заикнуться,4.99,,заика,4.84
,вентилятор,614.98,,вентиль,520.83,,вентиляция,13.72,,,,,,
,медвежонок,614.74,,медвежий,18.93,,медвежатник,1.96,,,,,,
,внедриться,614.65,,внедрение,434.60,,недра,82.42,,внедрить,26.60,,внедряться,13.37
,игумен,614.57,,игумения,404.86,,игуменья,404.61,,,,,,
,компас,614.40,,,,,,,,,,,,
,румяна,614.35,,румяный,530.58,,румянец,525.90,,подрумянить,253.32,,зарумяниться,202.97
,коготь,614.14,,коготок,504.66,,когтистый,178.00,,,,,,
,лощина,613.93,,лощинка,505.53,,лосниться,361.75,,лоск,16.80,,лощеный,3.27
,цедить,613.88,,нацедить,404.63,,процедить,364.82,,сцеживать,354.79,,процеживать,253.66
,каратэ,613.50,,,,,,,,,,,,
,колосс,613.50,,колоссальный,4.37,,колоссально,1.12,,,,,,
,гавань,613.49,,гаванский,1.20,,,,,,,,,
,тикать,613.47,,тиканье,505.25,,тик,17.50,,,,,,
,партер,613.33,,партерный,1.34,,,,,,,,,
,мессия,613.16,,мессианский,1.67,,мессианство,0.61,,,,,,
,унитаз,613.05,,,,,,,,,,,,
,десерт,613.01,,десертный,3.17,,,,,,,,,
,копоть,612.67,,коптить,515.56,,копченый,420.00,,коптилка,410.69,,коптильня,355.00
,брюнет,612.64,,брюнетка,411.41,,брюнеточка,303.16,,,,,,
,запихивать,612.62,,пихать,309.78,,пихнуть,258.59,,спихнуть,206.70,,впихнуть,205.75
,терминатор,612.41,,терминал,440.88,,термин,175.39,,,,,,
,ателье,612.30,,,,,,,,,,,,
,пикник,612.30,,,,,,,,,,,,
,кутать,611.97,,окутать,524.69,,укутать,518.66,,закутать,415.71,,кутаться,414.66
,гипертекст,611.92,,текст,265.97,,подтекст,31.05,,текстовый,11.40,,,
,кобура,611.85,,,,,,,,,,,,
,оберточный,611.81,,обертка,537.70,,обернуть,32.78,,обернуться,23.64,,обертывание,3.28
,одобрить,611.60,,добрый,205.95,,добро,141.09,,доброта,107.56,,одобрение,64.16
,дельта,611.40,,,,,,,,,,,,
,соната,611.40,,,,,,,,,,,,
,махина,611.29,,махинация,0.99,,,,,,,,,
,азбука,611.10,,,,,,,,,,,,
,кордон,611.10,,,,,,,,,,,,
,мичман,611.10,,,,,,,,,,,,
,клепка,610.94,,клепать,506.45,,заклепка,406.75,,склеп,355.39,,поклеп,0.86
,лоджия,610.80,,,,,,,,,,,,
,маркер,610.80,,,,,,,,,,,,
,специя,610.80,,,,,,,,,,,,
,кубрик,610.50,,,,,,,,,,,,
,кинжал,610.49,,кинжальный,1.57,,,,,,,,,
,плашмя,610.38,,плашка,605.55,,плаха,353.62,,,,,,
,кандидатка,610.11,,кандидат,156.46,,кандидатура,49.97,,кандидатский,21.94,,,
,фабрика,609.95,,фабрикант,15.03,,фабричный,11.88,,сфабриковать,1.99,,фабриковать,1.43
,комбинезон,609.75,,,,,,,,,,,,
,скорая,609.69,,скорейший,3.03,,нескоро,2.33,,ускоренно,0.82,,,
,вытащить,609.33,,потащить,497.93,,тащить,421.23,,таскать,330.97,,вытаскивать,316.27
,экскаватор,609.20,,,,,,,,,,,,
,байкер,609.10,,байковый,9.00,,,,,,,,,
,изумрудный,609.01,,изумруд,513.20,,,,,,,,,
,попадя,609.00,,невпопад,2.18,,,,,,,,,
,косметичка,608.91,,косметика,381.92,,косметолог,11.42,,,,,,
,фунтик,608.77,,фунт,47.38,,,,,,,,,
,жигуль,608.62,,жигуленок,356.01,,жигулевский,4.80,,,,,,
,фортепиано,608.59,,фортепьяно,605.62,,фортепианный,3.75,,,,,,
,хижина,608.55,,,,,,,,,,,,
,погрустить,608.52,,грусть,13.00,,грустно,7.17,,взгрустнуть,7.10,,грустный,6.21
,баскет,608.17,,,,,,,,,,,,
,клекот,608.05,,клокотать,358.36,,заклокотать,252.17,,клокотание,2.60,,,
,щеголь,607.88,,щеголять,408.14,,щегольнуть,302.49,,щегольской,4.32,,щеголеватый,3.11
,лавина,607.87,,,,,,,,,,,,
,микроб,607.83,,микробный,0.75,,,,,,,,,
,жмурки,607.82,,жмуриться,362.70,,зажмурить,362.07,,зажмуриться,264.94,,зажмуривать,253.26
,бункер,607.80,,,,,,,,,,,,
,войлок,607.52,,войлочный,354.76,,,,,,,,,
,драить,607.35,,задраить,404.20,,надраить,404.00,,отдраить,402.53,,,
,клавиатура,607.20,,,,,,,,,,,,
,медуза,607.20,,,,,,,,,,,,
,шелуха,607.10,,отшелушивать,201.67,,шелушиться,151.86,,,,,,
,портки,607.09,,портной,521.99,,портниха,411.43,,портянка,409.18,,напортить,1.15
,лазурь,606.89,,лазурный,406.63,,лазоревый,353.07,,,,,,
,клякса,606.75,,,,,,,,,,,,
,палисадник,606.58,,палисад,504.20,,,,,,,,,
,надолб,606.57,,выдолбить,355.42,,долбить,258.98,,долбать,254.54,,долбануть,178.46
,истощаться,606.56,,тощий,382.07,,неистощимый,64.63,,натощак,6.85,,истощение,4.79
,виолончель,606.46,,виолончелист,202.62,,,,,,,,,
,стюард,606.12,,стюардесса,307.17,,,,,,,,,
,полынь,605.83,,полынный,201.59,,,,,,,,,
,деготь,605.76,,дегтярный,176.25,,,,,,,,,
,макака,605.70,,,,,,,,,,,,
,ястреб,605.69,,ястребиный,150.95,,,,,,,,,
,папоротник,605.55,,,,,,,,,,,,
,бурьян,605.25,,,,,,,,,,,,
,барабанчик,604.94,,барабан,551.57,,барабанный,314.61,,барабанить,312.83,,барабанщик,312.35
,группа,604.88,,группировка,73.38,,группка,37.83,,групповой,33.07,,подгруппа,17.34
,интригующе,604.77,,интриган,412.32,,интригующий,258.20,,интрига,12.92,,интриговать,9.33
,пурпур,604.41,,пурпурный,355.75,,,,,,,,,
,откупорить,604.39,,раскупорить,501.89,,откупоривать,402.00,,укупорить,352.95,,закупорить,304.53
,ржанье,603.60,,заржать,254.24,,,,,,,,,
,терние,603.20,,терновник,351.21,,терновый,201.85,,тернистый,176.87,,,
,балаганчик,603.12,,балаган,504.82,,балаганный,1.47,,,,,,
,галера,602.81,,галерка,506.62,,галерист,2.79,,галерный,1.65,,,
,актриса,602.61,,,,,,,,,,,,
,поворотник,601.87,,бесповоротно,0.46,,,,,,,,,
,простор,599.46,,просторный,358.92,,стертый,15.79,,простереть,14.47,,простереться,3.16
,полк,599.32,,полковник,576.86,,ополченец,380.80,,подполковник,267.88,,ополчение,196.09
,полиция,595.50,,,,,,,,,,,,
,пациент,594.49,,пациентка,371.26,,пациенс,2.50,,,,,,
,копейка,593.57,,копеечка,420.73,,копеечный,3.80,,,,,,
,товарный,587.71,,товарняк,435.79,,товарищ,379.83,,товар,376.34,,товарищеский,237.97
,позвонить,581.08,,позванивать,270.90,,,,,,,,,
,кафедра,580.46,,кафедральный,5.40,,,,,,,,,
,пахучий,580.21,,запах,507.92,,распахнуть,423.11,,нараспашку,333.28,,пахнуть,306.59
,грамота,577.70,,грамотный,25.61,,грамотно,10.52,,грамотей,6.34,,неграмотный,4.80
,граница,577.53,,грань,413.85,,пограничный,106.99,,ограничение,93.41,,заграничный,48.71
,батарея,571.75,,,,,,,,,,,,
,татарин,570.76,,татарка,516.45,,татарчонок,306.24,,татарский,26.94,,по-татарски,3.19
,молебен,569.20,,молитва,255.72,,молиться,175.05,,умолять,76.75,,молить,64.60
,конверт,567.38,,конвертик,358.88,,конвертер,357.83,,,,,,
,трибуна,566.73,,трибун,18.58,,,,,,,,,
,случайно,565.73,,случаем,132.53,,случившееся,5.08,,,,,,
,решить,564.02,,решение,494.45,,решать,273.73,,разрешить,264.91,,разрешение,230.29
,желудок,563.69,,желудочек,12.39,,желудочный,12.36,,,,,,
,мысль,562.93,,смысл,530.60,,замысел,268.27,,промышленный,136.03,,мышление,112.83
,покой,562.51,,успокоить,197.53,,успокоиться,177.58,,успокаивать,112.19,,покойный,100.35
,обитель,562.43,,обиталище,365.02,,обитатель,54.17,,обитать,33.94,,обитание,21.56
,роман,562.35,,романист,435.27,,романчик,18.09,,романский,15.83,,романный,14.02
,танкист,562.13,,танк,464.95,,танка,9.60,,танковый,7.63,,,
,печатный,562.12,,отпечаток,467.48,,напечатать,465.76,,печататься,393.93,,печать,107.39
,гулянье,560.85,,прогулка,535.86,,погулять,491.75,,гулять,444.47,,разгул,337.46
,патриот,560.39,,патриотка,358.23,,патриотизм,8.45,,патриотичный,3.15,,,
,пестрый,559.55,,пестреть,419.83,,испещрить,365.26,,запестреть,305.34,,пестренький,265.89
,галерея,558.00,,,,,,,,,,,,
,чертить,557.90,,очертить,465.11,,черточка,439.15,,начертить,379.33,,черта,353.76
,клиника,555.75,,,,,,,,,,,,
,долгий,555.16,,долго,442.60,,продолжать,184.94,,продолжение,129.55,,надолго,108.48
,епископ,549.60,,епископат,2.80,,епископский,2.53,,,,,,
,чудо,549.52,,чудовище,225.64,,чудесный,83.30,,чудак,80.19,,чудный,74.96
,эстрада,548.76,,эстрадный,25.65,,эстрадник,6.74,,,,,,
,агрегат,548.09,,агрегатный,3.35,,,,,,,,,
,делегат,547.10,,делегация,60.09,,делегировать,5.05,,,,,,
,аукцион,544.81,,аукционный,4.49,,,,,,,,,
,дирижер,544.24,,дирижировать,209.57,,дирижерский,7.07,,,,,,
,пот,542.21,,пропотеть,361.69,,потный,334.17,,потеть,325.80,,запотевший,314.17
,мотнуть,541.49,,обмотка,534.26,,намотать,428.75,,смотаться,370.06,,помотать,216.21
,минута,541.27,,поминутно,411.83,,минутный,47.24,,минутка,37.66,,минуточка,19.77
,кавалер,541.08,,кавалерия,363.38,,кавалерист,311.47,,,,,,
,тонкий,540.13,,тоненький,465.48,,тон,320.83,,тонко,98.57,,интонация,77.21
,чин,539.80,,чиновник,414.22,,причина,236.69,,сочинение,156.19,,подчиняться,152.44
,визитка,537.11,,визит,193.22,,визитный,35.68,,визитер,31.54,,,
,каталог,535.86,,,,,,,,,,,,
,матрица,535.33,,матричный,4.14,,,,,,,,,
,радиола,535.03,,радио,272.22,,,,,,,,,
,инвестор,533.24,,инвестиция,60.76,,,,,,,,,
,нерв,532.90,,нервный,47.02,,нервничать,17.84,,нервно,16.02,,нервозный,4.66
,спарить,532.25,,пара,336.06,,спаривание,312.90,,напарник,83.82,,парочка,60.57
,материк,532.10,,матерый,13.14,,матерчатый,9.75,,материковый,5.88,,заматереть,2.60
,шуршать,531.68,,зашуршать,360.81,,прошуршать,305.00,,шуршание,13.10,,,
,жир,531.42,,жировой,267.56,,жировать,207.34,,жирный,29.23,,жирно,17.64
,путевка,530.00,,,,,,,,,,,,
,сибиряк,529.79,,сибирский,31.89,,,,,,,,,
,хлынуть,528.91,,нахлынуть,12.00,,схлынуть,10.00,,отхлынуть,5.61,,,
,пианист,528.76,,пианистка,360.21,,,,,,,,,
,скромный,528.42,,укромный,438.40,,искромсать,312.28,,скромничать,262.53,,кроме,184.48
,реактор,526.87,,реактив,11.46,,реактивный,8.93,,реактивность,1.10,,,
,швейцар,526.39,,швейцарец,363.29,,швейцарка,354.94,,швейцарский,9.25,,,
,патруль,525.40,,патрульный,11.43,,,,,,,,,
,слесарь,525.17,,слесарный,3.03,,,,,,,,,
,паренек,525.00,,,,,,,,,,,,
,американец,524.99,,американка,353.16,,американский,115.38,,американизм,4.42,,,
,артерия,524.75,,артериальный,2.82,,,,,,,,,
,диагностика,524.61,,диагностикум,0.80,,,,,,,,,
,огрызок,524.45,,грызть,329.34,,грызун,315.50,,вгрызаться,155.57,,перегрызть,154.77
,лиловый,523.99,,,,,,,,,,,,
,цыпочки,523.50,,,,,,,,,,,,
,сувенир,523.23,,сувенирный,7.01,,,,,,,,,
,юморист,522.98,,юмор,35.60,,юмореска,8.76,,,,,,
,антенна,522.82,,антенный,3.57,,,,,,,,,
,моргать,522.59,,моргнуть,417.36,,заморгать,360.96,,поморгать,356.20,,помаргивать,253.84
,брезент,522.53,,брезентовый,10.83,,,,,,,,,
,треугольник,522.53,,треугольный,266.09,,,,,,,,,
,блондин,522.43,,блондинка,375.88,,блондиночка,253.31,,,,,,
,совсем,522.07,,вовсе,342.13,,весьма,306.57,,вовсю,198.27,,весь,92.89
,белорус,521.58,,белорусский,10.86,,,,,,,,,
,локатор,521.49,,локация,4.39,,,,,,,,,
,фантаст,521.37,,фантастика,14.10,,фантастичный,3.49,,фантастично,2.82,,,
,каленый,520.20,,закалить,416.16,,накалить,415.68,,раскалить,381.80,,раскаленный,264.70
,брошюра,520.15,,брошюрка,407.55,,,,,,,,,
,фронт,520.08,,фронтовик,395.22,,фронтовой,29.14,,фронтальный,10.05,,прифронтовой,5.44
,трапеза,519.54,,трапезная,356.12,,сотрапезник,1.60,,затрапезный,0.91,,,
,динамика,519.50,,динамо,25.87,,динамик,25.29,,динамичный,9.89,,динамический,9.13
,борозда,518.97,,бороздка,407.52,,бороздить,356.34,,избороздить,126.54,,,
,вяленый,518.92,,вялый,38.12,,вяло,24.35,,увядший,11.86,,вянуть,11.75
,казарма,518.01,,казарменный,3.57,,,,,,,,,
,питерец,518.00,,питерский,15.57,,,,,,,,,
,фыркать,517.25,,фырчать,506.52,,фыркнуть,420.60,,зафыркать,354.08,,пофыркивать,252.92
,приятель,517.01,,приятельница,220.32,,приятельский,5.19,,приятельство,1.54,,,
,известь,516.79,,известка,408.89,,известняк,360.60,,известковый,7.12,,,
,тусовка,516.50,,,,,,,,,,,,
,рентген,516.22,,,,,,,,,,,,
,мозаика,516.20,,мозаичный,6.61,,,,,,,,,
,бильярд,516.16,,бильярдная,305.42,,бильярдный,6.85,,,,,,
,гимнастерка,516.13,,,,,,,,,,,,
,трактир,515.21,,трактирщик,305.47,,трактирный,1.58,,,,,,
,психованный,514.92,,психушка,117.09,,психика,47.41,,психический,30.43,,психовать,19.81
,поперек,514.85,,поперечно,3.67,,,,,,,,,
,планшет,514.56,,планшетка,354.64,,,,,,,,,
,эмбрион,514.43,,,,,,,,,,,,
,турбина,514.28,,турбинный,1.91,,,,,,,,,
,шеренга,514.25,,,,,,,,,,,,
,жужжать,514.03,,жужжание,407.35,,зажужжать,354.01,,прожужжать,151.84,,,
,настежь,514.00,,,,,,,,,,,,
,знойный,513.91,,зной,413.11,,,,,,,,,
,мадонна,513.50,,,,,,,,,,,,
,всмятку,513.40,,мятеж,23.80,,мятежник,7.79,,смятение,7.47,,безмятежный,7.32
,презент,513.30,,презентация,18.96,,презентовать,5.49,,,,,,
,срочник,513.25,,срочно,28.54,,,,,,,,,
,актерка,513.06,,актерский,43.66,,актерство,4.57,,,,,,
,слобода,513.06,,слободка,407.48,,слободской,2.08,,,,,,
,звякать,513.02,,звякнуть,416.69,,позвякивать,256.51,,звяканье,6.52,,позвякивание,2.17
,премьера,512.87,,премьер,145.59,,премьерный,9.02,,премьер-лига,5.80,,экс-премьер,4.02
,эмблема,512.75,,,,,,,,,,,,
,армянка,512.75,,по-армянски,505.33,,армянин,42.28,,армянский,32.54,,,
,маринад,511.89,,мариновать,305.44,,маринованный,203.82,,маринование,2.14,,,
,джазмен,511.87,,джазист,511.32,,джаз,62.21,,джазовый,21.62,,,
,баррель,511.75,,,,,,,,,,,,
,дисплей,511.75,,,,,,,,,,,,
,костыль,511.75,,накостылять,63.11,,,,,,,,,
,манекен,511.66,,манекенщица,256.18,,,,,,,,,
,хохолок,511.54,,нахохлить,353.17,,нахохлиться,254.53,,,,,,
,шиворот,511.11,,,,,,,,,,,,
,черенок,510.95,,черешок,504.90,,,,,,,,,
,штабель,510.50,,,,,,,,,,,,
,кавычка,510.47,,закавыка,0.82,,,,,,,,,
,кочегар,510.28,,кочегарка,353.98,,,,,,,,,
,карабин,510.18,,карабинер,353.59,,,,,,,,,
,сморчок,510.06,,сморкаться,153.82,,высморкаться,102.20,,насморк,8.22,,насмарку,0.86
,отдохнуть,510.05,,вдохнуть,483.36,,вздох,475.74,,выдохнуть,441.02,,вздохнуть,305.56
,карабкаться,510.03,,,,,,,,,,,,
,гортань,509.80,,гортанный,355.70,,гортанно,2.91,,,,,,
,шмыгать,509.74,,шмыгнуть,409.40,,прошмыгнуть,254.02,,,,,,
,траншея,509.63,,,,,,,,,,,,
,маникюр,509.29,,маникюрный,2.69,,маникюрша,1.19,,,,,,
,мультик,509.24,,,,,,,,,,,,
,платина,509.10,,платиновый,305.78,,,,,,,,,
,логотип,509.00,,,,,,,,,,,,
,чмокать,508.93,,чмокнуть,411.06,,чмоканье,403.69,,зачмокать,353.23,,почмокать,353.23
,зенитка,508.92,,зенитчик,407.32,,зенит,48.95,,зенитный,40.76,,,
,декодер,508.92,,код,55.31,,кода,7.97,,кодовый,6.40,,кодировать,3.54
,полынья,508.85,,полость,41.05,,полый,36.49,,полостной,2.53,,,
,кремень,508.82,,кремний,7.82,,кремневый,1.65,,кремнистый,1.58,,кремнезем,1.43
,бежевый,508.75,,,,,,,,,,,,
,крапива,508.73,,крапивник,354.14,,крапивный,2.21,,крапивница,1.34,,,
,крушина,508.66,,крушить,131.03,,крушение,107.75,,сокрушить,91.29,,сокрушать,90.13
,марафон,508.66,,марафонец,352.47,,марафонский,1.77,,,,,,
,солярий,508.65,,солярка,254.85,,,,,,,,,
,ранний,508.31,,рано,270.77,,ранее,160.95,,заранее,111.90,,раньше,36.28
,низинка,508.14,,низко,30.68,,низковатый,2.18,,,,,,
,бряцать,507.87,,брякать,254.54,,побрякивать,252.62,,брякнуть,206.88,,набрякнуть,153.69
,кочевье,507.68,,кочевать,412.48,,кочевник,410.64,,перекочевать,205.95,,кочевой,11.52
,пунктир,507.60,,пунктирный,303.16,,,,,,,,,
,крякать,507.42,,крякнуть,11.11,,,,,,,,,
,попутка,507.04,,попутно,5.21,,,,,,,,,
,апартаменты,506.88,,,,,,,,,,,,
,заводик,506.71,,,,,,,,,,,,
,торпеда,506.42,,торпедо,506.42,,торпедный,178.33,,,,,,
,рыхлить,506.41,,взрыхлить,354.16,,рыхлый,12.59,,рыхление,2.37,,,
,чиркать,506.41,,чиркнуть,407.88,,,,,,,,,
,блиндаж,506.38,,,,,,,,,,,,
,ксерокс,506.36,,ксерокопия,3.82,,,,,,,,,
,штопать,505.89,,штопаный,402.43,,заштопать,353.01,,заштопанный,251.52,,штопка,4.47
,соринка,505.86,,сор,468.03,,сорняк,312.93,,сорить,308.50,,сорный,7.55
,исполин,505.37,,исполинский,4.51,,,,,,,,,
,этюдник,505.23,,этюд,27.97,,,,,,,,,
,хлюпать,505.23,,захлюпать,351.24,,хлюпанье,201.58,,,,,,
,каморка,505.13,,,,,,,,,,,,
,махорка,505.10,,махра,353.24,,махорочный,1.48,,,,,,
,поганка,505.10,,поганить,0.53,,испоганить,0.44,,,,,,
,мусульманка,505.10,,мусульманин,274.70,,,,,,,,,
,смачный,505.09,,смачно,12.21,,смаковать,7.12,,смак,5.51,,смакование,1.25
,кубанка,505.05,,кубанец,6.18,,кубанский,5.25,,,,,,
,лакомка,504.58,,лакомство,358.33,,лакомиться,304.76,,полакомиться,203.04,,лакомый,12.55
,полтина,504.24,,полтинник,356.53,,,,,,,,,
,нет,504.12,,нету,95.14,,нет-нет,21.18,,,,,,
,чавкать,504.09,,чавканье,201.72,,,,,,,,,
,кубинка,503.58,,кубинский,1.68,,,,,,,,,
,саженка,503.43,,сажень,13.49,,,,,,,,,
,обонять,503.40,,обоняние,2.85,,обонятельный,0.96,,,,,,
,конопля,503.31,,конопатый,176.89,,конопляный,151.41,,,,,,
,рев,502.67,,реветь,337.25,,взреветь,213.91,,зареветь,213.32,,прореветь,179.97
,лекарство,501.56,,лечебница,387.31,,лечить,228.39,,лечение,116.68,,лечиться,96.92
,ор,500.93,,орать,445.40,,проорать,209.37,,разораться,155.74,,заорать,150.48
,торговец,500.40,,торговка,221.91,,торг,213.17,,торговаться,145.54,,торговать,128.84
,пал,492.90,,опалить,268.10,,палить,165.99,,пальба,160.68,,спалить,134.35
,особый,492.13,,способный,470.31,,способ,421.07,,особенно,379.62,,особо,292.47
,автор,491.70,,соавтор,66.16,,авторский,39.53,,соавторство,7.67,,,
,наркотик,490.34,,наркота,132.14,,наркоманка,2.47,,наркология,1.87,,,
,быстро,483.42,,убыстрять,385.27,,быстрый,137.87,,быстренько,45.35,,быстрота,29.72
,горизонт,483.24,,горизонталь,16.03,,,,,,,,,
,модель,479.46,,модельный,412.64,,супермодель,262.49,,модельер,44.69,,моделька,18.24
,зона,478.42,,зональный,6.86,,зонный,6.44,,подзона,5.80,,зонирование,4.52
,момент,473.22,,моментально,43.01,,моментальный,12.41,,,,,,
,мелькать,473.01,,мелькнуть,416.99,,замелькать,322.52,,промелькнуть,222.00,,мельтешить,157.72
,процесс,472.19,,процессор,21.34,,процессный,4.65,,,,,,
,патриарх,468.75,,патриарший,10.67,,патриархия,4.56,,патриархат,4.29,,,
,класс,466.47,,классик,207.41,,классика,82.27,,классный,81.10,,классический,74.59
,рык,466.37,,рычать,318.43,,рыкать,304.20,,рычание,257.63,,рыкнуть,256.06
,худой,465.55,,худенький,408.60,,похудеть,66.22,,худеть,59.29,,худощавый,43.04
,зверь,463.39,,озвереть,17.05,,зверинец,12.41,,зверушка,10.94,,звериный,6.41
,курить,463.01,,прикурить,399.85,,окурок,334.74,,закурить,269.25,,покурить,242.88
,вирус,462.39,,вирусный,256.49,,антивирусный,9.23,,провирус,7.36,,провирусный,3.01
,ориентир,461.73,,ориентация,30.88,,ориентировка,7.54,,,,,,
,вкладывать,461.56,,склад,300.29,,вклад,288.15,,складка,237.38,,класть,222.83
,нормально,461.33,,нормальность,412.29,,нормальный,204.59,,,,,,
,проспект,460.80,,,,,,,,,,,,
,комбинат,460.16,,,,,,,,,,,,
,ржа,458.33,,ржавчина,410.73,,ржавый,330.00,,ржаветь,258.78,,заржаветь,180.97
,чад,457.81,,чадить,303.81,,,,,,,,,
,дипломат,457.25,,дипломатия,5.60,,дипломатично,3.59,,,,,,
,политик,457.00,,политотдел,178.52,,политика,166.91,,политический,100.77,,политбюро,46.45
,чих,456.96,,чихать,308.62,,чихнуть,256.39,,начхать,0.82,,,
,сигарета,456.30,,,,,,,,,,,,
,аналитик,456.25,,аналитика,3.17,,аналитически,2.34,,,,,,
,шевелить,455.51,,шевелиться,355.61,,пошевелить,327.60,,шевельнуть,324.14,,шевельнуться,222.61
,кал,453.66,,калий,4.66,,калийный,1.07,,,,,,
,число,453.09,,численность,96.52,,числиться,41.02,,вычислить,38.22,,перечислить,37.56
,дизайнер,451.64,,дизайн,21.77,,дизайнерский,5.98,,,,,,
,хрен,451.59,,хреновина,4.45,,,,,,,,,
,официант,450.42,,официантка,326.28,,,,,,,,,
,иномарка,449.99,,марка,187.05,,марочный,5.97,,,,,,
,однажды,446.13,,заодно,219.45,,однако,122.59,,одиночка,115.42,,одинаковый,74.19
,интерьер,445.98,,интерьерный,6.65,,,,,,,,,
,труп,444.50,,трупик,304.58,,струп,182.07,,трупный,130.23,,,
,жестяной,443.24,,жестянка,423.26,,жест,210.90,,жесть,24.55,,,
,визг,439.36,,взвизг,307.70,,визжать,272.74,,завизжать,186.13,,взвизгнуть,161.72
,полярный,437.15,,полярник,417.08,,поляризация,8.71,,полярность,7.01,,заполярный,2.55
,июльский,436.47,,июль,79.02,,,,,,,,,
,изолятор,435.36,,изолят,29.79,,изоляция,11.61,,изолировать,6.32,,изоляционный,1.73
,удобный,435.12,,подобный,201.24,,удобно,181.64,,подобие,117.67,,удобство,92.99
,фестиваль,434.70,,,,,,,,,,,,
,июньский,434.48,,июнь,171.37,,,,,,,,,
,неважный,433.77,,неважно,12.68,,,,,,,,,
,негр,433.72,,негритянка,153.93,,негритенок,153.32,,негритянский,3.64,,,
,прическа,433.11,,почесывать,308.95,,причесанный,253.34,,,,,,
,ландшафт,432.32,,ландшафтный,17.54,,,,,,,,,
,эмигрант,432.08,,эмигрантский,5.09,,,,,,,,,
,мерседес,431.60,,,,,,,,,,,,
,месячные,431.43,,месяц,297.65,,месячный,117.60,,месячник,33.60,,месячишко,5.20
,парковый,431.32,,парк,158.88,,,,,,,,,
,табличка,431.09,,табличный,1.66,,,,,,,,,
,этикетка,430.98,,этика,17.48,,этикет,16.04,,этически,1.67,,,
,каникулы,430.90,,каникулярный,0.70,,,,,,,,,
,павильон,430.60,,павильончик,253.11,,,,,,,,,
,позвонок,430.25,,позвоночник,274.46,,звено,121.53,,позвоночный,5.41,,звеньевой,4.10
,шестерка,430.14,,шестеренка,2.25,,вшестером,1.93,,шестерня,1.44,,,
,сожаление,429.65,,жалость,298.44,,жалко,158.92,,жаль,88.79,,пожалуй,74.57
,гимназия,429.00,,,,,,,,,,,,
,клиентка,428.38,,клиент,137.72,,клиентура,29.68,,клиентский,12.51,,,
,лаборант,428.30,,лаборатория,319.31,,лаборантка,316.68,,,,,,
,кодекс,428.10,,,,,,,,,,,,
,император,427.46,,имперский,2.67,,императрица,1.92,,,,,,
,энергетик,426.59,,энергия,97.80,,энергичный,49.73,,энергетика,27.44,,энергично,21.02
,конвейер,425.62,,конвейерный,8.22,,,,,,,,,
,нежиться,425.57,,понежиться,309.59,,нежный,211.21,,нежно,38.15,,нега,29.99
,аспирант,425.57,,аспирантка,311.91,,аспирантура,7.60,,аспирантский,1.86,,,
,коммунар,424.80,,коммуналка,324.92,,коммунист,151.91,,коммуна,84.13,,коммунальный,30.89
,суммарный,424.21,,суммарно,418.81,,сумма,242.81,,суммирование,211.52,,суммировать,22.51
,экспонат,423.84,,экспонент,3.94,,,,,,,,,
,репортер,423.84,,репортаж,27.85,,репортерский,1.83,,,,,,
,хлестать,423.79,,хлестнуть,361.00,,захлестнуть,260.82,,хлесткий,17.78,,хлестко,5.10
,туловище,423.76,,сутулый,260.69,,сутулиться,154.15,,ссутулиться,128.64,,сутуловатый,127.00
,мордочка,423.44,,морда,419.56,,мордашка,414.83,,намордник,366.75,,мордатый,206.05
,богатырь,422.87,,богатырский,6.90,,,,,,,,,
,клуб,422.86,,клубный,30.54,,,,,,,,,
,фокусник,422.63,,фокус,70.14,,фокусный,3.54,,фокусировать,2.10,,фокусировка,1.11
,орать,422.61,,оральный,8.74,,,,,,,,,
,нары,422.33,,нарком,28.23,,наркомат,11.88,,бинарный,3.62,,,
,залп,422.03,,залпом,8.66,,залповый,3.45,,,,,,
,гуманист,421.73,,гуманный,16.39,,гуманизм,7.75,,гуманно,5.04,,гуманность,3.38
,гарнизон,421.58,,гарнизонный,3.28,,,,,,,,,
,шрам,421.40,,,,,,,,,,,,
,грязевой,420.76,,грязный,360.77,,грязно,328.07,,загрязнять,314.30,,погрязнуть,163.76
,папироса,419.99,,папироска,357.52,,папиросный,155.81,,,,,,
,министр,419.71,,экс-министр,13.09,,министерша,6.42,,,,,,
,стержень,418.93,,стерженек,353.55,,стержневой,2.64,,,,,,
,хрусталь,418.69,,хрустальный,268.47,,хрусталик,8.83,,,,,,
,заслонка,418.49,,заслонить,374.93,,заслонять,372.15,,прислонить,318.77,,заслониться,257.08
,похлебка,417.87,,отхлебнуть,317.79,,хлебать,266.16,,отхлебывать,259.44,,хлебнуть,213.36
,мгла,417.17,,мглистый,203.02,,,,,,,,,
,алюминий,417.03,,алюминиевый,6.39,,,,,,,,,
,мастерская,416.76,,мастер,401.51,,мастерить,390.41,,смастерить,331.62,,мастерица,39.04
,балерина,416.20,,,,,,,,,,,,
,хихикать,415.63,,хихиканье,354.87,,захихикать,307.53,,,,,,
,аттестат,415.60,,аттестация,5.13,,аттестовать,2.87,,,,,,
,разинуть,415.52,,зиять,365.09,,зияние,3.26,,,,,,
,извозчик,415.49,,,,,,,,,,,,
,инструмент,415.48,,,,,,,,,,,,
,петрушка,415.40,,,,,,,,,,,,
,хлам,415.23,,захламить,177.12,,захламленный,101.30,,,,,,
,прополка,415.15,,прополоть,358.56,,пропалывать,255.47,,,,,,
,ковырять,415.09,,ковырнуть,355.18,,ковыряться,310.09,,поковырять,305.44,,выковырять,304.80
,развилка,414.85,,извилина,414.59,,вильнуть,413.46,,завилять,406.88,,извилистый,315.61
,панорама,414.33,,панорамный,4.22,,,,,,,,,
,транспортник,414.03,,транспортер,272.29,,транспорт,163.14,,транспортный,46.37,,,
,олимпиец,413.89,,олимпиада,396.15,,олимпийский,18.46,,,,,,
,храп,413.87,,храпеть,260.18,,захрапеть,178.60,,всхрапнуть,151.91,,похрапывать,127.47
,тесный,413.77,,теснота,288.50,,вытеснять,196.92,,оттеснить,196.65,,тесниться,196.10
,портвейн,413.40,,,,,,,,,,,,
,комната,413.32,,комнатушка,176.69,,комнатка,31.11,,комнатный,23.21,,,
,одеколон,413.20,,,,,,,,,,,,
,орнамент,412.68,,,,,,,,,,,,
,прыснуть,412.65,,прыскать,409.14,,прыщ,407.10,,впрыснуть,355.16,,прыщик,308.39
,лепетать,412.58,,залепетать,305.04,,пролепетать,258.51,,улепетывать,253.25,,лепет,17.05
,набухать,412.34,,набухнуть,362.91,,разбухать,356.12,,взбухнуть,354.08,,разбухнуть,308.39
,волшебный,412.27,,волшебник,387.27,,волшебница,312.71,,волшебство,10.05,,волшебно,6.70
,ипподром,412.16,,ипподромный,1.61,,,,,,,,,
,говядина,412.12,,говяжий,9.72,,,,,,,,,
,перегной,412.10,,гной,207.41,,гнить,187.19,,гниль,184.17,,гнилой,163.99
,тупик,411.73,,тупой,18.15,,тупо,14.18,,потупить,11.90,,потупиться,11.58
,экспресс,411.65,,экспрессия,2.31,,,,,,,,,
,затейник,411.62,,затея,38.94,,затеять,28.02,,затевать,13.96,,затейливый,7.41
,чокаться,411.60,,чокнуться,5.66,,,,,,,,,
,интернат,411.57,,,,,,,,,,,,
,крокодил,411.52,,крокодильчик,402.23,,крокодилов,2.51,,крокодиловый,2.23,,,
,мусорщик,411.46,,мусор,401.14,,мусорный,17.51,,замусорить,4.75,,,
,раздатка,411.38,,датироваться,208.44,,дата,56.64,,датский,50.11,,датировка,17.25
,щербинка,411.12,,щербина,256.95,,щербатый,209.16,,выщербить,180.82,,ущерб,17.33
,царапина,411.05,,нацарапать,310.08,,выцарапать,307.81,,царапать,210.08,,царапнуть,179.36
,караулка,410.71,,караул,320.71,,караулить,183.12,,подкараулить,102.37,,караульный,11.36
,орда,410.55,,ордынец,4.66,,ордынский,1.33,,,,,,
,эстафета,410.28,,эстафетный,2.94,,,,,,,,,
,набухать,410.26,,бухнуться,177.94,,бухнуть,5.55,,бухать,3.56,,вбухать,1.35
,маршевый,410.19,,маршировать,260.69,,марш,21.01,,,,,,
,иероглиф,410.09,,,,,,,,,,,,
,дыбы,409.97,,дыбом,360.60,,вздыбить,204.16,,дыба,203.60,,дыбиться,202.32
,махровый,409.80,,,,,,,,,,,,
,хоккеист,409.60,,,,,,,,,,,,
,арматура,409.49,,арматурный,1.19,,,,,,,,,
,парковка,409.29,,парковочный,0.98,,,,,,,,,
,плацдарм,409.20,,,,,,,,,,,,
,конспект,409.03,,,,,,,,,,,,
,трактоваться,409.00,,трактовка,6.67,,трактовать,4.45,,,,,,
,подложка,408.69,,ложить,5.25,,ложно,0.88,,,,,,
,лязг,408.47,,лязгать,254.12,,лязгнуть,203.10,,лязганье,201.60,,,
,компресс,408.44,,компрессор,309.60,,,,,,,,,
,ухаб,408.25,,ухабистый,176.70,,похабный,3.37,,разухабистый,2.10,,похабщина,0.78
,капустка,408.12,,капуста,30.54,,капустный,7.68,,капустник,7.11,,,
,колыхать,407.81,,колыхаться,313.20,,колыхнуться,254.88,,заколыхаться,202.76,,всколыхнуть,5.98
,реликвия,407.80,,,,,,,,,,,,
,червонец,407.80,,,,,,,,,,,,
,багряный,407.42,,багроветь,178.66,,побагроветь,128.56,,обагрить,101.25,,,
,бордовый,407.22,,бордо,9.39,,,,,,,,,
,бруствер,407.20,,,,,,,,,,,,
,треск,407.07,,трещина,297.40,,трещать,285.76,,треснуть,224.74,,трещинка,210.71
,гороскоп,407.00,,,,,,,,,,,,
,бардачок,406.92,,бардак,307.90,,,,,,,,,
,стосковаться,406.91,,тоска,27.18,,тоскливо,6.62,,тоскливый,4.98,,тосковать,3.19
,клоп,406.85,,клоповник,176.65,,,,,,,,,
,подметка,406.76,,метко,6.91,,,,,,,,,
,болванка,406.71,,болванчик,353.71,,,,,,,,,
,пролетка,406.65,,пролет,19.77,,пролетный,1.56,,,,,,
,бомбочка,406.62,,бомба,391.42,,бомбежка,210.47,,разбомбить,154.40,,бомбить,137.51
,мавзолей,406.50,,,,,,,,,,,,
,капилляр,406.41,,капиллярный,2.56,,,,,,,,,
,моросить,406.35,,морось,302.55,,,,,,,,,
,вошь,406.35,,вшивый,152.70,,вшивость,0.53,,,,,,
,неоновый,406.32,,неон,7.69,,,,,,,,,
,аудитория,405.82,,,,,,,,,,,,
,коньячок,405.80,,коньячный,353.43,,,,,,,,,
,луночный,405.43,,лунка,13.54,,,,,,,,,
,господин,405.27,,госпожа,177.60,,господь,155.15,,господний,52.39,,господень,11.05
,штукатур,405.06,,штукатурка,309.58,,штукатурить,252.74,,оштукатурить,202.37,,штукатурный,1.58
,пасовать,405.05,,пас,16.44,,спасовать,1.63,,,,,,
,стряпать,405.02,,стряпня,252.65,,стряпуха,201.64,,состряпать,1.95,,,
,исподнее,405.01,,преисподняя,63.95,,испод,5.28,,исподний,1.51,,,
,соблазнитель,404.99,,соблазняться,403.72,,соблазнять,314.12,,соблазниться,203.00,,соблазн,11.95
,редуктор,404.87,,редукция,1.25,,редукционизм,0.30,,,,,,
,торфяник,404.80,,торф,19.20,,торфяной,3.49,,,,,,
,скорпион,404.70,,,,,,,,,,,,
,трикотаж,404.61,,трикотажный,253.77,,,,,,,,,
,герметик,404.53,,герметичный,2.00,,герметично,1.34,,герметизация,0.98,,герметически,0.49
,тасовать,404.52,,перетасовать,201.43,,потасовка,88.90,,перетасовка,1.79,,подтасовка,0.48
,эскадрон,403.80,,,,,,,,,,,,
,оскопить,403.12,,скопец,153.10,,,,,,,,,
,чурбачок,403.03,,,,,,,,,,,,
,свиданка,402.91,,свиданье,10.19,,,,,,,,,
,закулиса,402.43,,закулисье,352.13,,закулисный,1.23,,,,,,
,декорация,401.99,,декор,46.62,,декоративный,27.23,,декоратор,16.27,,декорировать,6.75
,детальный,401.36,,деталь,62.79,,детально,12.27,,детальность,4.25,,деталька,3.73
,система,400.72,,подсистема,114.78,,системный,93.88,,системность,30.59,,систематика,26.98
,здоровый,398.79,,здоровье,220.60,,здравый,219.56,,здорово,154.79,,здороваться,93.17
,фундамент,397.20,,,,,,,,,,,,
,европейский,396.76,,европеец,20.18,,индоевропеец,3.62,,,,,,
,отверстие,396.75,,сверзиться,152.62,,разверзаться,102.31,,отверстый,6.83,,разверстый,3.93
,трепетать,396.61,,потрепать,194.59,,растрепать,163.81,,трепет,41.86,,трепать,23.80
,сыворотка,395.65,,сывороточный,5.92,,,,,,,,,
,шпион,395.03,,шпионка,256.74,,шпионаж,15.73,,шпионить,6.48,,шпионский,4.91
,пора,394.06,,пористый,70.91,,пористость,18.48,,,,,,
,прицел,392.97,,цель,361.02,,целить,336.07,,целиться,245.45,,прицельный,175.96
,пнуть,392.69,,пинок,388.90,,пялиться,220.38,,напялить,219.25,,запнуться,197.33
,бухгалтер,392.58,,бухгалтерша,256.91,,бухгалтерия,5.18,,,,,,
,темно,391.90,,темная,308.17,,темновато,179.27,,,,,,
,еврей,390.61,,еврейка,284.02,,нееврей,270.97,,еврейский,251.19,,еврейство,194.05
,лысый,390.39,,лысина,323.20,,лысеть,312.57,,лысинка,254.47,,залысина,205.92
,табак,388.63,,табакерка,363.53,,табачок,258.09,,табачный,8.56,,табачник,3.46
,тугой,386.77,,тужиться,207.46,,туго,43.41,,потуга,13.55,,натужно,11.03
,партия,384.79,,партиец,67.82,,,,,,,,,
,пират,381.56,,пиратский,8.59,,пиратство,2.64,,,,,,
,санаторий,380.97,,,,,,,,,,,,
,контейнер,379.03,,контейнерный,3.62,,,,,,,,,
,комендант,378.15,,комендатура,13.09,,,,,,,,,
,оранжевый,377.91,,,,,,,,,,,,
,присяжный,377.78,,присяга,41.27,,осязать,18.32,,осязаемый,17.06,,недосягаемый,7.04
,галактика,374.98,,,,,,,,,,,,
,бригадный,374.57,,бригада,37.80,,бригадир,18.67,,,,,,
,задумчиво,374.24,,,,,,,,,,,,
,веселиться,373.10,,веселый,181.54,,весело,169.58,,веселье,138.42,,веселить,27.09
,прапорщик,372.74,,прапор,9.82,,,,,,,,,
,генератор,372.67,,генерация,5.25,,генерировать,2.42,,генеративный,1.28,,,
,старатель,372.46,,стараться,88.24,,постараться,32.23,,старание,23.64,,старательный,14.56
,морщиться,371.45,,поморщиться,286.88,,морщина,284.18,,морщить,266.08,,морщинка,218.36
,демон,371.24,,демонический,1.59,,демонизм,0.59,,,,,,
,серебряный,371.23,,сребреник,358.91,,серебрянка,310.10,,бессребреник,206.24,,серебро,78.20
,живописец,371.20,,живописный,326.41,,живописать,9.71,,живописно,8.86,,живописность,2.16
,культовый,371.09,,культ,18.91,,культя,7.31,,,,,,
,статистик,370.18,,статистика,48.27,,статист,16.35,,,,,,
,свобода,369.50,,свободный,238.73,,освободить,221.13,,освобождение,132.80,,свободно,126.04
,бюллетень,369.07,,,,,,,,,,,,
,потоп,368.38,,тонуть,327.17,,утонуть,273.18,,утопить,267.54,,потонуть,209.02
,колхозник,368.20,,,,,,,,,,,,
,двадцатка,367.12,,,,,,,,,,,,
,дуэль,366.35,,дуэльный,2.61,,,,,,,,,
,адрес,366.21,,адресат,35.16,,адресовать,27.15,,адресок,25.77,,адресный,11.00
,итальянка,365.20,,итальянский,26.63,,,,,,,,,
,маршрутка,364.79,,маршрут,44.82,,маршрутный,5.63,,,,,,
,кабак,364.34,,кабацкий,2.77,,,,,,,,,
,ворковать,363.44,,проворковать,204.44,,ворчать,21.57,,проворчать,10.67,,ворчун,7.11
,смородина,362.92,,смрад,179.09,,смердеть,102.02,,смрадный,101.81,,смерд,4.48
,квитанция,362.62,,квиты,2.07,,поквитаться,1.12,,расквитаться,0.89,,,
,милиция,362.38,,,,,,,,,,,,
,альпинист,362.20,,альпинарий,304.22,,альпийский,10.33,,альпинизм,6.17,,,
,стремглав,362.05,,стремительно,14.95,,стрема,3.27,,стремный,2.35,,,
,парижанин,362.00,,парижанка,357.10,,парижский,38.69,,,,,,
,уксус,361.82,,уксусный,3.49,,,,,,,,,
,гастроном,360.97,,гастрономия,1.23,,,,,,,,,
,отгрохать,360.96,,грохот,346.35,,грохать,255.84,,грохотать,190.50,,загрохотать,130.69
,резвиться,360.30,,порезвиться,253.62,,резвый,15.37,,резво,4.83,,резвость,1.62
,охать,360.09,,охнуть,309.70,,заохать,252.98,,поохать,252.44,,антиохийский,0.60
,термостат,360.02,,терм,4.49,,термальный,4.12,,термический,2.89,,,
,универмаг,359.98,,универ,9.37,,,,,,,,,
,архипелаг,359.97,,,,,,,,,,,,
,пансионат,359.76,,пансион,12.17,,,,,,,,,
,револьвер,359.75,,револьверный,1.42,,,,,,,,,
,глянцевый,359.74,,глянцевитый,253.41,,,,,,,,,
,аксессуар,359.63,,,,,,,,,,,,
,лопух,359.63,,,,,,,,,,,,
,экспедиция,359.52,,экспедитор,17.54,,,,,,,,,
,ртуть,359.46,,ртутный,3.60,,,,,,,,,
,слизь,359.27,,слизняк,253.44,,слизистый,6.56,,слизистая,2.88,,подслизистый,0.52
,шайка,359.10,,,,,,,,,,,,
,гидра,359.07,,ангидрит,5.99,,гидратация,1.25,,,,,,
,боярышник,358.94,,боярин,41.13,,боярыня,10.43,,боярышня,6.46,,боярский,3.67
,хихикнуть,358.75,,,,,,,,,,,,
,процессия,358.57,,,,,,,,,,,,
,нищая,358.42,,нищий,20.80,,нищета,9.24,,нищенка,4.03,,нищенский,2.62
,резервуар,358.40,,,,,,,,,,,,
,водрузить,358.37,,водружать,352.52,,друз,5.77,,,,,,
,полоскать,358.37,,полоскание,304.67,,ополоснуть,304.45,,сполоснуть,304.22,,полоскаться,253.71
,глобалист,358.22,,глобальный,14.31,,глобализация,4.52,,глобально,2.76,,глобализм,1.59
,деликатес,358.00,,деликатесный,2.26,,,,,,,,,
,плантация,357.95,,,,,,,,,,,,
,мазут,357.59,,мазутный,1.81,,,,,,,,,
,инвентарь,357.53,,,,,,,,,,,,
,акватория,357.35,,,,,,,,,,,,
,партитура,357.35,,,,,,,,,,,,
,саратовец,357.31,,саратовский,11.84,,,,,,,,,
,эвакуатор,357.26,,эвакуация,6.88,,эвакуировать,6.05,,,,,,
,табор,356.82,,,,,,,,,,,,
,цыганенок,356.82,,цыган,79.33,,цыганка,32.91,,цыганский,12.49,,цыганочка,7.47
,барахолка,356.71,,барахлишко,303.22,,барахло,258.89,,барахлить,1.45,,забарахлить,0.60
,иркутянин,356.38,,иркутский,16.32,,,,,,,,,
,лимит,356.34,,лимитчик,1.81,,лимитировать,1.69,,,,,,
,дебри,356.30,,,,,,,,,,,,
,гениталии,356.17,,генитальный,5.11,,,,,,,,,
,плешь,356.16,,проплешина,151.63,,плешивый,102.10,,,,,,
,мурлыкать,356.11,,замурлыкать,252.14,,промурлыкать,201.59,,,,,,
,композитор,355.98,,композит,5.92,,композитный,3.90,,,,,,
,квадратик,355.94,,,,,,,,,,,,
,руины,355.86,,,,,,,,,,,,
,сачок,355.82,,впросак,1.27,,сачковать,1.12,,,,,,
,перламутр,355.76,,,,,,,,,,,,
,шлифовать,355.75,,отшлифовать,254.00,,шлифовка,4.87,,шлифовальный,0.73,,,
,номер,355.67,,номерной,22.66,,номерок,22.66,,,,,,
,шабаш,355.65,,бесшабашный,2.43,,шабашник,1.87,,,,,,
,порно,355.61,,,,,,,,,,,,
,баррикада,355.00,,баррикадный,1.00,,,,,,,,,
,пергамент,354.92,,пергаментный,202.24,,,,,,,,,
,рыженький,354.88,,рыжина,3.84,,,,,,,,,
,широкий,354.84,,ширина,314.00,,широко,251.20,,расширить,187.87,,расширение,97.16
,штриховка,354.56,,заштриховать,202.26,,штрих,24.79,,штриховой,3.61,,,
,сатир,354.51,,сатира,17.71,,сатирик,8.21,,сатирический,2.32,,,
,инкубатор,354.36,,инкубация,3.33,,инкубировать,2.12,,,,,,
,блоха,354.10,,блошиный,101.01,,,,,,,,,
,навигатор,353.91,,навигация,5.23,,,,,,,,,
,спора,353.52,,споро,4.98,,спорый,2.01,,спориться,1.44,,неоспоримо,0.71
,преть,353.18,,прелый,304.16,,сопреть,251.85,,взопреть,201.48,,прель,3.43
,вьетнамка,352.99,,вьетнамец,8.32,,вьетнамский,3.29,,,,,,
,перманент,352.54,,перманентный,0.89,,перманентно,0.54,,,,,,
,фехтовать,352.41,,фехтование,304.34,,фехтовальщик,201.38,,фехтовальный,1.51,,,
,кишмя,352.27,,кишеть,305.99,,,,,,,,,
,узкий,351.93,,узенький,51.54,,сузить,11.63,,сужать,11.35,,сужаться,11.35
,цитировать,348.93,,цитата,105.21,,цитироваться,3.22,,цитирование,2.80,,,
,база,347.85,,базовый,47.83,,базис,24.17,,базироваться,12.74,,базисный,11.35
,шампанское,345.75,,шампанский,3.73,,,,,,,,,
,тормоз,343.08,,тормозить,196.93,,тормознуть,157.54,,затормозить,138.24,,притормозить,108.54
,важно,342.50,,важный,301.63,,важность,108.87,,уважать,98.11,,отвага,91.70
,дикарь,341.91,,дикий,140.62,,диковинка,24.78,,диковина,23.42,,одичать,21.10
,схема,341.20,,микросхема,318.29,,схематичный,2.41,,,,,,
,культура,341.17,,культурный,209.54,,культурно,29.58,,культурист,19.74,,субкультура,14.71
,секретарша,338.48,,секретариат,10.84,,секретарский,2.47,,,,,,
,желать,338.34,,желание,304.52,,пожелать,105.83,,желающий,82.33,,пожелание,71.82
,скульптура,337.49,,скульптор,38.06,,скульптурный,6.09,,,,,,
,альбом,337.09,,альбомчик,178.44,,альбомный,177.81,,,,,,
,впервые,336.99,,сперва,199.64,,прима,135.36,,во-первых,88.98,,первенец,79.73
,дернуть,336.68,,дергать,326.42,,задрать,322.77,,драка,247.35,,дергаться,222.80
,претендент,335.39,,претендентка,205.18,,претендовать,14.92,,,,,,
,красть,331.31,,вкрадчиво,189.33,,обокрасть,187.41,,украдкой,111.40,,вкрадчивый,80.85
,какать,330.62,,качество,177.26,,качественный,57.74,,как-как,7.69,,,
,компромисс,330.22,,,,,,,,,,,,
,стихи,329.79,,стих,100.67,,стиховой,5.82,,,,,,
,артист,329.77,,артистка,75.64,,артистичный,9.31,,артистизм,7.21,,артистично,2.94
,враг,329.61,,ворог,181.83,,вражеский,16.82,,вражда,12.24,,враждовать,8.78
,ронять,328.33,,уронить,281.31,,обронить,215.42,,выронить,213.28,,урон,12.15
,воскресить,326.81,,воскрешать,317.70,,воскресение,37.86,,воскреснуть,35.41,,воскресенье,35.32
,обратно,326.49,,оборот,293.45,,обратный,210.57,,наоборот,140.77,,обратить,131.04
,заклинание,325.56,,проклинать,320.48,,заклинатель,256.07,,заклинать,3.29,,,
,тысяча,322.98,,тысячный,20.58,,,,,,,,,
,плевок,322.64,,плевать,294.25,,плюнуть,293.74,,сплюнуть,221.01,,плеваться,188.81
,авария,322.20,,,,,,,,,,,,
,крестьянка,321.78,,крестьянский,237.94,,крестьянин,41.49,,крестьянство,10.09,,,
,ужас,321.16,,ужасать,133.20,,ужаснуть,105.23,,ужасный,54.11,,ужаснуться,11.30
,магистраль,320.36,,,,,,,,,,,,
,фиолетовый,318.60,,,,,,,,,,,,
,конструктор,318.09,,конструкция,51.07,,,,,,,,,
,колдун,318.07,,колдунья,206.80,,околдовать,7.38,,колдовать,7.11,,колдовской,5.78
,конвой,317.58,,конвойный,4.45,,бесконвойный,1.17,,подконвойный,1.17,,,
,дьявол,317.22,,диавол,303.72,,дьявольский,66.40,,дьявольщина,1.15,,дьявольски,0.93
,молчать,316.23,,молча,162.74,,молчание,140.86,,помолчать,108.32,,замолчать,104.49
,резиденция,316.05,,,,,,,,,,,,
,хромой,315.91,,хромать,265.10,,захромать,179.04,,прихрамывать,104.77,,хром,16.72
,планетарий,315.30,,планета,72.25,,планетный,17.85,,планетарный,17.16,,планетка,10.20
,мишень,315.15,,,,,,,,,,,,
,парикмахер,314.94,,парикмахерша,204.66,,,,,,,,,
,сегодня,314.64,,сегодняшний,66.29,,,,,,,,,
,канава,314.34,,канавка,255.43,,,,,,,,,
,свинец,314.11,,свинцовый,8.10,,,,,,,,,
,жертвенник,314.05,,жертва,219.95,,жертвовать,18.75,,жертвенный,15.11,,пожертвовать,14.72
,публика,313.88,,публикация,76.08,,опубликовать,27.68,,публиковать,17.59,,публикатор,3.85
,мычать,312.93,,замычать,204.76,,промычать,179.81,,мычание,5.95,,,
,карлик,312.81,,карлица,254.00,,карликовый,2.40,,,,,,
,объект,311.25,,объектный,6.63,,,,,,,,,
,филармония,310.80,,,,,,,,,,,,
,сортир,310.72,,сортирный,1.68,,,,,,,,,
,аттракцион,310.65,,,,,,,,,,,,
,синтезатор,309.90,,синтез,20.64,,,,,,,,,
,клеймо,309.65,,клеймить,1.33,,заклеймить,0.81,,,,,,
,полировать,309.51,,отполировать,205.33,,полированный,4.85,,полирование,1.24,,,
,щемить,309.37,,защемить,205.72,,прищемить,178.79,,ущемить,7.49,,ущемлять,6.12
,оттопырить,308.91,,растопырить,259.85,,оттопыривать,202.31,,,,,,
,торчать,308.66,,торчком,259.53,,проторчать,2.86,,,,,,
,антифашист,308.49,,фашизм,4.52,,фашистский,4.38,,фашиствующий,0.54,,,
,шатать,308.44,,шататься,216.89,,расшатать,182.34,,зашататься,155.45,,отшатнуться,133.12
,медикамент,308.22,,,,,,,,,,,,
,тускло,307.80,,,,,,,,,,,,
,полезный,307.71,,использовать,280.30,,нельзя,237.18,,польза,232.92,,пользователь,202.91
,полиметалл,307.68,,полис,18.48,,полимерный,16.30,,полином,12.81,,полиморфизм,7.84
,укротитель,307.36,,укротить,9.81,,укрощать,7.69,,кроткий,6.64,,кротко,5.59
,зашвырнуть,307.32,,швырять,268.93,,швырнуть,218.91,,швыряться,178.70,,отшвырнуть,157.21
,благоухать,307.20,,благоуханный,202.30,,благоухание,3.18,,,,,,
,снотворное,306.40,,снотворный,4.46,,,,,,,,,
,фантом,306.35,,фантомный,1.57,,,,,,,,,
,штамповать,306.10,,штамп,42.93,,штамповка,6.50,,штампованный,3.11,,,
,эластичный,306.04,,эластичность,2.05,,эластический,1.73,,,,,,
,ураган,305.71,,ураганный,178.11,,,,,,,,,
,тучный,305.55,,,,,,,,,,,,
,комплекс,305.51,,комплексный,22.62,,,,,,,,,
,хлорка,305.32,,хлор,4.58,,хлорид,2.66,,хлорит,1.88,,хлорный,1.43
,близкие,304.79,,близко,255.87,,близкий,225.56,,ближайший,224.26,,ближний,174.38
,ерзать,304.65,,поерзать,202.02,,,,,,,,,
,сипеть,304.63,,сиплый,6.18,,сип,4.15,,просипеть,2.79,,осипший,2.06
,фирма,304.62,,фирменный,47.51,,фирмач,15.77,,фирмочка,4.80,,,
,гравировка,304.22,,гравировать,253.89,,гравер,6.89,,,,,,
,дурман,304.12,,дурманить,176.79,,одурманить,75.73,,одурманивать,50.36,,,
,калашников,303.60,,,,,,,,,,,,
,мозоль,303.49,,мозолить,202.73,,мозолистый,151.96,,намозолить,151.18,,,
,вампир,303.39,,вампирша,201.18,,,,,,,,,
,регион,303.33,,региональный,37.22,,регионал,10.10,,,,,,
,стервятник,303.22,,остервенело,0.70,,остервенение,0.66,,стервозный,0.48,,остервенелый,0.38
,календарик,303.06,,календарный,2.99,,,,,,,,,
,дюймовочка,302.92,,дюйм,9.91,,дюймовый,3.37,,,,,,
,эскадрилья,302.85,,,,,,,,,,,,
,капкан,302.77,,,,,,,,,,,,
,гетера,302.14,,,,,,,,,,,,
,оспина,302.12,,оспа,203.29,,оспенный,0.63,,,,,,
,бодать,302.01,,боднуть,252.22,,бодаться,202.01,,забодать,201.50,,бодун,3.52
,роль,299.00,,ролевой,16.06,,,,,,,,,
,план,297.72,,планировать,147.17,,планирование,82.80,,плановый,61.38,,спланировать,41.17
,руководство,295.98,,руководимый,291.03,,руководитель,124.84,,руководящий,47.01,,руководить,45.47
,территория,295.37,,,,,,,,,,,,
,центр,294.21,,центральный,136.63,,центрист,43.25,,центристский,16.94,,централ,12.23
,прислать,288.98,,послать,227.25,,ссылка,186.00,,ссылаться,160.69,,посылать,125.80
,творить,288.30,,творец,262.11,,творение,195.98,,творческий,151.51,,сотворить,148.51
,контора,287.67,,конторка,207.40,,конторщик,3.14,,конторский,2.93,,,
,идея,287.34,,идеалист,69.80,,,,,,,,,
,продуктовый,285.93,,продуктивный,234.96,,продукт,187.84,,субпродукт,156.82,,,
,депутат,285.76,,депутатский,22.31,,депутатство,2.17,,,,,,
,пьеса,285.59,,пьеска,27.18,,,,,,,,,
,четвереньки,284.89,,четвертинка,268.92,,четверть,125.57,,четверка,66.68,,четверг,62.48
,исчезать,280.24,,исчезнуть,54.53,,исчезновение,23.50,,,,,,
,нрав,279.48,,понравиться,119.30,,нравственный,78.57,,нравиться,52.22,,норовить,33.96
,дорогой,278.78,,дорожить,42.27,,дорого,21.61,,недорогой,19.75,,недорого,16.25
,корзина,277.97,,корзинка,11.80,,корзиночка,3.81,,,,,,
,студент,277.15,,студентка,63.24,,,,,,,,,
,наружка,272.93,,наружу,230.45,,снаружи,175.31,,наружный,146.39,,обнаружить,134.90
,тип,272.76,,типаж,89.68,,типичный,48.78,,типовой,39.37,,подтип,28.09
,грянуть,271.92,,нагрянуть,186.49,,грядущий,22.52,,грясти,9.35,,,
,хулиган,270.37,,хулиганка,178.26,,хулиганье,177.97,,хулиганский,5.37,,хулиганить,5.22
,фонд,270.08,,фондовый,36.70,,,,,,,,,
,программа,269.75,,программист,53.76,,программный,30.65,,программка,23.82,,подпрограмма,5.42
,демонстрант,268.49,,демонстрация,45.49,,,,,,,,,
,пришелец,267.88,,прошлый,180.84,,прошлое,146.69,,происшествие,54.06,,пошлина,53.15
,стынуть,267.18,,остынуть,227.80,,остывать,218.34,,застынуть,207.44,,застывать,188.94
,томительный,266.93,,томление,212.25,,утомленный,160.46,,томный,41.25,,томить,22.65
,арсенал,266.12,,арсенальный,0.72,,,,,,,,,
,аппарат,265.84,,аппаратура,36.62,,аппаратная,14.21,,аппаратный,9.87,,госаппарат,6.58
,супермаркет,264.82,,гипермаркет,255.27,,маркетолог,4.00,,,,,,
,наемник,263.97,,наемный,16.74,,наем,11.07,,найм,3.99,,наемничество,0.46
,левый,263.81,,слева,141.67,,налево,88.86,,влево,86.16,,левша,85.81
,петербуржец,263.57,,,,,,,,,,,,
,великий,263.25,,величина,96.99,,увеличиться,86.60,,увеличение,79.50,,увеличить,72.95
,пункт,261.87,,пунктик,14.79,,продпункт,13.80,,подпункт,11.50,,,
,кондиционер,261.82,,кондиция,4.90,,,,,,,,,
,снайпер,261.73,,снайперский,1.80,,,,,,,,,
,экскурсовод,261.60,,экскурсия,34.50,,экскурсант,10.25,,экскурс,4.38,,,
,ухмылка,260.94,,ухмыляться,157.28,,ухмыльнуться,106.04,,,,,,
,гримаса,260.58,,гримаска,202.55,,гримасничать,101.45,,,,,,
,ремесленник,260.23,,ремесло,36.84,,ремесленный,4.12,,,,,,
,аккумулятор,259.23,,аккумуляция,0.97,,,,,,,,,
,репродуктор,258.98,,репродукция,6.24,,,,,,,,,
,реставратор,258.69,,реставрация,8.18,,,,,,,,,
,скрежет,258.39,,скрежетать,153.41,,скрежетнуть,126.33,,заскрежетать,101.64,,,
,презерватив,258.38,,,,,,,,,,,,
,иллюминатор,258.23,,иллюминация,253.33,,,,,,,,,
,минирование,258.16,,минер,181.48,,минный,161.11,,заминировать,52.76,,мина,50.69
,вдарить,258.14,,недаром,17.18,,одаренный,15.42,,дареный,7.43,,дарственная,2.63
,конвоир,257.92,,конвоировать,101.24,,,,,,,,,
,поликлиника,257.88,,,,,,,,,,,,
,жандарм,257.76,,жандармский,1.16,,жандармерия,0.82,,,,,,
,ад,257.68,,адский,11.50,,адов,5.97,,,,,,
,иллюзионист,257.58,,иллюзия,31.60,,иллюзион,7.94,,,,,,
,корчить,257.28,,скорчить,204.71,,корча,177.50,,корчиться,90.57,,скорчиться,76.81
,шаркать,257.12,,шарканье,202.63,,шаркнуть,202.03,,зашаркать,176.78,,,
,антиквариат,257.07,,антикварный,9.10,,антиквар,7.75,,,,,,
,сиротка,256.85,,сирота,162.54,,сир,8.38,,сирый,4.61,,осиротеть,3.76
,таракан,256.74,,тараканий,2.94,,,,,,,,,
,немытый,256.61,,мытарь,2.22,,мытарство,0.96,,мытарить,0.89,,размытость,0.41
,пачкать,256.57,,испачкать,180.39,,запачкать,178.87,,пачкаться,178.11,,выпачкать,176.88
,пресный,256.50,,,,,,,,,,,,
,шляться,256.38,,,,,,,,,,,,
,проворонить,256.15,,воронье,255.14,,ворона,13.10,,ворон,9.91,,вороной,4.24
,консульство,254.75,,,,,,,,,,,,
,набалдашник,254.56,,обалдеть,8.55,,балдеть,5.58,,обалдело,3.05,,обалденный,2.45
,амортизатор,254.39,,амортизация,2.47,,,,,,,,,
,слякоть,253.90,,слякотный,176.58,,,,,,,,,
,дефектоскоп,253.74,,дефект,9.86,,дефектный,1.16,,,,,,
,каркать,253.40,,карканье,201.36,,каркнуть,201.36,,накаркать,88.20,,,
,васильковый,253.38,,васильевский,3.39,,,,,,,,,
,лихой,253.37,,слишком,106.93,,лишний,77.29,,лишить,60.35,,излишний,43.97
,материал,253.16,,материалист,15.07,,материально,11.36,,материализм,10.78,,,
,зелененький,252.88,,зелененькая,251.92,,,,,,,,,
,плесень,252.74,,,,,,,,,,,,
,культиватор,252.47,,,,,,,,,,,,
,александрит,252.29,,,,,,,,,,,,
,буксировать,252.28,,буксовать,177.19,,забуксовать,126.01,,,,,,
,телеграфист,252.25,,телеграфный,3.05,,,,,,,,,
,опочивальня,252.23,,почить,9.27,,почивать,5.82,,почивший,4.12,,,
,волейболист,252.15,,,,,,,,,,,,
,першить,252.01,,поперхнуться,101.99,,,,,,,,,
,вой,250.18,,завыть,161.72,,взвыть,161.52,,завывать,105.23,,взвывать,102.05
,прикоснуться,247.40,,касаться,193.33,,коснуться,143.42,,касание,57.64,,прикасаться,53.21
,выдавить,246.90,,придавить,210.86,,задавить,118.83,,давить,114.41,,раздавить,110.90
,мэр,244.07,,мэрия,104.27,,мэрский,3.85,,,,,,
,цифра,242.85,,цифирь,18.66,,цифровой,16.63,,оцифрованный,1.39,,,
,тройка,239.99,,втроем,194.31,,троица,180.33,,треть,83.02,,тройной,53.58
,менее,237.34,,меньший,87.08,,уменьшить,34.07,,уменьшать,24.01,,меньшинство,20.88
,арест,237.24,,арестант,112.56,,арестовать,99.95,,арестовывать,57.09,,арестованный,56.28
,плен,236.71,,пленительный,210.45,,пленный,141.51,,пленница,104.61,,пленник,49.66
,часто,236.43,,частично,41.39,,часто-часто,4.40,,,,,,
,милый,235.82,,милостыня,197.49,,милость,80.27,,милая,56.46,,умиление,35.51
,редкий,233.74,,редко,115.75,,нередко,67.48,,изредка,48.96,,редкость,35.95
,бизнес,233.49,,,,,,,,,,,,
,пистолет,230.59,,пистолетик,152.66,,пистолетный,2.93,,,,,,
,революция,229.20,,революционер,19.26,,,,,,,,,
,живопись,225.80,,,,,,,,,,,,
,стон,225.66,,стонать,140.47,,стенать,129.80,,застонать,95.52,,простонать,80.42
,батальон,223.93,,батальонный,4.30,,,,,,,,,
,внешний,223.66,,внешность,130.05,,извне,76.16,,внешне,55.73,,вовне,40.95
,ушиб,223.40,,ушибить,140.45,,сшибить,137.83,,вышибить,114.87,,ошибка,111.21
,прочный,220.23,,впрочем,167.31,,прочь,153.84,,прочно,101.85,,прочность,65.20
,значит,220.17,,значимо,7.82,,неоднозначно,4.85,,незначимый,4.69,,,
,сигнализация,219.99,,просигналить,206.94,,сигнал,187.18,,сигналить,11.01,,посигналить,1.83
,атака,219.69,,атаковать,100.70,,контратака,79.54,,,,,,
,повредить,219.64,,вредитель,101.50,,вред,65.53,,вредный,41.63,,вредить,33.99
,язва,218.62,,уязвить,13.85,,язвить,12.09,,съязвить,8.50,,уязвимый,8.12
,партизан,217.93,,партизанка,152.77,,партизанский,6.54,,партизанить,2.31,,,
,майор,217.69,,майорский,11.96,,майорша,3.23,,,,,,
,нация,216.77,,национальный,57.67,,национализм,7.36,,националист,6.42,,,
,ноябрь,216.22,,ноябрьский,12.91,,,,,,,,,
,много,216.21,,немного,207.68,,множество,125.55,,намного,91.06,,размножение,87.23
,дремучий,215.55,,дремать,59.60,,дрема,34.29,,задремать,27.86,,подремать,11.88
,слепящий,215.52,,ослепить,110.37,,слепой,65.98,,слепец,21.55,,ослепительно,10.37
,агент,215.49,,агентство,120.58,,агентура,9.07,,агентский,4.30,,агентурный,2.86
,пожирать,214.74,,прожорливый,5.06,,обжорство,0.70,,,,,,
,возникать,214.30,,возникнуть,180.47,,проникать,156.70,,проникнуть,145.47,,ник,108.85
,пока,214.15,,покуль,7.77,,покамест,7.33,,,,,,
,вонь,212.88,,вонять,159.74,,вонючий,135.21,,завонять,101.68,,провонять,89.57
,позиция,211.80,,позиционный,12.67,,суперпозиция,2.53,,,,,,
,затем,211.14,,,,,,,,,,,,
,кроватка,211.09,,кровать,114.31,,прикроватный,0.86,,,,,,
,посерьезнеть,210.89,,серьезно,31.86,,серьезнейший,11.48,,,,,,
,плакать,210.71,,заплакать,120.17,,поплакать,98.97,,заплаканный,70.14,,расплакаться,57.29
,бушевать,209.97,,,,,,,,,,,,
,лабиринт,209.30,,,,,,,,,,,,
,мститель,208.89,,мстить,13.60,,месть,9.77,,отомстить,8.61,,мщение,2.65
,максимизация,208.77,,максимальный,66.85,,максимально,30.20,,максима,25.70,,максималист,9.49
,союз,208.26,,союзник,193.82,,союзный,69.23,,союзница,22.33,,союзнический,9.00
,госпиталь,208.12,,госпитальный,2.80,,,,,,,,,
,нелюбопытный,207.65,,любопытно,58.57,,любопытство,33.47,,любопытный,18.62,,,
,факт,207.27,,фактически,44.36,,фактический,23.05,,постфактум,6.23,,,
,морг,207.20,,,,,,,,,,,,
,стабилизатор,207.05,,стабилизация,3.73,,,,,,,,,
,кряхтеть,206.57,,кряхтение,176.78,,кряхтенье,176.59,,закряхтеть,151.81,,покряхтеть,151.67
,коррупционер,206.33,,коррупция,43.37,,,,,,,,,
,эмигрировать,206.30,,,,,,,,,,,,
,конкурс,205.58,,конкурсант,14.21,,конкурсный,13.06,,,,,,
,специалистка,205.54,,неспециалист,6.28,,,,,,,,,
,инъекция,205.20,,,,,,,,,,,,
,панихида,205.20,,,,,,,,,,,,
,таращить,204.97,,вытаращить,154.84,,таращиться,153.73,,вытаращиться,101.32,,,
,заляпать,204.95,,ляпнуть,3.86,,ляп,3.86,,вляпаться,2.03,,,
,расстегивать,204.39,,подстегивать,202.97,,,,,,,,,
,коррозия,204.33,,коррозионный,0.72,,,,,,,,,
,гнус,204.24,,гнусный,1.79,,гнушаться,1.06,,гнусность,0.46,,,
,харя,204.20,,,,,,,,,,,,
,ковылять,203.99,,заковылять,151.88,,доковылять,151.50,,поковылять,151.27,,проковылять,126.16
,гаркнуть,203.90,,,,,,,,,,,,
,шлак,203.89,,,,,,,,,,,,
,банда,203.86,,бандит,191.37,,бандитский,4.15,,бандитизм,1.34,,,
,черствый,203.56,,черстветь,176.20,,зачерстветь,125.96,,черствость,0.85,,,
,насупить,203.26,,насупиться,153.41,,,,,,,,,
,хрущевка,203.25,,хрущевский,4.31,,,,,,,,,
,верещать,203.11,,заверещать,152.33,,,,,,,,,
,малевать,202.81,,намалевать,152.02,,размалевать,126.68,,маляр,14.77,,малярный,1.82
,кондитерская,202.79,,кондитер,5.35,,кондитерский,2.61,,,,,,
,скользкий,202.78,,выскользнуть,110.64,,ускользать,84.30,,вскользь,20.03,,скользить,8.01
,профессор,202.02,,профессура,11.58,,профессорша,2.85,,,,,,
,пыжиться,201.99,,напыжиться,150.90,,пыжик,7.86,,пыж,3.57,,,
,полицмейстер,201.98,,,,,,,,,,,,
,ошпарить,201.49,,шпарить,5.48,,,,,,,,,
,компания,199.79,,,,,,,,,,,,
,противник,199.13,,напротив,172.55,,против,74.31,,противный,57.00,,противно,20.91
,вопль,198.79,,вопить,165.17,,вопиять,130.05,,завопить,109.61,,возопить,104.17
,казнь,198.71,,казнить,137.63,,казниться,1.98,,наказанье,1.62,,,
,съемочный,196.58,,съемка,81.21,,съемный,32.86,,съем,17.53,,съемщик,7.75
,шеф,196.22,,шефский,8.95,,шефство,4.27,,подшефный,2.67,,шефствовать,1.65
,партнер,192.98,,партнерша,37.61,,партнерство,10.29,,партнерский,6.11,,,
,приятный,192.18,,приятно,50.10,,приятность,5.35,,приятнейший,4.45,,,
,безлюдный,190.97,,людно,26.07,,люд,19.66,,людный,8.66,,людишки,7.06
,матч,190.80,,,,,,,,,,,,
,корпус,189.57,,корпусной,4.71,,,,,,,,,
,реформа,189.35,,реформатор,55.71,,реформация,7.47,,,,,,
,хмуриться,189.21,,нахмурить,182.47,,нахмуриться,140.72,,нахмуренный,127.98,,хмурый,33.25
,акция,189.15,,акционерный,14.28,,,,,,,,,
,эффект,188.41,,эффектный,90.62,,эффективный,40.32,,эффективно,24.52,,эффектно,3.84
,палач,187.25,,,,,,,,,,,,
,практически,186.75,,,,,,,,,,,,
,инженер,184.91,,инженерный,14.73,,инженерия,5.47,,,,,,
,ошарашить,183.49,,шарахнуть,179.71,,шарахаться,156.77,,шарахнуться,129.61,,ошарашивать,127.22
,десяток,182.70,,десятка,74.13,,десятник,20.10,,десятина,16.82,,десятая,14.05
,февраль,181.23,,февральский,12.96,,,,,,,,,
,застывший,181.21,,,,,,,,,,,,
,озноб,181.08,,знобить,127.21,,,,,,,,,
,вдребезги,180.92,,дребезжать,155.07,,задребезжать,101.95,,дребезг,2.92,,дребезжание,1.60
,гетто,180.42,,,,,,,,,,,,
,отпрянуть,180.41,,воспрять,5.59,,воспрянуть,5.13,,прянуть,2.21,,,
,могильщик,180.31,,замогильный,127.09,,могильник,91.79,,могила,42.81,,могилка,37.95
,распороть,179.99,,порка,179.82,,вспороть,102.76,,выпороть,102.66,,вспарывать,76.56
,шпана,179.64,,,,,,,,,,,,
,бастовать,179.07,,забастовка,156.93,,забастовать,126.49,,бастующий,1.87,,забастовщик,1.33
,гадать,178.86,,загадка,102.83,,угадать,97.70,,догадаться,91.96,,разгадать,79.31
,вторник,178.74,,повторять,153.07,,вторичный,121.64,,повторный,118.49,,повторение,100.32
,результат,178.60,,,,,,,,,,,,
,спазм,178.58,,спазма,150.98,,,,,,,,,
,пасмурный,178.50,,,,,,,,,,,,
,фугас,178.02,,фугаска,125.80,,фугасный,0.91,,,,,,
,вывих,177.16,,вывихнуть,175.99,,вывихнутый,75.54,,свихнуться,1.34,,,
,обшарпать,176.87,,обшарпанный,126.96,,,,,,,,,
,пост,176.51,,постный,55.32,,поститься,23.19,,постник,16.99,,,
,парша,176.46,,паршивый,2.51,,,,,,,,,
,дерма,176.12,,дерматин,4.44,,дерматиновый,1.92,,дерматит,0.78,,,
,фраза,174.96,,фразочка,9.04,,фразеология,3.31,,фразировка,2.40,,,
,требовать,174.59,,потребитель,126.49,,требоваться,78.43,,потребность,75.62,,требование,68.37
,премия,173.77,,премиальный,6.11,,премиальные,4.83,,,,,,
,лидер,173.33,,лидерство,10.68,,лидировать,10.66,,лидин,5.71,,лидерский,3.50
,вуз,167.31,,вузовский,7.47,,,,,,,,,
,рыдать,166.39,,зарыдать,105.67,,разрыдаться,65.64,,рыдание,8.40,,навзрыд,4.37
,артиллерия,165.87,,артиллерист,8.68,,,,,,,,,
,стиль,165.62,,стильный,46.43,,стильно,12.98,,,,,,
,выплата,165.43,,плата,147.88,,платить,142.82,,оплата,141.44,,заплатить,63.34
,период,164.12,,периодически,13.91,,периодика,10.38,,периодизация,4.99,,,
,чужой,162.39,,чужак,53.92,,чужбина,30.17,,чуждый,26.07,,чужое,9.96
,провинциал,159.65,,провинциалка,102.84,,провинция,57.90,,,,,,
,экономист,158.92,,экономить,124.44,,экономика,121.19,,сэкономить,101.89,,экономия,86.95
,сатана,156.86,,осатанеть,1.50,,сатанист,0.90,,сатанинский,0.80,,сатанизм,0.27
,монстр,156.68,,,,,,,,,,,,
,карикатура,156.31,,карикатурист,3.27,,карикатурный,1.78,,,,,,
,киллер,155.18,,,,,,,,,,,,
,практика,154.51,,практический,27.77,,практиковать,18.20,,практицизм,3.34,,,
,тонна,154.24,,тонный,12.01,,тоннаж,3.21,,,,,,
,карцер,153.98,,,,,,,,,,,,
,дешифровка,153.17,,шифровальщик,101.96,,шифр,18.62,,шифровка,8.30,,расшифровка,6.77
,кокаин,152.93,,,,,,,,,,,,
,сплюснутый,152.75,,плющить,127.29,,сплющить,103.07,,приплюснутый,102.32,,расплющить,77.61
,агония,152.51,,,,,,,,,,,,
,гипнотизер,152.01,,,,,,,,,,,,
,объем,151.79,,объемный,92.56,,объемистый,33.81,,объемно,5.95,,объемность,3.91
,анатомичка,151.16,,анатом,5.69,,,,,,,,,
,наблюдать,150.82,,наблюдение,105.58,,наблюдатель,97.86,,соблюдать,72.55,,наблюдаться,36.23
,ситуация,149.95,,ситуационный,6.43,,,,,,,,,
,контроль,148.20,,контрольная,130.72,,контрольный,42.48,,госконтроль,6.26,,,
,фамилия,147.63,,,,,,,,,,,,
,штат,147.14,,штатское,44.07,,штатский,32.00,,штатный,18.94,,нештатный,5.20
,олигарх,146.39,,олигархия,1.05,,,,,,,,,
,жесткий,145.82,,жестко,43.63,,жестокий,20.82,,жесткость,15.96,,ожесточенный,7.83
,комитет,143.26,,оргкомитет,18.85,,подкомитет,4.34,,комитетчик,2.92,,,
,принцип,142.45,,принципал,15.53,,,,,,,,,
,август,141.44,,августейший,6.48,,августовский,5.85,,,,,,
,ощущать,141.21,,ощутить,113.16,,ощущение,76.78,,ощутимый,49.66,,ощущаться,23.74
,торжество,139.88,,восторг,139.09,,вторжение,108.74,,торжественно,35.05,,восторженный,26.55
,поздний,139.65,,опоздать,84.59,,поздно,64.17,,опаздывать,48.12,,запоздать,32.66
,заблудиться,139.39,,блуждать,34.81,,блуждающий,16.36,,блуждание,7.88,,блудный,7.69
,страховой,139.21,,страх,128.67,,страшный,81.27,,страшно,72.95,,страховка,67.07
,персонаж,138.84,,персонал,117.48,,персона,49.69,,персоналка,11.19,,персональный,10.52
,ген,138.49,,антиген,44.96,,генетик,44.73,,геном,34.72,,генетика,15.28
,секретарь,137.26,,госсекретарь,3.16,,,,,,,,,
,гений,137.20,,,,,,,,,,,,
,секунда,136.83,,секундант,27.07,,секундный,7.81,,секундочка,5.22,,,
,активный,136.75,,актив,73.91,,активность,42.37,,активист,37.08,,активизация,12.47
,характер,135.90,,характерный,49.28,,характерно,6.60,,,,,,
,кашлять,135.02,,откашляться,130.75,,покашливать,129.60,,прокашляться,103.44,,кашлянуть,92.65
,редактор,135.01,,редакторша,16.45,,редактура,3.79,,редакторский,3.43,,,
,забормотать,134.96,,пробормотать,61.08,,бормотать,36.21,,бормотание,5.33,,бормотанье,4.28
,традиция,134.46,,традиционный,29.99,,традиционно,19.18,,,,,,
,глодать,134.38,,обглодать,93.10,,голодный,29.27,,голод,28.02,,голодать,13.38
,вагон,134.08,,вагонка,13.46,,вагончик,8.75,,вагонный,8.51,,вагонетка,5.04
,анализ,133.46,,анализатор,18.75,,,,,,,,,
,мобилизация,133.26,,мобилизовать,106.50,,,,,,,,,
,отчет,132.30,,отчетливо,25.02,,отчетность,17.25,,отчетный,15.34,,отчетливый,12.06
,сначала,132.02,,изначально,25.55,,,,,,,,,
,японец,131.61,,японка,39.34,,японский,33.00,,по-японски,3.39,,,
,рекламный,130.22,,реклама,123.80,,рекламист,27.83,,рекламщик,7.14,,,
,сезон,130.21,,сезонный,5.92,,предсезонный,5.66,,межсезонье,4.11,,сезонность,3.18
,древний,129.70,,древнейший,21.84,,древние,16.97,,древность,16.80,,древлянин,7.51
,скулить,127.76,,заскулить,88.86,,,,,,,,,
,потроха,127.65,,потрошить,88.86,,выпотрошить,63.51,,потрошитель,63.19,,распотрошить,50.55
,выплевывать,127.48,,поплевывать,126.51,,оплевывать,75.68,,плева,11.05,,плевел,7.73
,итог,127.31,,итого,18.91,,итоговый,16.74,,,,,,
,барахтаться,127.24,,,,,,,,,,,,
,октябрь,127.19,,октябрьский,14.59,,октябренок,13.30,,,,,,
,рявкать,126.53,,рявкнуть,104.85,,,,,,,,,
,коллектив,126.14,,коллективизм,3.01,,,,,,,,,
,реакция,126.04,,реакционный,4.04,,реакционер,1.92,,,,,,
,расставанье,125.76,,подставиться,0.86,,,,,,,,,
,посетить,125.60,,посещать,115.05,,посетитель,99.72,,посещение,46.87,,посещаемость,3.38
,едва,124.24,,едва-едва,7.43,,,,,,,,,
,декабрь,123.38,,декабрист,46.44,,декабрьский,7.38,,,,,,
,сырье,123.20,,,,,,,,,,,,
,достигнуть,121.53,,достигать,85.24,,достижение,52.86,,постигнуть,47.21,,постигать,36.91
,серия,121.22,,сериал,94.18,,,,,,,,,
,пенсия,121.19,,пенсионер,94.15,,пенсионный,26.00,,пенсионерка,24.22,,пенсион,19.45
,прокурор,120.94,,прокурорша,7.57,,прокурорский,4.68,,,,,,
,уж,120.37,,,,,,,,,,,,
,академик,118.95,,академизм,3.32,,академичный,1.68,,,,,,
,ныне,116.95,,нынешний,90.20,,нынче,79.31,,отныне,48.07,,нона,34.36
,слабый,116.70,,слабо,37.79,,расслабиться,29.90,,ослабить,27.90,,слабеть,24.14
,бюджет,115.65,,бюджетный,40.05,,бюджетник,30.64,,госбюджет,8.28,,внебюджетный,7.60
,обрести,115.35,,приобрести,102.35,,приобретать,64.46,,обретать,59.85,,изобрести,56.29
,количество,113.55,,несколько,86.54,,насколько,81.85,,,,,,
,этап,113.45,,поэтапный,7.62,,поэтапно,7.45,,этапный,7.40,,этапировать,5.65
,очнуться,113.32,,,,,,,,,,,,
,федерация,113.27,,,,,,,,,,,,
,сильно,113.16,,сильнейший,34.66,,,,,,,,,
,тяжелый,112.69,,,,,,,,,,,,
,формула,112.05,,формулировка,11.63,,формульный,2.93,,,,,,
,норма,111.23,,норматив,20.52,,нормаль,13.47,,ненормальный,9.38,,нормировать,4.76
,губернатор,111.01,,губернский,9.41,,,,,,,,,
,учет,110.60,,учетный,14.92,,учетчик,8.44,,недоучет,1.69,,,
,штука,110.40,,штучка,80.85,,штуковина,21.40,,штучный,7.64,,поштучно,4.00
,протестовать,110.12,,протестующий,103.35,,протест,43.73,,протестный,3.65,,протестующе,1.48
,стратегия,110.01,,стратег,10.01,,,,,,,,,
,истерика,109.51,,истерия,4.64,,истерик,2.26,,истеричка,2.24,,истеричный,1.42
,совершенно,109.50,,несовершенно,1.38,,,,,,,,,
,процент,108.69,,процентный,21.50,,непроцентный,3.07,,,,,,
,препарат,106.40,,препаратор,4.25,,,,,,,,,
,форум,106.39,,форумчанин,6.44,,,,,,,,,
,эксперт,106.26,,экспертиза,21.28,,экспертный,15.80,,,,,,
,атомный,106.01,,атом,33.73,,атомарный,11.66,,атомщик,4.42,,,
,степень,105.86,,степенный,14.09,,постепенный,13.84,,степенно,10.54,,степенной,6.52
,вытрезвитель,105.07,,трезвый,34.37,,трезво,21.93,,протрезветь,13.41,,трезветь,12.16
,структура,105.04,,структурный,29.00,,структурно,7.22,,,,,,
,сюжет,104.67,,сюжетный,9.82,,,,,,,,,
,технология,104.31,,технолог,48.75,,,,,,,,,
,честно,103.28,,честный,85.20,,почетный,47.81,,почет,42.37,,почести,42.26
,калечить,102.68,,искалечить,78.02,,покалечить,77.55,,,,,,
,физический,102.65,,физически,50.60,,,,,,,,,
,дезертир,102.45,,дезертирство,0.37,,,,,,,,,
,ментовка,102.16,,ментовский,0.98,,,,,,,,,
,суббота,101.85,,субботник,19.18,,субботний,12.38,,,,,,
,миллион,101.83,,миллионер,73.52,,миллионерша,13.89,,миллионный,12.20,,мильон,7.72
,таблица,101.25,,,,,,,,,,,,
,гематома,101.25,,,,,,,,,,,,
,корежить,101.00,,искорежить,76.06,,покорежить,75.75,,,,,,
,педагог,100.81,,педагогика,8.06,,,,,,,,,
,реальный,100.79,,реально,55.18,,реальность,51.61,,нереальный,8.89,,ирреальный,5.10
,вариант,100.71,,вариация,18.92,,инвариант,5.96,,инвариантный,3.25,,вариативный,2.87
,громко,100.65,,,,,,,,,,,,
,болтать,100.64,,поболтать,34.75,,болтаться,27.72,,болтовня,12.27,,разболтать,6.35
,модный,100.56,,мода,74.85,,модница,31.46,,модник,27.70,,модно,13.99
,профессия,100.49,,профессионал,42.44,,,,,,,,,
,республика,100.34,,,,,,,,,,,,
,похоже,99.42,,непохожий,9.97,,похожесть,3.69,,непохоже,2.67,,непохожесть,2.36
,секрет,99.22,,секретный,41.34,,рассекретить,5.79,,засекретить,5.20,,секретно,5.07
,дивизия,99.07,,дивизион,44.87,,дивизионный,3.09,,,,,,
,уничтожить,98.69,,уничтожать,89.35,,изничтожить,64.61,,уничтожение,7.94,,уничтожаться,2.14
,критик,97.18,,критика,48.01,,критиковать,27.84,,критический,20.12,,критичный,5.78
,барон,97.10,,баронесса,21.32,,,,,,,,,
,авиация,97.00,,,,,,,,,,,,
,физик,96.64,,физика,52.46,,физтех,19.41,,физфак,12.71,,физлицо,4.32
,редакция,95.99,,редакционный,7.44,,,,,,,,,
,абсолютно,95.87,,абсолютный,28.45,,абсолют,12.42,,абсолютизм,4.79,,абсолютность,1.84
,мудрец,95.82,,мудрый,77.31,,мудрость,24.51,,умудриться,22.86,,умудряться,19.36
,функция,95.28,,функционер,9.92,,функционал,3.70,,дисфункция,1.31,,,
,истец,95.11,,истина,86.73,,истинный,55.91,,истово,35.70,,поистине,28.71
,режим,94.97,,режимный,8.14,,,,,,,,,
,стремиться,94.94,,устремиться,57.66,,стремление,35.80,,устремить,33.53,,устремляться,18.66
,моральный,94.38,,мораль,29.25,,морально,12.03,,моралист,2.26,,,
,империя,94.25,,,,,,,,,,,,
,целое,94.19,,целехонький,13.67,,целенький,11.54,,,,,,
,рейс,93.81,,рейсовый,6.89,,,,,,,,,
,социальный,93.62,,социально,22.75,,социалка,13.83,,социальность,3.92,,,
,химия,92.61,,химик,55.72,,химический,29.77,,химичка,8.69,,химически,5.89
,медленно,91.75,,немедленно,56.43,,медленный,38.03,,медлить,28.65,,замедлить,21.66
,чеченец,91.70,,чеченский,90.01,,чечен,32.17,,чеченка,4.22,,,
,сталинист,91.34,,сталинский,6.52,,сталинизм,1.44,,сталинщина,0.42,,,
,катастрофа,91.00,,,,,,,,,,,,
,мертвящий,90.93,,мертвенно,90.09,,мертвый,49.28,,мертвяк,2.62,,,
,цикл,89.96,,зациклиться,1.90,,цикличный,1.88,,,,,,
,истерзать,89.92,,растерзать,77.99,,терзать,9.20,,истерзанный,1.67,,терзаться,1.62
,анекдот,89.72,,анекдотичный,1.92,,,,,,,,,
,мутный,89.31,,смущать,34.88,,смутить,29.40,,смутиться,24.01,,возмутиться,20.20
,лад,89.24,,ладный,67.86,,лада,55.86,,наладить,51.20,,ладно,46.73
,галстучек,89.15,,галстук,17.66,,,,,,,,,
,бояться,88.73,,небось,27.98,,побаиваться,13.53,,боязливо,11.34,,побояться,11.22
,браконьер,88.71,,,,,,,,,,,,
,халтурить,88.69,,халтура,2.91,,халтурщик,1.09,,халтурный,0.39,,,
,балет,88.68,,балетный,13.96,,балетмейстер,7.94,,,,,,
,пакостить,88.34,,напакостить,63.05,,пакость,2.99,,пакостник,0.84,,пакостный,0.49
,сержант,87.48,,сержантик,6.62,,сержантский,4.10,,,,,,
,теория,87.38,,,,,,,,,,,,
,араб,87.16,,арабский,13.53,,арабидопсис,2.36,,по-арабски,1.58,,,
,пауза,86.80,,,,,,,,,,,,
,независимо,86.08,,независимый,41.95,,зависнуть,38.75,,независящий,8.50,,,
,пост,85.98,,постовой,7.10,,,,,,,,,
,поэзия,85.95,,,,,,,,,,,,
,обещать,85.95,,обет,51.78,,обещание,32.80,,пообещать,32.56,,обетованный,6.95
,хирург,85.20,,хирургия,15.16,,,,,,,,,
,мимо,85.13,,,,,,,,,,,,
,достаточно,83.96,,недостаточно,10.86,,,,,,,,,
,вокзал,83.73,,вокзальный,12.98,,,,,,,,,
,конкурент,83.41,,конкуренция,14.99,,конкурентка,8.33,,,,,,
,аромат,83.09,,ароматный,22.65,,ароматизатор,7.09,,ароматерапия,2.05,,,
,мартовский,83.01,,март,22.63,,,,,,,,,
,квартал,82.75,,,,,,,,,,,,
,шоу,82.66,,,,,,,,,,,,
,миф,82.04,,мифический,11.49,,,,,,,,,
,смелый,81.91,,сметь,47.51,,смело,41.91,,смельчак,32.48,,осмелиться,23.28
,гордый,81.84,,гордиться,55.66,,гордо,40.60,,гордость,33.96,,гордец,6.96
,версия,81.60,,,,,,,,,,,,
,уберечь,79.21,,сберечь,62.87,,оберегать,61.56,,бережно,56.01,,беречь,42.54
,всхлипнуть,78.95,,всхлипывать,66.05,,всхлип,5.85,,всхлипывание,1.11,,,
,эпоха,78.92,,эпохальный,5.55,,,,,,,,,
,репетиция,78.73,,репетировать,29.40,,репетитор,22.70,,,,,,
,серьезный,78.71,,серьезность,13.17,,несерьезный,4.58,,,,,,
,милиционер,78.15,,,,,,,,,,,,
,литература,77.91,,литературный,77.00,,литератор,31.81,,литературно,5.45,,,
,ресурс,77.51,,ресурсный,8.99,,,,,,,,,
,щека,77.25,,пощечина,20.86,,щечка,14.98,,щекастый,7.65,,,
,концлагерь,77.21,,,,,,,,,,,,
,христианин,77.00,,христов,33.62,,христианский,16.29,,христианка,15.10,,христианство,12.58
,тайга,76.81,,таежный,28.33,,,,,,,,,
,контакт,76.48,,контактный,16.52,,,,,,,,,
,натура,76.40,,натуральный,29.62,,натурщица,15.38,,натурный,13.03,,натуралист,7.51
,зарплата,75.75,,зарплатный,2.31,,,,,,,,,
,сорт,75.63,,сортировать,12.02,,сортировка,8.17,,сортовой,8.12,,сортамент,3.04
,покойничек,75.57,,покойно,1.89,,покойная,1.74,,,,,,
,обязать,75.36,,обязанный,67.80,,обязанность,59.07,,обязательный,42.44,,обязательно,35.96
,парламент,75.20,,парламентер,9.11,,,,,,,,,
,ветеран,74.23,,ветеранский,4.08,,,,,,,,,
,рецепт,73.95,,рецептор,5.95,,рецептура,4.05,,рецепторный,1.86,,,
,естественный,73.68,,естественно,46.54,,естество,16.25,,,,,,
,гигант,73.29,,гигантский,59.79,,,,,,,,,
,конференция,72.81,,,,,,,,,,,,
,менеджер,72.64,,менеджмент,9.22,,менеджерский,3.03,,,,,,
,ритм,72.29,,ритмично,9.24,,ритмичный,8.67,,ритмический,8.07,,ритмика,7.31
,элита,71.26,,элитный,30.26,,элитарный,6.04,,элитарность,1.85,,,
,семинар,70.68,,семинарист,9.30,,семинарский,3.23,,семинарий,3.01,,,
,кресло,70.50,,креслице,4.35,,,,,,,,,
,сектор,70.42,,госсектор,2.13,,,,,,,,,
,академия,70.30,,,,,,,,,,,,
,проза,70.14,,прозаик,22.28,,прозаический,3.70,,прозаичный,1.15,,,
,верста,69.40,,сверстник,33.21,,верстка,11.58,,сверстать,8.57,,сверстница,8.33
,фактор,69.33,,факторный,5.19,,,,,,,,,
,мелодия,69.03,,мелодичный,6.55,,мелодика,2.47,,мелодично,2.02,,мелодический,1.69
,терпеть,68.99,,терпеливо,51.72,,терпение,35.33,,терпеливый,29.89,,потерпеть,28.80
,злой,68.43,,зло,36.96,,злиться,21.05,,злобный,17.84,,злоба,16.55
,финансовый,67.98,,финансы,50.00,,финансист,28.36,,финансово,8.92,,,
,контрактник,67.91,,контракт,54.93,,контрактный,12.94,,,,,,
,гораздо,67.89,,горазд,11.71,,угораздить,2.86,,,,,,
,эпизод,67.32,,эпизодически,2.64,,,,,,,,,
,навык,67.00,,привыкнуть,57.67,,привычка,57.30,,привычный,54.85,,привыкать,28.39
,понятно,66.90,,непонятно,14.67,,понятийный,6.04,,непонятки,3.15,,непонятливый,3.12
,маг,66.82,,,,,,,,,,,,
,федеральный,66.38,,федеративный,9.30,,,,,,,,,
,римский,65.79,,,,,,,,,,,,
,грамм,65.28,,,,,,,,,,,,
,прогноз,65.28,,прогнозный,6.08,,,,,,,,,
,толк,65.19,,толком,36.84,,толковать,32.59,,толковый,16.86,,толкование,16.56
,коммерческий,65.17,,,,,,,,,,,,
,потомок,65.08,,потомство,14.02,,,,,,,,,
,ниша,64.80,,,,,,,,,,,,
,пионер,64.67,,пионерский,14.44,,пионерка,12.28,,пионерия,4.69,,,
,намек,64.41,,намекать,13.70,,смекнуть,11.66,,смекалка,11.19,,намекнуть,9.46
,манера,64.11,,манер,17.61,,манерный,3.64,,манерно,1.37,,манерность,0.82
,вакцина,63.98,,вакцинация,12.34,,вакцинный,4.88,,ревакцинация,1.49,,вакцинальный,0.94
,дурной,63.14,,дурь,36.36,,дурить,21.78,,дурно,14.47,,,
,специальный,63.01,,специально,51.91,,,,,,,,,
,штамм,62.65,,,,,,,,,,,,
,пугать,62.50,,испугаться,37.84,,напугать,29.28,,испуганно,28.77,,испуг,25.62
,субъект,62.45,,субъектный,4.65,,субъектность,1.96,,субъективизм,1.27,,,
,талант,62.22,,талантливый,22.86,,,,,,,,,
,роскошный,61.47,,роскошь,33.09,,роскошно,9.51,,роскошество,1.33,,,
,бюро,61.20,,,,,,,,,,,,
,гимн,61.17,,,,,,,,,,,,
,комиссия,61.13,,комиссионер,7.66,,комиссионный,5.46,,,,,,
,страстный,60.96,,страстно,29.35,,страстной,28.74,,сострадание,17.69,,страдать,16.73
,проблема,60.62,,проблемный,11.50,,проблематика,7.97,,,,,,
,перспектива,60.55,,,,,,,,,,,,
,четко,60.07,,четкий,45.05,,четкость,10.05,,нечеткий,9.04,,нечетко,7.75
,ловко,60.01,,неловко,10.32,,,,,,,,,
,шах,59.89,,,,,,,,,,,,
,прекрасно,59.45,,,,,,,,,,,,
,диалог,58.93,,диалоговый,4.51,,,,,,,,,
,потратить,58.82,,тратить,50.66,,затрата,31.80,,затратить,28.29,,утрата,20.87
,торопиться,58.71,,торопливо,22.94,,торопить,15.45,,неторопливый,13.55,,торопливый,9.49
,университет,58.69,,,,,,,,,,,,
,дежурство,58.62,,дежурная,36.16,,дежурить,30.72,,дежурка,23.61,,дежурный,20.49
,валюта,58.57,,валютный,16.63,,валютчик,4.58,,,,,,
,продукция,58.50,,,,,,,,,,,,
,бледный,58.50,,побледнеть,18.46,,бледнеть,17.32,,бледно,3.31,,бледненький,3.06
,недалеко,58.40,,,,,,,,,,,,
,апостол,58.36,,апостольский,3.79,,,,,,,,,
,полюс,58.35,,диполь,2.00,,дипольный,1.30,,,,,,
,вероятно,58.32,,невероятный,51.25,,вероятный,23.39,,вероятность,23.09,,,
,ремонт,58.11,,ремонтный,11.51,,ремонтник,5.52,,,,,,
,зам,58.10,,,,,,,,,,,,
,полоса,57.73,,полоска,26.86,,полоснуть,26.03,,полосатый,13.36,,полосовать,2.60
,строгий,57.65,,строго,34.54,,строгач,9.20,,строгость,7.16,,нестрогий,3.22
,юридический,57.60,,юридически,8.33,,,,,,,,,
,процедура,57.26,,процедурный,8.07,,,,,,,,,
,эфир,57.21,,эфирный,17.63,,,,,,,,,
,аренда,57.05,,арендатор,18.06,,арендовать,15.48,,арендный,8.88,,арендодатель,5.38
,скажем,56.51,,скажи-ка,8.26,,,,,,,,,
,спокойно,56.35,,спокойненько,2.92,,,,,,,,,
,шанс,56.10,,,,,,,,,,,,
,необходимо,55.88,,,,,,,,,,,,
,молекула,55.25,,молекулярный,4.97,,,,,,,,,
,постоянно,55.01,,непостоянный,1.78,,,,,,,,,
,легенда,54.93,,легендарный,18.74,,,,,,,,,
,комиссар,54.80,,комиссариат,6.47,,комиссарский,2.08,,,,,,
,гастроли,54.75,,гастролер,13.58,,,,,,,,,
,математик,54.75,,математика,34.44,,,,,,,,,
,диктор,54.53,,диктовать,51.71,,продиктовать,21.18,,диктовка,10.31,,диктатор,9.72
,нуль,54.49,,ноль,41.98,,нолик,22.05,,нулевой,11.48,,ненулевой,1.74
,пассажир,54.17,,пассажирский,27.93,,пассажирка,12.93,,,,,,
,суровый,54.06,,сурово,8.93,,посуроветь,2.54,,суровость,2.47,,,
,примерно,53.90,,,,,,,,,,,,
,благословить,53.59,,,,,,,,,,,,
,финал,53.53,,финалист,5.77,,,,,,,,,
,лауреат,53.49,,лауреатский,2.27,,лауреатство,0.92,,,,,,
,бокс,53.10,,боксит,14.25,,,,,,,,,
,капитал,53.02,,капиталист,18.08,,капитализм,16.38,,капитально,4.97,,,
,раздражающий,52.98,,дразнить,27.61,,передразнить,8.44,,раздражать,8.39,,раздражить,3.95
,модуль,52.98,,модульный,5.89,,,,,,,,,
,регулятор,52.87,,регулировка,25.87,,регулировать,24.32,,регуляция,9.96,,регулируемый,4.28
,пропагандист,52.82,,пропаганда,2.73,,пропагандный,0.48,,,,,,
,реализация,52.82,,реалист,31.79,,реалия,31.77,,реализовать,30.21,,реал,28.89
,мучить,52.78,,мученик,47.99,,мука,43.58,,мучиться,26.89,,мучаться,22.06
,министерство,52.61,,министерский,5.74,,,,,,,,,
,баланс,52.58,,балансовый,8.49,,балансировка,4.70,,дисбаланс,4.11,,,
,комплект,52.40,,комплектация,3.79,,комплектный,3.02,,,,,,
,атмосфера,51.99,,,,,,,,,,,,
,мотив,51.52,,мотивация,24.69,,мотивировка,7.81,,мотивчик,6.68,,мотивировать,4.82
,порция,51.44,,порционный,1.11,,,,,,,,,
,труппа,50.40,,,,,,,,,,,,
,сеанс,50.22,,,,,,,,,,,,
,витамин,49.88,,витаминный,9.31,,авитаминоз,1.73,,,,,,
,эксперимент,49.54,,,,,,,,,,,,
,пан,49.48,,панский,3.25,,,,,,,,,
,идеал,49.42,,идеальный,25.59,,идеально,15.10,,идеализм,8.55,,идеальность,1.86
,кампания,49.40,,,,,,,,,,,,
,темп,49.00,,,,,,,,,,,,
,гараж,48.18,,гаражный,7.36,,,,,,,,,
,протокол,48.15,,,,,,,,,,,,
,конкретный,48.03,,конкретно,23.23,,,,,,,,,
,контур,47.95,,контурный,3.58,,,,,,,,,
,симпатичный,47.63,,симпатия,31.53,,симпатично,2.11,,,,,,
,литр,47.52,,литровый,7.00,,,,,,,,,
,нота,47.20,,,,,,,,,,,,
,сентябрь,46.84,,сентябрьский,8.73,,,,,,,,,
,славянин,46.55,,словак,18.34,,славянка,16.17,,славист,11.46,,славянский,11.20
,резерв,46.50,,резервист,10.11,,резервный,7.20,,,,,,
,интервью,46.48,,интервьюер,21.02,,,,,,,,,
,санитар,46.04,,санитарка,19.46,,санитарный,7.40,,санитария,2.20,,,
,поэма,46.02,,,,,,,,,,,,
,значительно,45.63,,,,,,,,,,,,
,церемония,45.41,,церемонно,6.60,,церемониться,4.67,,церемониал,4.34,,церемонный,3.36
,ритуал,45.30,,ритуально,1.08,,,,,,,,,
,интернет,45.27,,,,,,,,,,,,
,англичанин,45.15,,,,,,,,,,,,
,турнир,45.11,,турнирный,3.79,,,,,,,,,
,грех,44.97,,грешный,23.75,,грешник,17.41,,безгрешный,11.68,,грешить,8.50
,беременный,44.81,,бремя,11.88,,беременность,7.67,,обременять,4.30,,беременная,3.04
,спектр,44.43,,спектральный,2.74,,,,,,,,,
,хрупкий,44.06,,хрупкость,2.60,,,,,,,,,
,дистанция,43.81,,дистанционно,1.93,,,,,,,,,
,потеха,43.66,,утешать,37.78,,утешить,29.65,,утеха,22.06,,тешить,19.68
,профиль,43.52,,профильный,10.49,,непрофильный,2.04,,,,,,
,мелко,43.45,,мелко-мелко,3.54,,,,,,,,,
,ансамбль,43.40,,,,,,,,,,,,
,поперечный,43.34,,безупречный,14.82,,упрекать,12.78,,упрекнуть,8.47,,поперечник,5.93
,английский,43.07,,по-английски,20.12,,,,,,,,,
,религия,43.05,,религиозный,25.24,,религиозно,3.04,,,,,,
,кризис,43.04,,кризисный,8.64,,докризисный,2.06,,,,,,
,рыжий,42.92,,рыжик,15.45,,рыжеватый,11.31,,порыжеть,1.32,,,
,инспектор,42.80,,инспекторша,1.01,,,,,,,,,
,эколог,42.74,,эко,8.93,,,,,,,,,
,украинец,42.35,,украинка,16.34,,украинский,15.23,,по-украински,1.81,,,
,кумир,42.34,,кумирня,2.77,,,,,,,,,
,климат,42.31,,,,,,,,,,,,
,ахнуть,42.22,,ахать,25.90,,аховый,0.48,,,,,,
,опровергать,42.19,,приверженец,38.35,,отвергнуть,19.03,,подвергнуть,14.03,,подверженный,9.69
,босс,42.00,,,,,,,,,,,,
,леди,41.99,,,,,,,,,,,,
,квадратный,41.95,,квадрат,41.62,,квадратичный,2.02,,,,,,
,статус,41.74,,статусный,6.88,,,,,,,,,
,сюрприз,41.50,,,,,,,,,,,,
,масштаб,41.44,,масштабный,12.39,,масштабно,3.29,,масштабность,2.66,,,
,обида,41.36,,обидеть,24.72,,обидеться,17.84,,обижать,16.48,,безобидный,15.31
,риск,41.29,,рисковать,25.76,,рискнуть,19.08,,рискованный,10.52,,рисковой,3.40
,лорд,41.20,,,,,,,,,,,,
,сено,40.80,,сенной,5.35,,сенник,1.75,,,,,,
,конгресс,40.78,,,,,,,,,,,,
,хвалить,40.74,,похвала,16.58,,хвала,13.82,,похвалить,12.12,,хвалиться,11.07
,автобус,40.50,,,,,,,,,,,,
,тираж,40.48,,тиражировать,3.02,,,,,,,,,
,соратник,40.48,,рать,35.27,,ратник,24.33,,ратный,11.31,,ратовать,4.89
,будда,40.44,,буддист,7.82,,буддизм,5.21,,буддийский,2.83,,буддистский,1.32
,бакс,40.40,,,,,,,,,,,,
,еле,40.05,,,,,,,,,,,,
,спасибо,40.00,,,,,,,,,,,,
,евро,39.80,,,,,,,,,,,,
,клясться,39.76,,клятва,24.31,,заклятие,21.43,,поклясться,19.56,,заклятый,6.64
,благодарить,39.41,,благодарный,34.81,,благодарно,9.24,,благодарение,3.45,,,
,разумеется,39.40,,разумно,15.84,,неразумно,2.30,,,,,,
,шинель,39.29,,шинелька,2.00,,шинельный,1.43,,,,,,
,настолько,39.28,,толика,10.87,,тол,8.99,,,,,,
,дебют,38.85,,дебютант,10.82,,дебютировать,7.13,,дебютантка,3.72,,дебютный,2.63
,громада,38.66,,громадный,17.84,,громоздкий,14.90,,громадина,6.52,,загромоздить,4.08
,занятый,38.55,,занятно,4.30,,,,,,,,,
,тщательно,38.46,,,,,,,,,,,,
,филиал,38.25,,,,,,,,,,,,
,бревно,38.14,,бревенчатый,7.40,,бревнышко,2.45,,,,,,
,водород,38.11,,водородный,4.29,,,,,,,,,
,арбитраж,38.02,,арбитражный,18.75,,арбитр,14.13,,,,,,
,искренний,38.01,,искренне,25.51,,искренность,8.58,,искренно,5.46,,неискренний,1.54
,инвалид,37.80,,инвалидный,4.26,,инвалидность,1.51,,,,,,
,жанр,37.76,,жанровый,11.94,,,,,,,,,
,внезапный,37.64,,внезапно,32.94,,внезапность,4.68,,,,,,
,тариф,37.57,,тарифный,8.59,,тарификация,1.35,,,,,,
,дешевый,37.56,,,,,,,,,,,,
,коллекция,37.55,,коллекционер,16.93,,,,,,,,,
,финиш,37.55,,финишировать,6.72,,финишный,5.23,,,,,,
,адмирал,37.42,,,,,,,,,,,,
,запретить,37.35,,запрет,22.29,,запрещать,21.33,,запретный,14.62,,запрещаться,11.32
,фантазия,37.29,,фантазер,9.27,,,,,,,,,
,дуэт,37.20,,,,,,,,,,,,
,ислам,36.93,,исламский,16.94,,исламист,3.10,,исламизм,0.86,,,
,триумф,36.82,,триумфатор,6.04,,триумфальный,4.54,,триумфально,1.13,,,
,диета,36.57,,диетический,3.21,,,,,,,,,
,акционер,36.30,,,,,,,,,,,,
,категория,36.27,,категоричный,2.12,,категорично,2.09,,,,,,
,лицензия,36.10,,лицензиар,8.92,,лицензионный,6.82,,,,,,
,официальный,35.87,,официально,24.29,,,,,,,,,
,бес,35.54,,бешеный,11.39,,беситься,7.50,,бешено,7.44,,взбесить,7.01
,стадия,35.47,,,,,,,,,,,,
,ленинский,35.22,,ленин,26.56,,ленинец,11.62,,ленинизм,4.65,,лениниана,2.35
,испанец,35.18,,испанка,16.20,,испанский,11.01,,по-испански,1.62,,,
,постепенно,34.52,,,,,,,,,,,,
,реагент,34.43,,реагировать,12.60,,реагирование,3.59,,среагировать,2.91,,,
,заметно,34.38,,незаметно,22.17,,заметность,2.52,,,,,,
,доцент,34.34,,,,,,,,,,,,
,экран,34.30,,экранизация,10.34,,экранчик,3.58,,экранный,3.51,,экранировать,0.45
,колебание,34.13,,колебаться,13.42,,поколебать,4.75,,колебать,4.30,,поколебаться,3.45
,чутье,34.04,,чуть-чуть,14.79,,,,,,,,,
,фракция,33.93,,фракционный,1.37,,,,,,,,,
,адвокат,33.65,,адвокатский,6.39,,адвокатура,4.45,,,,,,
,хитрый,33.31,,нехитрый,26.61,,ухитриться,14.61,,ухитряться,12.51,,хитро,11.07
,молвить,33.28,,молва,22.47,,безмолвный,21.96,,вымолвить,21.61,,промолвить,18.01
,континент,32.97,,,,,,,,,,,,
,стандарт,32.95,,стандартный,16.22,,стандартно,2.78,,нестандартно,1.69,,,
,диаметр,32.80,,диаметрально,1.70,,,,,,,,,
,отнюдь,32.63,,,,,,,,,,,,
,свита,32.55,,,,,,,,,,,,
,изящный,32.30,,изящно,9.41,,изящество,5.65,,,,,,
,контролер,32.26,,,,,,,,,,,,
,эра,32.23,,эр,5.76,,,,,,,,,
,казна,32.22,,казенный,12.52,,казначей,6.11,,казначейство,4.42,,казенник,3.68
,финн,32.18,,,,,,,,,,,,
,реплика,32.05,,репликация,3.46,,,,,,,,,
,бунт,31.93,,бунтарь,16.02,,бунтовать,7.39,,бунтовщик,4.45,,бунтарский,2.92
,прокуратура,31.88,,,,,,,,,,,,
,консультант,31.81,,консультация,16.25,,,,,,,,,
,монарх,31.78,,монархия,5.09,,монархист,4.84,,,,,,
,драма,31.73,,драматургия,6.03,,,,,,,,,
,дискуссия,31.71,,,,,,,,,,,,
,сессия,31.65,,,,,,,,,,,,
,фрагмент,31.63,,фрагментация,1.36,,фрагментарно,1.01,,,,,,
,концепция,31.46,,,,,,,,,,,,
,индивид,31.45,,индивидный,2.69,,,,,,,,,
,гарант,31.38,,гарантия,30.73,,гарантийный,6.80,,,,,,
,экземпляр,31.38,,экземляр,11.31,,,,,,,,,
,антитело,31.30,,,,,,,,,,,,
,монета,31.25,,монетка,6.82,,монетный,2.23,,монетарный,1.77,,,
,чадо,31.24,,исчадие,0.94,,,,,,,,,
,гвардия,31.09,,,,,,,,,,,,
,партийный,30.96,,беспартийный,2.45,,партийность,1.73,,межпартийный,0.69,,,
,скандал,30.76,,скандалить,4.90,,скандальный,3.32,,скандально,1.55,,скандальчик,1.49
,стимул,30.75,,стимулятор,13.88,,стимуляция,4.25,,,,,,
,шикарный,30.71,,шик,20.02,,шикнуть,3.75,,,,,,
,аккуратно,30.63,,аккурат,6.18,,неаккуратный,1.28,,,,,,
,легион,30.49,,легионер,13.85,,,,,,,,,
,донор,30.46,,донорский,3.63,,донорный,2.25,,донорство,1.76,,,
,доходить,30.40,,,,,,,,,,,,
,экзамен,30.37,,экзаменатор,5.88,,экзаменовать,1.80,,,,,,
,рекорд,30.22,,рекордный,10.52,,рекордсмен,9.17,,рекордно,2.84,,,
,генеральный,30.19,,генеральский,15.15,,генеральша,7.75,,,,,,
,хмыкнуть,30.04,,хмыкать,13.78,,,,,,,,,
,горячо,30.02,,горячее,12.10,,горяченький,4.47,,,,,,
,хан,30.01,,ханство,3.31,,ханский,2.70,,,,,,
,полицейский,29.90,,,,,,,,,,,,
,медицинский,29.81,,медицина,27.77,,,,,,,,,
,сотовый,29.75,,,,,,,,,,,,
,люсин,29.57,,,,,,,,,,,,
,губерния,29.40,,,,,,,,,,,,
,фаза,29.30,,,,,,,,,,,,
,хроника,29.24,,хроник,5.77,,хронист,5.55,,хронический,4.15,,хронически,1.72
,успешно,29.22,,небезуспешно,1.21,,,,,,,,,
,чрево,29.07,,чреватый,2.68,,,,,,,,,
,такт,29.00,,тактика,21.90,,тактический,9.16,,тактичный,8.87,,тактовый,2.75
,снабдить,28.96,,снабжать,19.90,,бдительный,14.54,,бдеть,13.60,,снабжение,11.94
,щедрый,28.93,,щедро,16.46,,щедрость,6.17,,щедрота,3.45,,расщедриться,2.31
,солидный,28.92,,солидность,2.99,,несолидный,1.30,,,,,,
,чукча,28.70,,,,,,,,,,,,
,смуглый,28.50,,,,,,,,,,,,
,фут,28.50,,,,,,,,,,,,
,авиатор,28.38,,авиационный,14.14,,авиа,7.57,,авионика,4.01,,,
,кавказец,28.34,,кавказский,8.99,,закавказский,1.76,,,,,,
,иерарх,28.32,,иерархия,10.39,,иерархически,1.01,,,,,,
,греза,28.28,,грезить,6.59,,грезиться,3.14,,пригрезиться,1.46,,,
,факультет,27.96,,,,,,,,,,,,
,сервис,27.84,,сервисный,5.58,,,,,,,,,
,параметр,27.80,,,,,,,,,,,,
,оратор,27.70,,ораторский,3.06,,,,,,,,,
,материя,27.63,,,,,,,,,,,,
,саммит,27.60,,,,,,,,,,,,
,корпорация,27.22,,,,,,,,,,,,
,файл,27.19,,файловый,0.84,,,,,,,,,
,ежегодно,27.06,,ежедневно,24.88,,еженедельник,22.75,,ежедневный,15.96,,ежемесячно,9.62
,ас,27.00,,,,,,,,,,,,
,аспект,26.85,,,,,,,,,,,,
,дубль,26.85,,дублировать,3.84,,дублирование,1.15,,,,,,
,инициатор,26.81,,инициатива,26.64,,инициация,8.52,,инициировать,6.60,,инициативный,5.54
,суета,26.56,,суетиться,20.43,,засуетиться,10.41,,суетливый,6.29,,суетный,3.65
,каяться,26.47,,покаяние,24.22,,покаяться,14.17,,покаянный,10.98,,раскаяние,7.15
,алкоголь,26.41,,алкогольный,6.17,,,,,,,,,
,китайский,26.41,,по-китайски,2.21,,,,,,,,,
,температура,26.37,,,,,,,,,,,,
,цивилизация,26.23,,,,,,,,,,,,
,жюри,26.20,,,,,,,,,,,,
,лига,26.00,,,,,,,,,,,,
,жуткий,25.96,,жутко,10.05,,жуть,7.65,,жутковатый,7.00,,жутковато,3.38
,секция,25.94,,секционный,1.41,,,,,,,,,
,инструкция,25.92,,инструктаж,8.07,,,,,,,,,
,имидж,25.80,,имиджевый,1.84,,,,,,,,,
,соревнование,25.80,,ревнитель,11.44,,ревностный,7.72,,ревновать,6.46,,ревнивый,5.09
,детектив,25.67,,детективный,5.32,,,,,,,,,
,пленум,25.65,,,,,,,,,,,,
,импульс,25.60,,импульсный,3.16,,импульсивный,1.81,,,,,,
,экспортер,25.56,,экспорт,21.58,,,,,,,,,
,щадить,25.56,,пощада,18.31,,пощадить,12.51,,нещадно,3.56,,беспощадный,3.32
,совместно,25.55,,,,,,,,,,,,
,турок,25.55,,,,,,,,,,,,
,пермский,25.30,,,,,,,,,,,,
,самарский,25.24,,самарец,9.54,,,,,,,,,
,титул,25.23,,титулованный,2.06,,титуловать,1.86,,титулярный,0.93,,,
,тревога,25.09,,тревожный,11.32,,тревожить,9.51,,потревожить,7.55,,встревожить,4.95
,тотчас,25.05,,,,,,,,,,,,
,коллегия,25.02,,коллегиально,1.22,,,,,,,,,
,продюсер,24.98,,продюсерский,0.90,,,,,,,,,
,отлучить,24.95,,разлука,16.15,,неразлучный,14.93,,отлучка,13.12,,разлучить,11.36
,покорить,24.92,,покорный,24.92,,покорять,17.51,,карать,14.79,,кара,11.52
,смирно,24.90,,смиренно,6.59,,,,,,,,,
,аналог,24.90,,аналогичный,17.78,,аналогично,6.91,,аналоговый,4.19,,,
,модерн,24.82,,модернизация,9.23,,модернист,6.17,,модерновый,4.73,,модернизм,4.37
,лесть,24.65,,лестный,19.75,,прелесть,17.62,,лестно,16.10,,прелестный,10.69
,контраст,24.60,,контрастный,8.83,,,,,,,,,
,кооператив,24.60,,,,,,,,,,,,
,хрип,24.56,,хриплый,23.45,,хрипеть,21.25,,хрипло,14.15,,прохрипеть,10.41
,тенденция,24.36,,,,,,,,,,,,
,регистр,24.30,,регистрация,20.67,,регистратор,9.41,,регистратура,9.17,,,
,нотариус,24.25,,нотариальный,2.52,,нотариально,1.68,,нотариат,1.45,,,
,нотка,24.22,,нотный,7.14,,,,,,,,,
,бодро,24.10,,ободрить,12.75,,бодрый,11.12,,бодрость,9.42,,подбодрить,9.20
,титр,24.02,,титровать,2.00,,титрование,1.66,,,,,,
,врать,23.98,,вранье,9.48,,соврать,8.20,,наврать,4.54,,враки,2.84
,сэр,23.96,,,,,,,,,,,,
,благородный,23.95,,благородно,7.50,,,,,,,,,
,титан,23.88,,титановый,4.00,,титанический,2.39,,,,,,
,инструктор,23.86,,,,,,,,,,,,
,гениальный,23.85,,гениально,4.45,,гениальность,2.95,,,,,,
,всерьез,23.64,,серьез,6.96,,несерьезно,1.66,,,,,,
,критерий,23.55,,,,,,,,,,,,
,сервер,23.51,,серверный,1.20,,,,,,,,,
,масть,23.48,,маститый,6.00,,,,,,,,,
,популярный,23.45,,популярность,11.00,,популярно,4.07,,,,,,
,миллиард,23.45,,миллиардер,9.93,,миллиардный,2.52,,,,,,
,иллюстрация,23.45,,иллюстратор,3.99,,,,,,,,,
,семерка,23.25,,седмица,8.74,,седьмая,4.92,,,,,,
,канон,23.09,,канонический,3.31,,канонизация,2.67,,канонически,1.25,,,
,кислород,22.97,,кислородный,6.17,,,,,,,,,
,ликовать,22.88,,ликование,8.13,,возликовать,5.59,,,,,,
,йога,22.85,,йог,16.60,,,,,,,,,
,фрау,22.80,,,,,,,,,,,,
,герцог,22.77,,герцогиня,6.07,,герцогство,1.56,,,,,,
,ранг,22.70,,ранговый,3.03,,,,,,,,,
,канун,22.57,,накануне,9.58,,,,,,,,,
,досуг,22.52,,удосужиться,2.15,,недосуг,1.77,,досужий,1.72,,досуговый,1.39
,смешно,22.46,,несмешной,1.70,,,,,,,,,
,раунд,22.40,,,,,,,,,,,,
,шрифт,22.40,,,,,,,,,,,,
,сдвиг,22.39,,сдвиговый,1.23,,,,,,,,,
,уютно,22.36,,неуютно,2.74,,неуют,1.10,,,,,,
,угрюмый,22.33,,угрюмо,10.32,,угрюмость,0.74,,,,,,
,грубый,22.26,,грубость,12.45,,грубо,9.22,,огрубеть,4.07,,грубить,4.02
,барак,22.14,,,,,,,,,,,,
,йод,22.05,,,,,,,,,,,,
,лоно,22.00,,,,,,,,,,,,
,неровный,21.95,,неровно,6.94,,неровность,4.70,,ровненько,2.07,,,
,шалить,21.84,,шалун,15.29,,шальной,12.21,,ошалеть,11.22,,шалость,10.46
,оптовик,21.82,,оптика,19.42,,оптовый,13.80,,опт,9.82,,оптический,8.47
,мистер,21.75,,,,,,,,,,,,
,мероприятие,21.72,,,,,,,,,,,,
,будни,21.72,,будний,4.23,,будничный,4.07,,буднично,3.19,,,
,тусклый,21.68,,тускнеть,7.03,,потускнеть,6.46,,,,,,
,композиция,21.65,,декомпозиция,1.32,,,,,,,,,
,амур,21.63,,амурский,4.66,,амурный,2.86,,,,,,
,акцент,21.61,,акцентуация,1.24,,,,,,,,,
,транслит,21.50,,,,,,,,,,,,
,вектор,21.47,,векторный,2.77,,векторизация,0.84,,,,,,
,шедевр,21.45,,,,,,,,,,,,
,пушкинский,21.41,,пушкинист,2.48,,пушкинистика,0.86,,,,,,
,свекровь,21.40,,,,,,,,,,,,
,ректор,21.39,,проректор,6.11,,ректорат,4.49,,ректорский,1.19,,,
,комфорт,21.34,,комфортный,9.68,,дискомфорт,3.42,,комфортность,1.46,,некомфортно,0.55
,ныть,21.34,,унылый,17.37,,заныть,10.20,,но,9.25,,приуныть,8.49
,предварять,21.30,,предварить,11.67,,проворный,5.89,,проворство,2.38,,предваряться,1.30
,знакомая,21.28,,знакомо,1.32,,,,,,,,,
,мисс,21.20,,,,,,,,,,,,
,лавра,21.16,,лаврский,1.77,,,,,,,,,
,аккорд,21.00,,,,,,,,,,,,
,тайно,21.00,,,,,,,,,,,,
,эссе,20.98,,эссеист,4.15,,,,,,,,,
,социализм,20.86,,социалист,15.51,,социализация,3.17,,,,,,
,ужасно,20.85,,,,,,,,,,,,
,обильный,20.85,,обилие,16.44,,изобилие,10.17,,обильно,10.14,,изобиловать,7.00
,компонент,20.73,,компонента,6.75,,компонентный,1.50,,,,,,
,гид,20.70,,,,,,,,,,,,
,департамент,20.65,,,,,,,,,,,,
,симфония,20.60,,,,,,,,,,,,
,архитектор,20.59,,архитектура,17.41,,,,,,,,,
,великолепный,20.36,,великолепие,9.83,,великолепно,6.60,,,,,,
,пат,20.36,,патовый,3.02,,апатия,2.03,,антипатия,1.08,,апатичный,0.97
,невозможно,20.34,,,,,,,,,,,,
,узбек,20.29,,узбекский,4.82,,,,,,,,,
,полномочие,20.29,,полномочный,6.14,,уполномочить,5.76,,,,,,
,зав,20.13,,завуч,14.04,,,,,,,,,
,гамма,20.03,,,,,,,,,,,,
,патент,20.01,,патентный,3.65,,патентование,0.67,,,,,,
,британец,19.90,,британский,11.70,,британишский,0.51,,,,,,
,концерн,19.88,,,,,,,,,,,,
,публичный,19.81,,публично,13.90,,публичка,9.36,,публичность,3.10,,,
,референдум,19.80,,,,,,,,,,,,
,раса,19.79,,расовый,5.69,,расист,1.53,,расизм,1.47,,расистский,0.38
,наивный,19.76,,наивно,12.42,,наивность,3.55,,,,,,
,турецкий,19.72,,по-турецки,4.06,,,,,,,,,
,вот-вот,19.63,,,,,,,,,,,,
,грош,19.57,,грошовый,1.60,,,,,,,,,
,восьмерка,19.56,,восьмая,3.89,,,,,,,,,
,тенор,19.55,,тенорок,5.48,,,,,,,,,
,мгновенно,19.55,,мгновенье,13.31,,,,,,,,,
,спонсор,19.52,,спонсировать,2.58,,спонсорство,2.04,,спонсорский,1.86,,,
,мигрант,19.49,,миграция,9.98,,мигрировать,3.93,,миграционный,3.90,,,
,го,19.46,,,,,,,,,,,,
,ять,19.46,,,,,,,,,,,,
,ассоциация,19.45,,диссоциация,11.03,,,,,,,,,
,портить,19.35,,испортить,16.01,,порча,8.25,,портиться,3.18,,испортиться,2.79
,конституция,19.35,,,,,,,,,,,,
,чех,19.32,,,,,,,,,,,,
,оптимист,19.14,,оптимизм,16.39,,оптимальный,15.29,,оптимизация,10.47,,оптимистка,8.29
,емкость,19.12,,емко,3.25,,,,,,,,,
,ссора,19.09,,ссориться,8.48,,поссориться,4.79,,поссорить,2.70,,ссорить,2.60
,подробно,19.05,,подробнейший,1.84,,,,,,,,,
,интеллигент,19.01,,,,,,,,,,,,
,сегмент,19.00,,,,,,,,,,,,
,рейтинг,19.00,,рейтинговый,3.42,,,,,,,,,
,потенциал,18.99,,,,,,,,,,,,
,квартет,18.91,,квартальный,1.49,,,,,,,,,
,романтик,18.90,,романтика,16.54,,романтичный,8.30,,романтизм,6.80,,романтически,1.42
,уникальный,18.88,,,,,,,,,,,,
,материальный,18.88,,,,,,,,,,,,
,миссия,18.81,,миссионер,7.83,,,,,,,,,
,после,18.78,,,,,,,,,,,,
,застрять,18.78,,встрять,8.19,,застревать,6.76,,встревать,5.09,,,
,канцелярия,18.70,,канцелярский,3.99,,,,,,,,,
,терапия,18.70,,терапевт,15.73,,,,,,,,,
,девятка,18.60,,девятая,2.49,,,,,,,,,
,бензин,18.48,,бензиновый,4.66,,,,,,,,,
,миля,18.40,,,,,,,,,,,,
,тезис,18.37,,антитеза,2.55,,,,,,,,,
,гнев,18.34,,гневный,5.36,,гневно,2.84,,разгневанный,2.16,,гневаться,2.06
,существующий,18.30,,,,,,,,,,,,
,люкс,18.21,,люксовый,3.35,,,,,,,,,
,пул,18.19,,пуля,15.45,,пулька,4.62,,пулевой,3.63,,пулять,2.43
,травма,18.16,,травмировать,2.87,,травматолог,2.42,,травматизм,0.61,,,
,киевский,18.14,,,,,,,,,,,,
,серб,18.09,,сербский,4.81,,,,,,,,,
,драгоценный,18.03,,,,,,,,,,,,
,хаос,17.90,,,,,,,,,,,,
,абзац,17.85,,,,,,,,,,,,
,досье,17.85,,,,,,,,,,,,
,милорд,17.70,,,,,,,,,,,,
,престижный,17.66,,престиж,10.12,,престижно,1.69,,престижность,1.49,,непрестижный,1.14
,трек,17.58,,трековый,1.36,,,,,,,,,
,па,17.55,,,,,,,,,,,,
,ерунда,17.55,,ерундовый,0.82,,,,,,,,,
,клип,17.53,,,,,,,,,,,,
,питье,17.50,,,,,,,,,,,,
,адекватный,17.48,,адекватно,5.51,,адекватность,2.27,,неадекватный,1.35,,неадекватно,0.43
,оригинальный,17.45,,оригинально,5.73,,,,,,,,,
,штурман,17.44,,штурманский,1.89,,,,,,,,,
,пароль,17.40,,,,,,,,,,,,
,мемуары,17.39,,мемуар,5.08,,мемуарист,4.48,,мемуарный,2.69,,,
,шаблон,17.36,,шаблонный,0.97,,,,,,,,,
,интимный,17.31,,интим,9.07,,интимно,2.87,,интимность,1.72,,,
,торец,17.27,,торцевой,2.41,,торцовый,1.87,,,,,,
,мэтр,17.20,,,,,,,,,,,,
,иудей,17.20,,иудаизм,5.08,,иудейский,3.96,,иудин,1.24,,иудейство,1.11
,жажда,17.18,,жаждать,11.18,,жадный,11.02,,жадно,7.63,,жадность,6.62
,декан,17.15,,деканат,8.66,,,,,,,,,
,азот,17.14,,азотный,2.26,,,,,,,,,
,гектар,17.10,,,,,,,,,,,,
,монгол,17.10,,,,,,,,,,,,
,эпопея,17.10,,,,,,,,,,,,
,интервал,17.10,,интервальный,0.94,,,,,,,,,
,регулярно,17.09,,регулярный,11.84,,регулярность,2.72,,,,,,
,сударь,17.02,,сударыня,8.20,,,,,,,,,
,кайф,16.99,,кайфовать,2.01,,,,,,,,,
,ассистент,16.97,,ассистентка,5.12,,,,,,,,,
,храбрый,16.90,,храбрец,13.33,,храбро,5.01,,храбрость,4.95,,храбриться,2.83
,минимальный,16.89,,минимально,4.59,,,,,,,,,
,штраф,16.88,,штрафной,8.85,,штрафник,4.80,,оштрафовать,1.71,,штрафовать,1.71
,заключенный,16.87,,заключенная,1.16,,,,,,,,,
,античный,16.77,,античность,3.66,,,,,,,,,
,законопроект,16.75,,,,,,,,,,,,
,католик,16.75,,,,,,,,,,,,
,комбинация,16.74,,комбинатор,1.42,,,,,,,,,
,кум,16.69,,кума,8.70,,,,,,,,,
,рапорт,16.69,,рапортовать,3.50,,,,,,,,,
,вертикаль,16.66,,вертикальный,6.15,,вертикально,4.21,,,,,,
,траектория,16.65,,,,,,,,,,,,
,гонорар,16.63,,,,,,,,,,,,
,инфекция,16.60,,дезинфекция,5.61,,инфекционный,2.40,,,,,,
,овальный,16.60,,,,,,,,,,,,
,эстет,16.53,,эстетика,9.68,,эстетический,6.53,,эстетский,3.31,,эстетичный,3.17
,коммерсант,16.50,,,,,,,,,,,,
,эротика,16.49,,эротический,6.44,,эротичный,4.85,,эротизм,1.58,,,
,мистика,16.45,,мистический,12.26,,мистик,11.12,,мистицизм,2.41,,мистификация,2.03
,дефицит,16.44,,дефицитный,4.19,,,,,,,,,
,миниатюра,16.44,,миниатюрный,6.32,,,,,,,,,
,фиксировать,16.37,,фиксатор,11.30,,фиксация,7.74,,фикс,6.52,,фиксатый,4.61
,притча,16.35,,,,,,,,,,,,
,оппонент,16.35,,оппонировать,0.85,,,,,,,,,
,объективный,16.34,,объективно,11.74,,объектив,9.56,,объективация,2.27,,объективизм,0.82
,буркнуть,16.32,,бурчать,8.77,,пробурчать,7.67,,,,,,
,дескать,16.31,,,,,,,,,,,,
,кант,16.31,,окантовка,4.82,,окантовать,2.92,,кантовский,1.03,,кантоваться,0.68
,комплимент,16.27,,,,,,,,,,,,
,гимнастика,16.22,,гимнаст,11.66,,гимнастка,7.36,,,,,,
,непременно,16.20,,,,,,,,,,,,
,виртуоз,16.16,,виртуозный,4.45,,виртуозно,2.47,,виртуозность,0.87,,,
,канцлер,16.11,,,,,,,,,,,,
,латинский,16.11,,латиница,8.16,,,,,,,,,
,аргумент,16.02,,аргументация,2.89,,,,,,,,,
,панк,16.00,,,,,,,,,,,,
,зек,15.97,,,,,,,,,,,,
,фланг,15.97,,фланговый,1.30,,,,,,,,,
,епархия,15.97,,епархиальный,1.82,,,,,,,,,
,абонент,15.92,,абонемент,9.18,,абонентский,1.93,,абонементный,0.62,,,
,кремлевский,15.90,,кремлевка,7.48,,,,,,,,,
,пассаж,15.90,,,,,,,,,,,,
,реестр,15.90,,,,,,,,,,,,
,ирония,15.90,,,,,,,,,,,,
,германец,15.87,,германский,10.57,,германий,4.70,,,,,,
,глупый,15.85,,неглупый,10.47,,глупо,9.49,,глупость,8.84,,глупенький,5.48
,бренд,15.76,,брэнд,15.50,,брэндинг,1.29,,сбрендить,0.36,,,
,буфер,15.76,,буферный,1.30,,,,,,,,,
,матовый,15.73,,матово,2.98,,,,,,,,,
,ревизор,15.73,,ревизовать,1.49,,,,,,,,,
,израильтянин,15.70,,израильский,8.20,,,,,,,,,
,спикер,15.69,,,,,,,,,,,,
,феномен,15.66,,феноменально,1.23,,,,,,,,,
,сертификат,15.60,,,,,,,,,,,,
,перелет,15.56,,нелетный,1.09,,нелетальный,0.52,,,,,,
,румын,15.54,,румынский,5.07,,,,,,,,,
,регламент,15.52,,регламентный,0.63,,,,,,,,,
,декрет,15.41,,декретный,1.72,,,,,,,,,
,рецензия,15.40,,,,,,,,,,,,
,джентльмен,15.34,,,,,,,,,,,,
,конунг,15.30,,,,,,,,,,,,
,пуд,15.29,,пудовый,3.95,,,,,,,,,
,аплодировать,15.25,,,,,,,,,,,,
,удачно,15.23,,,,,,,,,,,,
,латыш,15.21,,латышка,3.84,,латышский,3.22,,,,,,
,уран,15.15,,урановый,1.57,,,,,,,,,
,упорно,15.15,,,,,,,,,,,,
,холостяк,15.13,,холостой,9.93,,холостяцкий,3.17,,вхолостую,1.48,,выхолостить,1.06
,декларация,15.11,,,,,,,,,,,,
,параллель,15.11,,параллельно,8.53,,параллельный,6.47,,,,,,
,бум,15.08,,,,,,,,,,,,
,грант,15.05,,,,,,,,,,,,
,диаграмма,15.05,,,,,,,,,,,,
,паника,15.05,,панический,3.28,,панически,3.07,,паниковать,2.64,,паникер,2.41
,минус,15.04,,минусовый,0.92,,,,,,,,,
,маэстро,15.00,,,,,,,,,,,,
,ракурс,15.00,,,,,,,,,,,,
,кошмар,14.97,,кошмарный,2.45,,,,,,,,,
,аллах,14.88,,,,,,,,,,,,
,очаровать,14.84,,очарование,14.52,,разочаровать,12.40,,очаровывать,11.66,,зачаровать,7.26
,рейд,14.79,,рейдовый,0.87,,,,,,,,,
,фактура,14.76,,фактурный,3.79,,,,,,,,,
,рубрика,14.75,,,,,,,,,,,,
,мониторинг,14.75,,монитор,9.85,,,,,,,,,
,аудитор,14.72,,аудиторский,1.55,,,,,,,,,
,очутиться,14.70,,,,,,,,,,,,
,резидент,14.70,,нерезидент,2.25,,резидентура,1.33,,,,,,
,баловаться,14.69,,баловень,12.18,,баловать,11.24,,побаловаться,4.67,,побаловать,3.67
,эволюция,14.66,,эволюционный,3.60,,эволюционно,1.15,,эволюционизм,1.03,,,
,инстанция,14.61,,,,,,,,,,,,
,аборт,14.53,,,,,,,,,,,,
,контекст,14.52,,контекстный,1.42,,,,,,,,,
,профи,14.50,,профком,12.98,,,,,,,,,
,аристократ,14.48,,аристократка,4.17,,аристократия,1.60,,,,,,
,ликвидация,14.45,,ликвидный,8.12,,ликвидность,4.04,,ликвидатор,2.61,,неликвид,2.32
,реквизит,14.40,,,,,,,,,,,,
,гипноз,14.40,,,,,,,,,,,,
,консул,14.40,,,,,,,,,,,,
,лотерея,14.39,,лотерейный,2.26,,,,,,,,,
,куплет,14.39,,куплетист,2.47,,,,,,,,,
,умело,14.37,,неумелый,4.28,,неумело,2.86,,неумелость,0.61,,,
,баритон,14.36,,,,,,,,,,,,
,магия,14.36,,магический,3.57,,магически,0.78,,,,,,
,диспетчер,14.35,,,,,,,,,,,,
,волхв,14.35,,,,,,,,,,,,
,прогресс,14.35,,,,,,,,,,,,
,порог,14.35,,пороговый,9.87,,порожек,2.43,,,,,,
,ода,14.33,,диод,3.15,,,,,,,,,
,оскорбить,14.33,,скорбь,10.92,,оскорблять,9.07,,скорбный,6.31,,оскорбление,4.63
,кузен,14.32,,кузина,13.97,,,,,,,,,
,литий,14.26,,литиевый,2.46,,,,,,,,,
,адъютант,14.18,,,,,,,,,,,,
,аккуратный,14.16,,аккуратность,1.78,,неаккуратно,0.60,,,,,,
,фельдшер,14.13,,фельдшерица,4.13,,,,,,,,,
,диссертация,14.11,,диссертант,6.90,,,,,,,,,
,наркоз,14.10,,,,,,,,,,,,
,дисциплина,14.07,,,,,,,,,,,,
,дюжина,14.02,,недюжинный,1.84,,,,,,,,,
,девиз,14.00,,,,,,,,,,,,
,тезка,14.00,,,,,,,,,,,,
,мембрана,13.98,,мембранный,0.91,,,,,,,,,
,эсер,13.94,,эс,3.51,,эсэсовец,3.03,,эсеровский,1.91,,эсэсовский,0.73
,инерция,13.93,,,,,,,,,,,,
,пермяк,13.93,,,,,,,,,,,,
,лимфа,13.92,,лимфоцит,6.97,,лимфоидный,1.26,,,,,,
,резолюция,13.91,,,,,,,,,,,,
,азарт,13.81,,азартный,11.06,,азартно,5.37,,,,,,
,рекомендация,13.80,,,,,,,,,,,,
,корректор,13.73,,корректура,4.80,,корректива,3.80,,корректив,1.67,,,
,жребий,13.68,,жеребьевка,3.75,,,,,,,,,
,вексель,13.68,,вексельный,1.75,,,,,,,,,
,стационар,13.67,,стационарный,5.49,,,,,,,,,
,алгоритм,13.67,,,,,,,,,,,,
,интеллект,13.64,,интеллектуал,12.59,,,,,,,,,
,чрезвычайно,13.63,,,,,,,,,,,,
,исказить,13.61,,искажать,10.98,,искаженный,8.43,,проказа,8.30,,неказистый,6.80
,шустрый,13.60,,шустро,8.25,,шустрить,3.17,,,,,,
,аванс,13.59,,авансовый,1.51,,,,,,,,,
,хлопец,13.50,,,,,,,,,,,,
,здешний,13.47,,нездешний,7.28,,,,,,,,,
,кадет,13.46,,кадетский,2.93,,,,,,,,,
,аршин,13.45,,аршинный,2.86,,,,,,,,,
,запчасти,13.40,,,,,,,,,,,,
,надежно,13.35,,надежность,10.47,,ненадежный,5.08,,ненадежно,2.29,,надежнейший,1.23
,балл,13.35,,,,,,,,,,,,
,ингуш,13.33,,ингушский,3.33,,,,,,,,,
,тогдашний,13.30,,,,,,,,,,,,
,юнкер,13.26,,юнкерский,1.37,,,,,,,,,
,цензор,13.25,,ценз,5.59,,цензура,5.32,,цензурный,2.99,,нецензурный,1.02
,дебаты,13.20,,,,,,,,,,,,
,римлянин,13.20,,,,,,,,,,,,
,несомненно,13.20,,,,,,,,,,,,
,существенно,13.19,,,,,,,,,,,,
,вереница,13.13,,верея,8.04,,абвер,2.13,,,,,,
,архиепископ,13.13,,,,,,,,,,,,
,милицейский,13.13,,,,,,,,,,,,
,упрек,13.13,,,,,,,,,,,,
,калибр,13.10,,калибровка,0.75,,,,,,,,,
,лгать,13.08,,ложь,12.49,,ложный,8.16,,лживый,8.07,,лживость,8.06
,инспекция,13.08,,,,,,,,,,,,
,облигация,13.01,,,,,,,,,,,,
,энциклопедия,13.00,,,,,,,,,,,,
,мандат,12.98,,мандатный,1.01,,,,,,,,,
,чувак,12.95,,,,,,,,,,,,
,шток,12.92,,,,,,,,,,,,
,портал,12.89,,,,,,,,,,,,
,итальянец,12.86,,,,,,,,,,,,
,гей,12.86,,апогей,4.82,,,,,,,,,
,грипп,12.79,,гриппозный,0.97,,,,,,,,,
,экспозиция,12.78,,,,,,,,,,,,
,ордер,12.77,,ордерный,0.87,,,,,,,,,
,сложно,12.76,,несложно,4.70,,сложнейший,3.23,,сверхсложный,0.50,,,
,баллада,12.75,,,,,,,,,,,,
,шельф,12.74,,шельфовый,1.22,,,,,,,,,
,ион,12.72,,ионный,4.90,,ионизация,3.30,,ионизирующий,0.30,,,
,фюрер,12.62,,,,,,,,,,,,
,транс,12.60,,,,,,,,,,,,
,тембр,12.58,,тембровый,1.08,,,,,,,,,
,стыдно,12.57,,стыд,12.06,,стыдиться,3.71,,стыдный,2.97,,устыдиться,2.83
,студенческий,12.54,,студенчество,3.61,,,,,,,,,
,тренинг,12.50,,,,,,,,,,,,
,заворожить,12.48,,завораживать,10.19,,ворожба,4.35,,ворожея,4.03,,ворожить,3.48
,казах,12.45,,казахский,2.89,,,,,,,,,
,драматург,12.44,,,,,,,,,,,,
,утолить,12.44,,утолять,8.66,,утоление,2.60,,неутолимый,0.97,,неутоленный,0.77
,потенция,12.38,,потенциально,4.00,,,,,,,,,
,вакуум,12.37,,вакуумный,2.47,,,,,,,,,
,пропорция,12.31,,диспропорция,1.42,,,,,,,,,
,плазма,12.31,,плазменный,3.47,,протоплазма,0.71,,,,,,
,сугубо,12.30,,,,,,,,,,,,
,цинк,12.28,,оцинковать,6.10,,цинковый,2.75,,,,,,
,неприятный,12.24,,неприятно,7.84,,неприятность,6.69,,,,,,
,концентрация,12.23,,концентр,5.46,,концентратор,4.89,,,,,,
,дивиденд,12.20,,,,,,,,,,,,
,оппозиция,12.17,,оппозиционер,3.84,,,,,,,,,
,подражать,12.13,,подражание,4.27,,подражатель,2.77,,,,,,
,скучать,12.09,,скука,7.08,,скучный,6.55,,соскучиться,3.98,,заскучать,3.21
,стабильный,12.08,,стабильность,9.14,,стабильно,6.38,,,,,,
,домен,12.00,,доменный,3.50,,,,,,,,,
,оригинал,12.00,,,,,,,,,,,,
,лелеять,11.98,,взлелеять,3.06,,,,,,,,,
,инстинкт,11.95,,инстинктивно,3.36,,,,,,,,,
,фосфор,11.93,,фосфорный,3.31,,,,,,,,,
,консерватор,11.91,,консерватизм,2.15,,,,,,,,,
,семинария,11.90,,,,,,,,,,,,
,крахмал,11.89,,накрахмалить,4.24,,крахмальный,2.81,,,,,,
,координата,11.88,,координатный,1.16,,,,,,,,,
,координатор,11.87,,координация,5.89,,,,,,,,,
,готика,11.83,,гот,10.24,,готический,4.38,,,,,,
,диагноз,11.81,,,,,,,,,,,,
,курд,11.76,,курдский,2.08,,,,,,,,,
,таджик,11.73,,таджикский,2.45,,,,,,,,,
,лектор,11.70,,,,,,,,,,,,
,магнат,11.70,,,,,,,,,,,,
,заем,11.68,,заемный,3.56,,,,,,,,,
,скиф,11.67,,скифский,2.28,,,,,,,,,
,запорожец,11.67,,запорожский,2.53,,,,,,,,,
,губить,11.65,,погубить,11.31,,загубить,6.67,,сгубить,5.65,,пагубный,2.77
,минеральный,11.64,,,,,,,,,,,,
,атеист,11.60,,атеизм,4.52,,,,,,,,,
,парадокс,11.58,,,,,,,,,,,,
,аскет,11.54,,аскетический,2.10,,аскетичный,1.86,,аскетизм,1.70,,,
,флора,11.54,,флорист,5.99,,флорин,5.43,,микрофлора,1.27,,,
,зорко,11.53,,,,,,,,,,,,
,теракт,11.48,,,,,,,,,,,,
,утопия,11.46,,антиутопия,0.44,,,,,,,,,
,счастливо,11.45,,,,,,,,,,,,
,масон,11.45,,масонский,2.64,,масонство,2.60,,,,,,
,манифест,11.45,,манифестация,2.63,,,,,,,,,
,пафос,11.44,,пафосный,2.51,,,,,,,,,
,метан,11.43,,метанол,3.10,,,,,,,,,
,нормативный,11.43,,,,,,,,,,,,
,реванш,11.40,,,,,,,,,,,,
,фаворит,11.38,,фавор,3.05,,фаворитка,2.33,,,,,,
,фольклор,11.37,,фольклорный,2.76,,фольклорист,1.86,,,,,,
,тропический,11.30,,,,,,,,,,,,
,архангел,11.28,,архаичный,1.33,,архаика,1.11,,архаический,0.80,,архаизм,0.64
,транзит,11.26,,транзитка,5.71,,транзитный,3.46,,,,,,
,тендер,11.24,,тендерный,0.95,,,,,,,,,
,глагол,11.23,,глаголица,2.86,,глагольный,1.80,,,,,,
,благодать,11.20,,,,,,,,,,,,
,рацион,11.19,,,,,,,,,,,,
,паломник,11.16,,,,,,,,,,,,
,пай,11.12,,паинька,4.03,,,,,,,,,
,дюжий,11.11,,дюже,2.90,,сдюжить,1.98,,выдюжить,1.71,,,
,блатной,11.11,,блат,3.56,,блатарь,2.97,,,,,,
,евангелие,11.07,,,,,,,,,,,,
,неудача,11.02,,неудачный,6.16,,неудачно,4.55,,неудачливый,1.43,,,
,интеграция,10.97,,интегратор,4.59,,интегральный,4.22,,,,,,
,артель,10.95,,артельщик,4.29,,артельный,2.57,,,,,,
,элегантный,10.92,,элегантно,3.40,,элегантность,1.67,,,,,,
,индустрия,10.89,,,,,,,,,,,,
,топик,10.85,,,,,,,,,,,,
,нейрон,10.81,,нейронный,2.13,,,,,,,,,
,невероятно,10.80,,,,,,,,,,,,
,пристально,10.80,,,,,,,,,,,,
,аз,10.80,,,,,,,,,,,,
,гвардеец,10.79,,,,,,,,,,,,
,курский,10.75,,,,,,,,,,,,
,нелепый,10.74,,нелепо,6.31,,нелепость,1.74,,нелепица,1.70,,нелепейший,0.77
,аппетит,10.71,,аппетитный,10.18,,аппетитно,4.02,,неаппетитный,1.39,,,
,квота,10.71,,квотирование,0.85,,,,,,,,,
,этнический,10.65,,этнически,2.29,,этничность,1.96,,,,,,
,мерять,10.63,,размеренно,4.78,,неизмеримо,3.57,,меряться,3.46,,неимоверный,3.35
,азиат,10.62,,азиатский,5.62,,,,,,,,,
,крымский,10.60,,,,,,,,,,,,
,цент,10.60,,,,,,,,,,,,
,экзотика,10.55,,экзотический,8.60,,экзот,5.67,,экзотичный,3.60,,,
,деликатный,10.55,,деликатно,5.22,,деликатность,2.30,,,,,,
,риэлтор,10.52,,риэлтер,6.37,,риэлторский,1.73,,риэлтерский,1.07,,,
,иммунный,10.49,,иммунитет,10.24,,иммунизация,5.10,,,,,,
,литургия,10.40,,,,,,,,,,,,
,комсомолец,10.39,,комсомолка,6.00,,,,,,,,,
,судорожно,10.38,,судорожный,4.68,,,,,,,,,
,витать,10.35,,,,,,,,,,,,
,ветеринар,10.32,,ветеринарный,1.51,,ветеринария,0.65,,,,,,
,псалом,10.32,,псаломщик,2.38,,,,,,,,,
,диакон,10.29,,протодиакон,1.81,,,,,,,,,
,гладко,10.27,,,,,,,,,,,,
,кореянка,10.27,,кореец,10.16,,,,,,,,,
,санкция,10.25,,,,,,,,,,,,
,аура,10.20,,,,,,,,,,,,
,экстракт,10.20,,,,,,,,,,,,
,холдинг,10.18,,холдинговый,1.61,,,,,,,,,
,холеный,10.10,,холить,7.78,,,,,,,,,
,гибрид,10.03,,гибридный,1.72,,гибридизация,0.93,,,,,,
,бактерия,10.02,,дисбактериоз,0.18,,,,,,,,,
,комментарий,10.00,,,,,,,,,,,,
,хоровой,10.00,,,,,,,,,,,,
,лениво,9.98,,,,,,,,,,,,
,коэффициент,9.97,,,,,,,,,,,,
,гипотеза,9.95,,,,,,,,,,,,
,звонко,9.90,,,,,,,,,,,,
,диапазон,9.85,,,,,,,,,,,,
,амбиция,9.85,,амбициозный,3.03,,,,,,,,,
,неторопливо,9.83,,,,,,,,,,,,
,гнет,9.82,,угнетать,6.39,,гнетущий,4.01,,гнести,3.68,,нагнетать,3.04
,капитальный,9.81,,,,,,,,,,,,
,суспензия,9.80,,,,,,,,,,,,
,фельетон,9.77,,фельетонист,2.57,,,,,,,,,
,кураж,9.75,,куражиться,2.69,,покуражиться,1.27,,обескуражить,0.81,,,
,православный,9.74,,православие,6.11,,,,,,,,,
,архиерей,9.71,,протоиерей,8.89,,иерей,8.09,,архиерейский,1.94,,,
,устало,9.68,,,,,,,,,,,,
,стишок,9.67,,,,,,,,,,,,
,фуга,9.67,,,,,,,,,,,,
,скромно,9.65,,скромненько,0.88,,,,,,,,,
,поспешно,9.65,,,,,,,,,,,,
,подвижник,9.63,,,,,,,,,,,,
,симпозиум,9.63,,,,,,,,,,,,
,популяция,9.61,,субпопуляция,0.54,,,,,,,,,
,одесский,9.60,,,,,,,,,,,,
,репутация,9.58,,,,,,,,,,,,
,мурка,9.57,,мура,3.45,,,,,,,,,
,зэк,9.56,,зэковский,0.41,,,,,,,,,
,резон,9.55,,резонатор,8.78,,резонанс,6.19,,резонно,6.13,,урезонить,4.59
,хилый,9.53,,нехилый,2.11,,,,,,,,,
,митрополит,9.52,,,,,,,,,,,,
,пародия,9.49,,пародийный,2.69,,пародийно,0.81,,,,,,
,бравый,9.48,,бравурный,2.68,,бравада,2.00,,браво,1.80,,бравировать,0.91
,проекция,9.47,,проекционный,0.94,,,,,,,,,
,фора,9.47,,,,,,,,,,,,
,либерал,9.46,,либерализм,2.50,,,,,,,,,
,икс,9.45,,,,,,,,,,,,
,виртуальный,9.42,,виртуально,1.34,,,,,,,,,
,возмездие,9.40,,мзда,2.56,,безвозмездно,1.69,,возмездный,0.96,,мздоимец,0.74
,альманах,9.40,,,,,,,,,,,,
,марксист,9.31,,марксизм,7.98,,марксистский,3.29,,марксов,2.00,,,
,идейный,9.31,,идейно,3.81,,идейка,2.78,,идейность,1.52,,безыдейный,0.60
,концентрат,9.30,,,,,,,,,,,,
,респондент,9.30,,,,,,,,,,,,
,эмка,9.30,,эм,6.19,,,,,,,,,
,вокалист,9.29,,вокал,8.49,,вокальный,2.97,,,,,,
,углерод,9.29,,углеродный,1.66,,углеродистый,1.05,,,,,,
,заемщик,9.25,,,,,,,,,,,,
,конфликт,9.24,,конфликтный,1.49,,,,,,,,,
,дьяк,9.23,,дьякон,7.85,,дьячок,4.53,,,,,,
,стипендия,9.22,,стипендиат,2.09,,,,,,,,,
,иммигрант,9.21,,иммиграция,2.75,,,,,,,,,
,ликующий,9.21,,ликующе,2.41,,,,,,,,,
,гран-при,9.20,,,,,,,,,,,,
,компакт,9.19,,компактный,7.94,,компактность,0.92,,,,,,
,рефлекс,9.16,,рефлексивный,0.74,,,,,,,,,
,башкир,9.15,,башкирский,2.88,,,,,,,,,
,ассамблея,9.10,,,,,,,,,,,,
,ассортимент,9.06,,,,,,,,,,,,
,компенсация,9.01,,компенсатор,4.87,,,,,,,,,
,корифей,9.00,,,,,,,,,,,,
,сновидение,9.00,,,,,,,,,,,,
,текстиль,8.98,,текстильный,4.05,,текстильщик,3.62,,,,,,
,флюид,8.96,,флюидный,0.92,,,,,,,,,
,озон,8.94,,озоновый,2.24,,,,,,,,,
,дерзкий,8.94,,дерзать,7.82,,дерзко,5.69,,дерзнуть,5.67,,дерзить,3.14
,юстиция,8.94,,,,,,,,,,,,
,крен,8.91,,крениться,5.42,,накрениться,4.24,,,,,,
,кластер,8.90,,кластерный,1.19,,,,,,,,,
,венгр,8.88,,венгерский,6.32,,венгерка,4.06,,,,,,
,интенсивный,8.87,,интенсивно,6.48,,,,,,,,,
,гормон,8.80,,гормональный,2.00,,,,,,,,,
,ефрейтор,8.80,,,,,,,,,,,,
,тошнить,8.78,,тошнота,8.78,,тошно,5.29,,дотошный,4.88,,истошный,4.46
,рифма,8.73,,рифмовать,1.34,,рифмоваться,1.17,,рифмованный,0.89,,зарифмовать,0.76
,неспешно,8.72,,неспешный,6.10,,спешно,3.87,,,,,,
,волжский,8.65,,поволжский,3.56,,волжанин,2.31,,заволжский,2.05,,,
,мафия,8.65,,мафиозный,0.86,,,,,,,,,
,упрямо,8.63,,,,,,,,,,,,
,сулить,8.62,,посул,3.89,,посулить,2.37,,,,,,
,меценат,8.60,,меценатство,0.43,,,,,,,,,
,тверской,8.60,,,,,,,,,,,,
,нелегал,8.60,,легально,3.52,,легализация,2.79,,нелегальный,2.00,,легализовать,1.76
,вотум,8.58,,,,,,,,,,,,
,фауна,8.58,,,,,,,,,,,,
,явь,8.55,,,,,,,,,,,,
,ретро,8.53,,ретроград,0.91,,,,,,,,,
,чеховский,8.49,,,,,,,,,,,,
,норвежец,8.43,,норвежский,4.56,,,,,,,,,
,неудобный,8.40,,неудобно,5.76,,,,,,,,,
,норд,8.40,,нордический,1.24,,,,,,,,,
,нюанс,8.40,,,,,,,,,,,,
,опус,8.40,,,,,,,,,,,,
,пари,8.40,,,,,,,,,,,,
,хобби,8.40,,,,,,,,,,,,
,омский,8.40,,,,,,,,,,,,
,эпитет,8.40,,,,,,,,,,,,
,коллективный,8.37,,коллективно,2.16,,,,,,,,,
,квалификация,8.35,,,,,,,,,,,,
,капелла,8.35,,капеллан,2.68,,,,,,,,,
,диссидент,8.33,,,,,,,,,,,,
,лизинг,8.32,,лизинговый,3.87,,лизировать,1.07,,,,,,
,аграрий,8.28,,аграрный,5.77,,,,,,,,,
,номинал,8.27,,номинация,5.89,,номинальный,3.47,,номинально,1.83,,деноминация,1.25
,диагональ,8.26,,диагональный,1.21,,,,,,,,,
,коммуникация,8.25,,,,,,,,,,,,
,новелла,8.25,,,,,,,,,,,,
,славно,8.25,,,,,,,,,,,,
,шотландец,8.22,,шотландский,3.16,,,,,,,,,
,резюме,8.22,,резюмировать,1.42,,,,,,,,,
,амнистия,8.20,,,,,,,,,,,,
,весь,8.20,,,,,,,,,,,,
,кардинал,8.20,,,,,,,,,,,,
,тата,8.20,,,,,,,,,,,,
,либеральный,8.20,,либерально,1.51,,,,,,,,,
,канадец,8.18,,канадский,4.35,,,,,,,,,
,локальный,8.18,,,,,,,,,,,,
,библейский,8.18,,,,,,,,,,,,
,эстонец,8.16,,эстонский,4.55,,эстонка,3.48,,по-эстонски,0.87,,,
,позитивный,8.11,,позитив,3.39,,позитивно,2.74,,позитивизм,1.86,,,
,индикатор,8.07,,индикация,1.62,,индикаторный,0.85,,,,,,
,средоточие,8.04,,,,,,,,,,,,
,иврит,8.04,,ивритский,1.21,,,,,,,,,
,поди,8.02,,поди-ка,1.96,,,,,,,,,
,афганец,8.02,,афганский,4.49,,,,,,,,,
,комментатор,8.01,,коммент,2.22,,,,,,,,,
,пакт,8.00,,,,,,,,,,,,
,гаишник,8.00,,гаишный,1.02,,,,,,,,,
,темперамент,7.99,,,,,,,,,,,,
,эксплуатация,7.98,,эксплуатант,1.92,,эксплуататор,1.24,,,,,,
,алфавит,7.96,,алфавитный,1.09,,,,,,,,,
,репертуар,7.93,,репертуарный,1.51,,,,,,,,,
,агитатор,7.90,,агитация,6.51,,агитировать,4.78,,агитка,4.68,,агитпроп,2.09
,иракец,7.88,,иракский,6.38,,,,,,,,,
,вэ,7.88,,,,,,,,,,,,
,чутко,7.88,,,,,,,,,,,,
,наглый,7.87,,нагло,3.53,,обнаглеть,2.34,,нагловатый,2.10,,наглость,1.93
,неуклюжий,7.87,,неуклюжесть,0.74,,,,,,,,,
,ирландец,7.84,,ирландский,3.79,,,,,,,,,
,неизменно,7.81,,неизмененный,0.75,,,,,,,,,
,кокетливый,7.79,,кокетка,3.95,,кокетничать,3.54,,кокетство,2.44,,,
,рента,7.78,,рентный,2.86,,,,,,,,,
,забавно,7.75,,,,,,,,,,,,
,адаптация,7.75,,адаптировать,4.86,,,,,,,,,
,благополучно,7.75,,благополучие,7.68,,,,,,,,,
,экстаз,7.72,,экстази,2.05,,,,,,,,,
,голландец,7.70,,голландка,5.39,,голландский,3.99,,,,,,
,барокко,7.69,,,,,,,,,,,,
,подлый,7.68,,подлость,2.15,,подло,1.81,,подлянка,1.39,,подленький,0.70
,индийский,7.68,,,,,,,,,,,,
,гимназист,7.68,,гимназистка,4.69,,,,,,,,,
,интуиция,7.65,,,,,,,,,,,,
,натрий,7.64,,натриевый,1.27,,,,,,,,,
,предвкушать,7.64,,предвкушение,5.62,,,,,,,,,
,атрибут,7.61,,атрибутика,3.39,,атрибутивный,1.01,,,,,,
,трансляция,7.60,,ретранслятор,2.62,,транслятор,2.32,,,,,,
,мсье,7.58,,мосье,1.37,,,,,,,,,
,альянс,7.57,,,,,,,,,,,,
,радиус,7.57,,,,,,,,,,,,
,энтузиазм,7.57,,,,,,,,,,,,
,предельно,7.57,,непредельный,0.66,,,,,,,,,
,рецензент,7.57,,,,,,,,,,,,
,чахлый,7.56,,чахнуть,4.24,,чахотка,2.59,,зачахнуть,2.51,,чахоточный,0.42
,колоритный,7.56,,колорит,7.28,,,,,,,,,
,бранить,7.56,,браниться,4.62,,перебранка,3.96,,бранный,3.19,,возбраняться,0.57
,претензия,7.55,,,,,,,,,,,,
,равномерно,7.55,,неравномерно,1.31,,,,,,,,,
,приватизация,7.53,,,,,,,,,,,,
,прилично,7.53,,неприличный,2.36,,неприлично,1.77,,неприличие,1.13,,,
,тонус,7.52,,,,,,,,,,,,
,эгида,7.52,,,,,,,,,,,,
,эмиграция,7.44,,,,,,,,,,,,
,лексикон,7.42,,лексика,5.68,,лексический,2.05,,,,,,
,кулинар,7.42,,кулинария,7.34,,кулинарный,4.60,,,,,,
,достоверный,7.41,,достоверно,6.05,,,,,,,,,
,инфаркт,7.37,,,,,,,,,,,,
,пигмент,7.32,,пигментный,1.55,,пигментация,0.96,,,,,,
,аналогия,7.30,,,,,,,,,,,,
,наработка,7.28,,неработающий,1.91,,недоработка,1.69,,,,,,
,протестант,7.27,,,,,,,,,,,,
,фан,7.26,,,,,,,,,,,,
,невский,7.25,,,,,,,,,,,,
,богема,7.24,,богемный,3.64,,богемский,1.55,,,,,,
,публицист,7.24,,публицистика,1.60,,,,,,,,,
,дубненец,7.22,,дубненский,3.78,,,,,,,,,
,прошествие,7.21,,,,,,,,,,,,
,амин,7.20,,диамин,2.12,,,,,,,,,
,параграф,7.20,,,,,,,,,,,,
,пептид,7.19,,пептидный,0.77,,,,,,,,,
,бакинец,7.19,,бакинский,4.51,,,,,,,,,
,пиар,7.18,,пиарщик,4.64,,пиарить,2.40,,пиаровский,1.30,,,
,клерк,7.17,,,,,,,,,,,,
,мари,7.17,,мариец,2.29,,,,,,,,,
,финальный,7.17,,,,,,,,,,,,
,привычно,7.16,,непривычно,1.65,,,,,,,,,
,морфий,7.16,,морфин,4.32,,аморфный,1.94,,изоморфный,1.62,,изоморфизм,1.43
,медитация,7.14,,медитировать,2.39,,медитативный,1.08,,,,,,
,скудный,7.14,,скудно,1.57,,скудость,1.22,,оскудеть,0.95,,скудеть,0.88
,балтийский,7.13,,,,,,,,,,,,
,архимандрит,7.12,,,,,,,,,,,,
,напрасно,7.06,,напрасный,3.87,,напраслина,1.85,,понапрасну,1.64,,,
,антибиотик,7.05,,,,,,,,,,,,
,кальций,7.05,,кальцит,5.12,,,,,,,,,
,конвенция,7.04,,,,,,,,,,,,
,дан,7.01,,,,,,,,,,,,
,си,7.00,,,,,,,,,,,,
,компаньон,7.00,,,,,,,,,,,,
,тульский,7.00,,,,,,,,,,,,
,англичанка,7.00,,англосакс,2.00,,англоязычный,1.07,,англиканский,0.47,,,
,смоленский,6.98,,,,,,,,,,,,
,имитировать,6.91,,имитация,4.93,,имитатор,4.63,,сымитировать,1.44,,имитационный,1.20
,латынь,6.90,,,,,,,,,,,,
,ипотека,6.88,,,,,,,,,,,,
,эпиграф,6.88,,,,,,,,,,,,
,трест,6.87,,треста,6.04,,,,,,,,,
,щас,6.86,,,,,,,,,,,,
,декада,6.83,,декаданс,0.49,,декадентский,0.32,,,,,,
,вогул,6.83,,,,,,,,,,,,
,дотация,6.82,,дотационный,0.92,,,,,,,,,
,щелочной,6.79,,щелочь,3.89,,щелок,2.42,,,,,,
,пикантный,6.77,,пикантность,1.31,,,,,,,,,
,берлинский,6.75,,берлинец,1.92,,,,,,,,,
,пижон,6.74,,пижонский,0.72,,пижонство,0.36,,,,,,
,индус,6.71,,индуистский,0.54,,,,,,,,,
,жалобно,6.69,,,,,,,,,,,,
,туризм,6.68,,,,,,,,,,,,
,депозит,6.67,,депозитный,1.32,,депозитарий,1.16,,депозитарный,0.54,,,
,воронежский,6.65,,воронежец,2.04,,,,,,,,,
,чудно,6.63,,чудненько,0.69,,,,,,,,,
,антракт,6.63,,,,,,,,,,,,
,афоризм,6.63,,,,,,,,,,,,
,реабилитация,6.60,,,,,,,,,,,,
,дренаж,6.58,,дренажный,1.99,,дренировать,1.70,,,,,,
,вельможа,6.57,,вельможный,1.10,,,,,,,,,
,несчастье,6.56,,несчастливый,2.59,,несчастная,1.91,,несчастие,0.52,,,
,синод,6.50,,синодальный,1.41,,синодик,1.18,,,,,,
,метафора,6.49,,метафоричный,0.60,,,,,,,,,
,ареал,6.48,,,,,,,,,,,,
,аудит,6.48,,,,,,,,,,,,
,арт,6.47,,,,,,,,,,,,
,керамика,6.47,,керамический,3.48,,,,,,,,,
,ритуальный,6.45,,,,,,,,,,,,
,бельгиец,6.44,,бельгийский,3.24,,,,,,,,,
,эталон,6.43,,эталонный,2.42,,,,,,,,,
,автоматика,6.42,,автоматный,5.94,,автоматизм,3.67,,,,,,
,династия,6.40,,,,,,,,,,,,
,рижский,6.38,,,,,,,,,,,,
,грандиозный,6.37,,грандиозно,1.54,,,,,,,,,
,томский,6.37,,томич,5.10,,,,,,,,,
,бразилец,6.36,,бразильский,4.15,,,,,,,,,
,каста,6.36,,кастовый,0.42,,,,,,,,,
,чушь,6.35,,,,,,,,,,,,
,доминировать,6.32,,доминирующий,5.29,,доминанта,3.09,,доминантный,1.40,,,
,достойно,6.32,,достойнейший,0.86,,,,,,,,,
,уповать,6.30,,упование,3.61,,,,,,,,,
,вольт,6.30,,вольтов,2.25,,,,,,,,,
,голливудский,6.30,,,,,,,,,,,,
,литовский,6.29,,литовец,5.90,,литовка,5.78,,,,,,
,банкрот,6.28,,банкротство,3.73,,банкротить,0.69,,обанкротить,0.68,,,
,забытье,6.26,,,,,,,,,,,,
,фас,6.26,,фасция,4.92,,,,,,,,,
,бомбардир,6.26,,,,,,,,,,,,
,праймер,6.25,,,,,,,,,,,,
,облечь,6.25,,облечься,3.96,,облекаться,3.17,,облекать,2.37,,,
,трансмиссия,6.24,,,,,,,,,,,,
,цитокин,6.24,,цитокиновый,0.56,,,,,,,,,
,по-прежнему,6.23,,,,,,,,,,,,
,зарубежье,6.21,,,,,,,,,,,,
,мнимый,6.18,,мнимость,0.52,,,,,,,,,
,строфа,6.15,,,,,,,,,,,,
,палестинец,6.12,,палестинский,2.53,,,,,,,,,
,рациональный,6.11,,рационально,2.61,,,,,,,,,
,директива,6.08,,директивный,0.55,,,,,,,,,
,уральский,6.08,,,,,,,,,,,,
,увесисто,6.07,,,,,,,,,,,,
,старательно,6.06,,,,,,,,,,,,
,алгебра,6.05,,,,,,,,,,,,
,иранец,6.04,,иранский,5.44,,,,,,,,,
,маевка,6.03,,маяться,2.51,,умаяться,1.23,,маять,1.08,,маета,0.98
,незамеченный,6.02,,замечательно,4.90,,,,,,,,,
,экстремал,6.01,,экстремист,1.84,,экстремум,1.50,,экстремизм,1.05,,,
,кран,6.01,,кранец,2.64,,крановый,1.76,,крановщик,1.54,,,
,феодал,6.00,,феодальный,2.48,,феодализм,1.94,,,,,,
,лихорадка,6.00,,лихорадить,1.94,,лихорадочный,1.02,,,,,,
,абитуриент,6.00,,,,,,,,,,,,
,алименты,6.00,,,,,,,,,,,,
,сподвижник,6.00,,,,,,,,,,,,
,упрощенный,5.99,,упрощенно,2.55,,,,,,,,,
,ренессанс,5.99,,ренессансный,0.94,,,,,,,,,
,катализатор,5.97,,катализ,3.07,,,,,,,,,
,интерфейс,5.95,,интерфейсный,0.42,,,,,,,,,
,бостон,5.93,,бостоновый,1.02,,бостонский,0.72,,,,,,
,калужский,5.93,,калужанин,2.73,,,,,,,,,
,солидно,5.92,,несолидно,0.41,,,,,,,,,
,хвастун,5.90,,хвастаться,4.51,,похвастаться,3.01,,похвастать,2.38,,хвастать,1.87
,агрофирма,5.90,,агрохолдинг,1.67,,агропромбанк,0.67,,,,,,
,фермент,5.90,,ферментный,1.10,,,,,,,,,
,опять-таки,5.89,,,,,,,,,,,,
,магний,5.87,,магниевый,1.95,,,,,,,,,
,блеклый,5.83,,поблекнуть,3.11,,блекнуть,2.15,,,,,,
,сердито,5.81,,,,,,,,,,,,
,абориген,5.80,,,,,,,,,,,,
,вакансия,5.80,,,,,,,,,,,,
,периметр,5.80,,,,,,,,,,,,
,рязанский,5.77,,,,,,,,,,,,
,энтузиаст,5.77,,,,,,,,,,,,
,серийный,5.77,,,,,,,,,,,,
,петровский,5.76,,петров,1.52,,,,,,,,,
,литера,5.73,,литер,5.30,,литерный,0.82,,,,,,
,взрастить,5.73,,,,,,,,,,,,
,радикальный,5.72,,,,,,,,,,,,
,анонимный,5.72,,аноним,4.28,,анонимка,3.19,,,,,,
,приемка,5.72,,приемчик,3.50,,,,,,,,,
,клинический,5.71,,клинский,4.16,,клинически,1.56,,,,,,
,протеин,5.70,,,,,,,,,,,,
,протон,5.70,,,,,,,,,,,,
,сорбент,5.66,,сорбция,2.15,,абсорбент,1.82,,абсорбция,1.36,,десорбция,1.11
,ярославский,5.65,,ярославец,1.89,,,,,,,,,
,ординарец,5.63,,ординарный,0.49,,,,,,,,,
,африканец,5.63,,африканский,4.24,,,,,,,,,
,альтернатива,5.62,,,,,,,,,,,,
,бюрократ,5.61,,бюрократия,2.74,,бюрократизм,0.96,,,,,,
,иванов,5.61,,ивановский,3.31,,,,,,,,,
,тщательный,5.58,,тщиться,2.99,,тщание,2.98,,тщательность,1.75,,,
,полезно,5.56,,,,,,,,,,,,
,справедливо,5.54,,,,,,,,,,,,
,капризный,5.52,,каприз,4.46,,капризничать,1.90,,капризно,1.54,,,
,уставной,5.52,,неуставной,0.67,,,,,,,,,
,халява,5.52,,халявный,1.81,,,,,,,,,
,негде,5.51,,,,,,,,,,,,
,псковский,5.51,,,,,,,,,,,,
,реферат,5.51,,референт,2.52,,,,,,,,,
,теорема,5.50,,,,,,,,,,,,
,эйфория,5.50,,,,,,,,,,,,
,нацист,5.49,,нацизм,0.99,,нацистский,0.72,,,,,,
,свирепый,5.49,,свирепеть,1.84,,рассвирепеть,1.49,,свирепо,1.01,,свирепость,0.34
,конденсатор,5.48,,конденсат,3.08,,конденсация,1.04,,,,,,
,любезно,5.43,,любезнейший,1.45,,,,,,,,,
,сознательно,5.41,,,,,,,,,,,,
,диспут,5.40,,,,,,,,,,,,
,ингредиент,5.40,,,,,,,,,,,,
,туземец,5.39,,туземный,1.16,,,,,,,,,
,эн,5.37,,,,,,,,,,,,
,переносной,5.37,,,,,,,,,,,,
,молдаванин,5.35,,молдаванка,3.68,,молдавский,3.63,,молдаван,3.27,,,
,доктрина,5.35,,,,,,,,,,,,
,кировский,5.34,,,,,,,,,,,,
,зуд,5.32,,зудеть,2.81,,подзуживать,0.66,,,,,,
,аксиома,5.31,,,,,,,,,,,,
,разорить,5.31,,разорять,2.45,,разорение,1.62,,разориться,1.43,,разор,1.28
,генетический,5.31,,генетически,2.95,,,,,,,,,
,инфракрасный,5.29,,,,,,,,,,,,
,семит,5.29,,антисемит,4.06,,антисемитизм,1.62,,семитский,1.57,,,
,брокер,5.26,,брокерский,0.80,,,,,,,,,
,реанимация,5.26,,реаниматор,2.86,,,,,,,,,
,сенсация,5.25,,,,,,,,,,,,
,смущенно,5.25,,,,,,,,,,,,
,тюменский,5.25,,,,,,,,,,,,
,ажиотаж,5.24,,ажиотажный,0.99,,,,,,,,,
,альфа,5.20,,,,,,,,,,,,
,инцидент,5.20,,,,,,,,,,,,
,коррекция,5.20,,,,,,,,,,,,
,тиран,5.20,,тирания,1.21,,тиранство,0.38,,тиранический,0.11,,,
,дрессировщик,5.19,,дрессура,2.47,,дрессировка,2.02,,дрессировать,1.55,,,
,австрийский,5.19,,,,,,,,,,,,
,чепуха,5.17,,чепуховый,0.52,,,,,,,,,
,скептик,5.17,,скепсис,2.02,,скептически,1.52,,скептицизм,1.03,,скептический,0.82
,радикал,5.17,,радикально,3.16,,радикализм,0.88,,,,,,
,этический,5.16,,этичный,1.59,,неэтичный,0.35,,,,,,
,империал,5.16,,империалист,1.29,,империализм,1.06,,,,,,
,идентичный,5.15,,идентичность,4.33,,,,,,,,,
,магистр,5.14,,магистрат,1.47,,магистратура,0.77,,,,,,
,узнаваемый,5.13,,неузнаваемо,0.92,,неузнанный,0.78,,узнаваемость,0.74,,,
,эллин,5.13,,эллинский,0.91,,эллинизм,0.73,,,,,,
,вердикт,5.13,,,,,,,,,,,,
,пролетариат,5.13,,,,,,,,,,,,
,учудить,5.12,,,,,,,,,,,,
,диаспора,5.10,,,,,,,,,,,,
,стресс,5.08,,стрессовый,1.12,,,,,,,,,
,абстрактный,5.08,,абстрактно,1.28,,,,,,,,,
,стихийный,5.05,,стихийно,2.98,,стихийность,0.72,,,,,,
,нейтральный,5.05,,нейтралитет,2.24,,нейтраль,1.56,,нейтрально,1.55,,,
,монополист,5.04,,монополия,4.53,,монополизм,0.87,,,,,,
,эмиссия,5.03,,эмиссионный,1.39,,допэмиссия,0.73,,,,,,
,корейский,5.02,,,,,,,,,,,,
,компетенция,5.00,,,,,,,,,,,,
,реприза,5.00,,,,,,,,,,,,
,протектор,4.99,,протекторат,0.47,,протективный,0.46,,,,,,
,плут,4.94,,плутать,3.09,,заплутать,1.59,,заплутаться,0.86,,плутовской,0.63
,радетель,4.94,,радеть,3.89,,радение,2.76,,нерадивый,0.90,,нерадивость,0.12
,недоверие,4.94,,недоверчивый,2.52,,недоверчиво,2.36,,неверность,0.59,,,
,криминальный,4.92,,,,,,,,,,,,
,мета,4.92,,,,,,,,,,,,
,курьез,4.92,,курьезный,2.43,,,,,,,,,
,буржуазия,4.91,,буржуазный,3.37,,буржуазность,0.42,,,,,,
,форс,4.91,,форсировать,3.43,,форсирование,1.47,,,,,,
,коалиция,4.91,,коалиционный,1.07,,,,,,,,,
,анатомия,4.90,,,,,,,,,,,,
,баталия,4.88,,,,,,,,,,,,
,селекция,4.83,,селекционер,3.77,,,,,,,,,
,эго,4.82,,эгоист,2.83,,эгоизм,1.86,,эгоистичный,0.83,,эгоистка,0.79
,маньяк,4.80,,,,,,,,,,,,
,мексиканец,4.80,,мексиканский,2.77,,,,,,,,,
,брянский,4.80,,,,,,,,,,,,
,неуклюже,4.80,,,,,,,,,,,,
,непокорный,4.79,,покорно,4.21,,покорнейше,0.46,,,,,,
,лондонский,4.78,,лондонец,2.55,,,,,,,,,
,положим,4.78,,положено,4.56,,положительно,3.19,,,,,,
,загадочно,4.73,,,,,,,,,,,,
,эрозия,4.71,,эрозионный,0.61,,,,,,,,,
,унтер,4.70,,,,,,,,,,,,
,паче,4.70,,,,,,,,,,,,
,тыща,4.70,,,,,,,,,,,,
,центнер,4.69,,,,,,,,,,,,
,бензол,4.68,,,,,,,,,,,,
,печально,4.67,,,,,,,,,,,,
,повадка,4.66,,спровадить,2.55,,отвадить,1.62,,повадиться,1.54,,,
,удостоверять,4.65,,,,,,,,,,,,
,внятно,4.65,,невнятность,0.25,,,,,,,,,
,алтайский,4.64,,,,,,,,,,,,
,суматоха,4.63,,суматошный,1.18,,суматошно,0.67,,,,,,
,убогий,4.62,,убого,1.22,,,,,,,,,
,ладушки,4.62,,ладненький,3.00,,неполадка,1.72,,неладное,0.65,,ладно-ладно,0.26
,дружбан,4.61,,недружелюбно,0.31,,,,,,,,,
,новгородский,4.60,,новгородец,3.49,,,,,,,,,
,оксид,4.59,,диоксид,1.80,,оксидный,1.13,,,,,,
,путч,4.58,,путчист,1.25,,,,,,,,,
,абсурд,4.58,,абсурдный,1.88,,абсурдно,1.15,,абсурдность,0.77,,,
,гепатит,4.58,,,,,,,,,,,,
,необычайно,4.57,,,,,,,,,,,,
,оккупант,4.57,,оккупация,2.68,,оккупировать,1.52,,,,,,
,трактат,4.56,,,,,,,,,,,,
,понурый,4.56,,понурить,2.39,,понуриться,1.93,,изнурять,0.81,,изнурить,0.69
,свердловский,4.55,,,,,,,,,,,,
,млеть,4.52,,обомлеть,2.79,,сомлеть,1.67,,разомлеть,1.65,,,
,складно,4.51,,нескладный,3.18,,нескладно,0.97,,,,,,
,развеселый,4.50,,невесело,2.60,,,,,,,,,
,дознаватель,4.50,,,,,,,,,,,,
,минский,4.50,,,,,,,,,,,,
,чудесно,4.50,,,,,,,,,,,,
,ассигнация,4.49,,ассигнование,2.21,,ассигновать,0.52,,,,,,
,смутно,4.46,,,,,,,,,,,,
,маркетинг,4.46,,,,,,,,,,,,
,эрудит,4.46,,эрудиция,2.73,,,,,,,,,
,федерал,4.46,,федерализм,1.47,,,,,,,,,
,осетин,4.45,,осетинский,1.11,,,,,,,,,
,матировать,4.45,,,,,,,,,,,,
,якут,4.45,,якутский,1.54,,,,,,,,,
,инфляция,4.44,,инфляционный,0.75,,,,,,,,,
,незаурядный,4.44,,,,,,,,,,,,
,габарит,4.43,,габаритный,1.21,,,,,,,,,
,медиальный,4.43,,,,,,,,,,,,
,субъективный,4.42,,субъективно,1.59,,,,,,,,,
,скороговорка,4.40,,,,,,,,,,,,
,каторга,4.39,,каторжник,1.83,,каторжный,1.28,,каторжанин,0.85,,,
,котировка,4.39,,котироваться,0.82,,,,,,,,,
,фазовый,4.39,,межфазный,0.81,,,,,,,,,
,криминалист,4.39,,криминал,2.18,,криминалитет,0.32,,,,,,
,вертолетный,4.38,,,,,,,,,,,,
,шибко,4.38,,,,,,,,,,,,
,бином,4.37,,,,,,,,,,,,
,идиотский,4.37,,идиотизм,1.63,,идиотический,0.64,,идиотство,0.46,,,
,ироничный,4.36,,иронически,3.81,,иронический,3.49,,иронично,2.91,,,
,неуверенно,4.35,,,,,,,,,,,,
,квант,4.34,,квантовый,4.29,,,,,,,,,
,авантюра,4.34,,авантюрный,4.21,,авантюрист,2.81,,авантюризм,0.76,,авантюристка,0.72
,мешкать,4.32,,замешкаться,2.83,,,,,,,,,
,трибунал,4.32,,,,,,,,,,,,
,скитание,4.31,,скитаться,3.43,,скиталец,2.65,,,,,,
,бедолага,4.30,,,,,,,,,,,,
,лобби,4.28,,лоббист,3.29,,лоббировать,1.82,,лоббизм,1.31,,лоббистский,0.70
,нарожать,4.28,,,,,,,,,,,,
,иго,4.27,,,,,,,,,,,,
,тиф,4.26,,тифозный,0.78,,,,,,,,,
,шантаж,4.26,,шантажист,0.85,,,,,,,,,
,линять,4.25,,линялый,3.96,,слинять,3.96,,вылинять,2.59,,полинять,2.00
,рейх,4.25,,,,,,,,,,,,
,будоражить,4.25,,взбудоражить,2.30,,,,,,,,,
,ревизия,4.24,,ревизионный,1.43,,ревизионист,0.65,,ревизионизм,0.33,,,
,ропот,4.24,,роптать,3.34,,безропотно,2.43,,безропотный,2.00,,,
,минимизация,4.22,,,,,,,,,,,,
,троицкий,4.20,,,,,,,,,,,,
,кооперация,4.20,,кооператор,3.87,,,,,,,,,
,евангельский,4.20,,,,,,,,,,,,
,амплитуда,4.20,,амплитудный,0.44,,,,,,,,,
,принято,4.19,,,,,,,,,,,,
,невропатолог,4.18,,невротик,0.96,,невроз,0.95,,,,,,
,ростовский,4.18,,ростовчанин,1.77,,,,,,,,,
,столетний,4.17,,столетье,1.80,,,,,,,,,
,прототип,4.16,,прототипный,0.66,,,,,,,,,
,египетский,4.16,,,,,,,,,,,,
,героин,4.15,,героиновый,0.38,,,,,,,,,
,тамошний,4.15,,,,,,,,,,,,
,акустика,4.14,,акустический,1.65,,,,,,,,,
,прецедент,4.14,,прецедентный,0.66,,,,,,,,,
,законно,4.13,,незаконно,0.95,,незаконность,0.22,,,,,,
,харьковский,4.12,,харьковчанин,2.03,,,,,,,,,
,муниципал,4.12,,,,,,,,,,,,
,галдеть,4.11,,загалдеть,2.20,,галдеж,1.33,,,,,,
,визуальный,4.10,,визуализация,2.79,,визуально,2.55,,,,,,
,умно,4.08,,неумный,0.44,,неумно,0.30,,,,,,
,чересчур,4.08,,,,,,,,,,,,
,симптом,4.07,,симптоматика,0.95,,,,,,,,,
,грациозный,4.07,,грациозно,1.94,,,,,,,,,
,радушный,4.06,,радушно,2.59,,радушие,1.97,,,,,,
,фальшь,4.06,,фальшивый,4.03,,сфальшивить,3.99,,фальшивка,3.76,,фальшборт,1.56
,скупой,4.05,,скупо,3.25,,скупиться,1.44,,поскупиться,1.40,,скуповатый,0.97
,ипотечный,4.02,,,,,,,,,,,,
,владимирский,4.02,,,,,,,,,,,,
,привилегия,4.01,,,,,,,,,,,,
,импровизация,4.01,,,,,,,,,,,,
,кило,4.00,,,,,,,,,,,,
,призовой,4.00,,,,,,,,,,,,
,фарс,3.99,,фарсовый,0.65,,,,,,,,,
,первозданный,3.99,,,,,,,,,,,,
,прагматик,3.98,,прагматизм,1.79,,прагматичный,1.28,,прагматика,0.88,,прагматично,0.65
,гигиена,3.98,,,,,,,,,,,,
,афера,3.98,,,,,,,,,,,,
,лукаво,3.97,,,,,,,,,,,,
,моделировать,3.97,,моделирующий,2.60,,,,,,,,,
,гоголевский,3.94,,,,,,,,,,,,
,утилизация,3.93,,утиль,3.87,,,,,,,,,
,исполком,3.91,,,,,,,,,,,,
,варшавский,3.90,,,,,,,,,,,,
,саудовский,3.90,,,,,,,,,,,,
,счас,3.90,,,,,,,,,,,,
,практичный,3.90,,практичность,0.75,,,,,,,,,
,автономия,3.89,,,,,,,,,,,,
,кинетика,3.89,,кинетический,1.87,,,,,,,,,
,сотворять,3.88,,,,,,,,,,,,
,ацетон,3.87,,ацетат,3.55,,,,,,,,,
,игнорировать,3.86,,,,,,,,,,,,
,изъян,3.85,,,,,,,,,,,,
,мания,3.85,,,,,,,,,,,,
,фигня,3.85,,,,,,,,,,,,
,нью-йоркский,3.85,,,,,,,,,,,,
,сердечно,3.84,,сердешный,2.33,,,,,,,,,
,тайм,3.84,,,,,,,,,,,,
,тамбовский,3.82,,,,,,,,,,,,
,гвардейский,3.82,,,,,,,,,,,,
,юродивый,3.82,,юродство,1.14,,юродствовать,0.88,,,,,,
,невозмутимо,3.81,,,,,,,,,,,,
,вологодский,3.81,,,,,,,,,,,,
,сюр,3.81,,,,,,,,,,,,
,клоунада,3.80,,,,,,,,,,,,
,диалект,3.79,,диалектика,3.08,,диалектный,0.85,,,,,,
,мямлить,3.79,,промямлить,2.59,,,,,,,,,
,составляющая,3.77,,,,,,,,,,,,
,камуфляжный,3.77,,,,,,,,,,,,
,репрессия,3.77,,репрессивный,0.95,,,,,,,,,
,уделяться,3.76,,,,,,,,,,,,
,каспийский,3.76,,,,,,,,,,,,
,лаконичный,3.75,,лаконично,1.53,,,,,,,,,
,лучшее,3.75,,,,,,,,,,,,
,челябинский,3.75,,,,,,,,,,,,
,усиленно,3.74,,посильно,1.31,,обессиленно,0.22,,непосильно,0.17,,,
,византийский,3.72,,византиец,2.04,,,,,,,,,
,монгольский,3.71,,,,,,,,,,,,
,мемориал,3.70,,,,,,,,,,,,
,декламация,3.69,,,,,,,,,,,,
,благодатный,3.69,,,,,,,,,,,,
,специфичный,3.69,,специфически,2.48,,,,,,,,,
,выбраковка,3.68,,браковать,3.44,,бракованный,2.59,,забраковать,1.92,,,
,дешево,3.68,,,,,,,,,,,,
,микро,3.67,,,,,,,,,,,,
,албанец,3.67,,албанский,1.25,,,,,,,,,
,эмалевый,3.67,,,,,,,,,,,,
,секта,3.66,,сектант,3.22,,сектантский,0.46,,сектантство,0.43,,,
,субсидия,3.65,,,,,,,,,,,,
,неуемный,3.60,,,,,,,,,,,,
,марать,3.60,,замарать,2.77,,помарка,2.74,,вымарать,1.70,,мараться,1.39
,сигнальный,3.59,,сигнальщик,2.62,,,,,,,,,
,градиент,3.59,,градиентный,0.48,,,,,,,,,
,эксклюзивный,3.58,,эксклюзив,2.46,,,,,,,,,
,постулат,3.56,,,,,,,,,,,,
,банальный,3.56,,банально,1.44,,банальность,1.35,,банальнейший,0.35,,,
,олицетворять,3.56,,,,,,,,,,,,
,приветливо,3.56,,приветик,1.86,,,,,,,,,
,превосходно,3.55,,,,,,,,,,,,
,нобелевский,3.53,,,,,,,,,,,,
,пассив,3.53,,пассивный,2.82,,пассивно,1.09,,пассивность,1.02,,,
,еретик,3.53,,ересь,2.71,,еретический,0.54,,,,,,
,ехидно,3.53,,,,,,,,,,,,
,теперешний,3.53,,,,,,,,,,,,
,лингвист,3.51,,лингвистика,2.25,,,,,,,,,
,аллергия,3.50,,,,,,,,,,,,
,еле-еле,3.50,,,,,,,,,,,,
,рассеянно,3.50,,,,,,,,,,,,
,увлеченно,3.50,,,,,,,,,,,,
,фамильный,3.50,,,,,,,,,,,,
,локализация,3.49,,локализовать,2.41,,локально,1.00,,,,,,
,брезговать,3.49,,брезгливый,3.09,,брезгливо,2.81,,брезгливость,1.16,,побрезговать,1.08
,пользовать,3.48,,,,,,,,,,,,
,периферия,3.48,,,,,,,,,,,,
,конъюнктура,3.47,,,,,,,,,,,,
,аэрация,3.47,,,,,,,,,,,,
,профилактика,3.46,,,,,,,,,,,,
,благоговение,3.46,,благоговейно,2.55,,благоговеть,2.11,,,,,,
,корректный,3.45,,корректно,2.90,,корректность,1.48,,некорректный,0.88,,,
,аномалия,3.45,,,,,,,,,,,,
,пролетарий,3.45,,,,,,,,,,,,
,доблесть,3.45,,доблестный,2.42,,доблестно,0.96,,,,,,
,синтетика,3.44,,,,,,,,,,,,
,полиграф,3.44,,полиграфия,2.51,,полиграфист,1.92,,,,,,
,медиа,3.43,,медийный,1.83,,,,,,,,,
,концепт,3.42,,,,,,,,,,,,
,префект,3.42,,префектура,2.59,,,,,,,,,
,космополит,3.42,,,,,,,,,,,,
,симметрия,3.42,,асимметрия,1.75,,,,,,,,,
,киргиз,3.41,,киргизский,1.09,,,,,,,,,
,эпидемия,3.40,,,,,,,,,,,,
,спартакиада,3.40,,спартаковец,2.15,,,,,,,,,
,иссякнуть,3.40,,иссякать,2.55,,неиссякаемый,2.34,,,,,,
,раздраженно,3.39,,раздраженный,1.22,,,,,,,,,
,корреляция,3.39,,,,,,,,,,,,
,ностальгия,3.38,,,,,,,,,,,,
,нейтрон,3.38,,нейтрино,1.70,,нейтронный,1.61,,,,,,
,таинственно,3.38,,,,,,,,,,,,
,качественно,3.37,,,,,,,,,,,,
,задачка,3.37,,озадаченно,1.86,,сверхзадача,1.40,,подзадача,1.32,,,
,недуг,3.37,,,,,,,,,,,,
,гроссмейстер,3.36,,гросс,2.13,,,,,,,,,
,астраханский,3.35,,,,,,,,,,,,
,эмпирический,3.34,,эмпирия,2.16,,эмпирически,1.57,,эмпиризм,1.22,,,
,риторика,3.34,,риторический,1.60,,риторически,0.68,,,,,,
,циник,3.34,,циничный,2.63,,цинизм,1.94,,цинично,1.07,,цинический,0.25
,контингент,3.34,,,,,,,,,,,,
,дай-ка,3.33,,давай-ка,2.51,,дайте-ка,1.26,,давайте-ка,1.25,,,
,парадигма,3.32,,,,,,,,,,,,
,тяжко,3.32,,,,,,,,,,,,
,трусить,3.31,,трусливый,2.93,,струсить,2.61,,трусоватый,1.90,,трусость,1.73
,вожделенный,3.31,,вожделение,3.31,,вожделеть,1.82,,,,,,
,гой,3.31,,изгой,2.88,,,,,,,,,
,приоритетный,3.30,,,,,,,,,,,,
,жаргон,3.29,,жаргонный,0.37,,,,,,,,,
,агрессия,3.27,,,,,,,,,,,,
,софизм,3.26,,,,,,,,,,,,
,педант,3.26,,педантичный,1.48,,педантизм,0.35,,педантично,0.35,,,
,логист,3.26,,,,,,,,,,,,
,экспансия,3.26,,экспансивный,1.17,,,,,,,,,
,креатив,3.24,,креативный,2.60,,креативность,0.52,,,,,,
,комфортно,3.24,,,,,,,,,,,,
,потаенный,3.24,,,,,,,,,,,,
,герпес,3.24,,,,,,,,,,,,
,взыскатель,3.22,,,,,,,,,,,,
,припарковать,3.22,,парковаться,2.50,,парковать,2.21,,,,,,
,коварный,3.22,,коварство,0.88,,,,,,,,,
,легальный,3.19,,,,,,,,,,,,
,кропотливый,3.19,,,,,,,,,,,,
,стерилизация,3.18,,,,,,,,,,,,
,лояльный,3.18,,лояльность,2.60,,,,,,,,,
,конкурентный,3.17,,,,,,,,,,,,
,демограф,3.17,,демография,1.57,,,,,,,,,
,магнетит,3.17,,магнетизм,2.35,,,,,,,,,
,хрестоматия,3.17,,,,,,,,,,,,
,апелляция,3.16,,апеллировать,1.80,,,,,,,,,
,арифметика,3.15,,,,,,,,,,,,
,подвох,3.15,,,,,,,,,,,,
,подлинно,3.15,,,,,,,,,,,,
,археология,3.15,,,,,,,,,,,,
,сашин,3.15,,сашкин,0.92,,,,,,,,,
,сенсационный,3.14,,сенсационно,0.51,,,,,,,,,
,солидарность,3.14,,солидарный,2.92,,солидарно,1.54,,,,,,
,красноярский,3.14,,красноярец,1.90,,,,,,,,,
,католический,3.13,,католичка,2.25,,,,,,,,,
,негативный,3.13,,негатив,1.67,,негативно,1.57,,,,,,
,менталитет,3.11,,ментальный,1.79,,ментальность,1.31,,,,,,
,кардинальный,3.10,,,,,,,,,,,,
,тибетский,3.09,,тибетец,2.07,,,,,,,,,
,конфуз,3.08,,сконфузить,1.69,,сконфузиться,1.01,,,,,,
,непостижимый,3.08,,непостижимо,1.35,,,,,,,,,
,заочно,3.07,,,,,,,,,,,,
,карантин,3.07,,карантинный,0.52,,,,,,,,,
,мини,3.06,,,,,,,,,,,,
,приволжский,3.06,,,,,,,,,,,,
,вавилонский,3.06,,вавилонянин,1.79,,,,,,,,,
,аварийный,3.05,,безаварийный,0.76,,аварийность,0.35,,,,,,
,ненастоящий,3.05,,,,,,,,,,,,
,нарочито,3.05,,,,,,,,,,,,
,поразительно,3.05,,,,,,,,,,,,
,коммерция,3.04,,,,,,,,,,,,
,гомогенат,3.03,,гомология,2.14,,гомогенность,0.61,,,,,,
,передачка,3.03,,,,,,,,,,,,
,агрессивный,3.03,,агрессор,2.27,,,,,,,,,
,авторитетный,3.02,,,,,,,,,,,,
,вдохновенно,3.02,,вдохновенье,1.37,,,,,,,,,
,абхаз,3.00,,абхазец,1.98,,абхазский,1.30,,,,,,
,переменная,3.00,,,,,,,,,,,,
,синдром,3.00,,,,,,,,,,,,
,футурист,3.00,,футуролог,1.17,,футуризм,1.11,,,,,,
,манипуляция,2.97,,манипулятор,1.25,,,,,,,,,
,мерещиться,2.97,,померещиться,1.36,,,,,,,,,
,серо,2.97,,,,,,,,,,,,
,дискурс,2.96,,дискурсивный,0.40,,,,,,,,,
,презумпция,2.96,,,,,,,,,,,,
,хамить,2.93,,хамство,1.67,,нахамить,1.04,,хамский,0.99,,хамоватый,0.40
,электорат,2.93,,,,,,,,,,,,
,примитивный,2.93,,примитив,1.49,,примитивизм,1.11,,примитивно,0.86,,,
,компетентный,2.90,,,,,,,,,,,,
,равнодушно,2.90,,,,,,,,,,,,
,чувственно,2.89,,,,,,,,,,,,
,кульминация,2.87,,,,,,,,,,,,
,грамматика,2.85,,,,,,,,,,,,
,номенклатура,2.85,,,,,,,,,,,,
,лабораторный,2.83,,,,,,,,,,,,
,астма,2.82,,астматик,0.68,,,,,,,,,
,добродетель,2.82,,,,,,,,,,,,
,супер,2.81,,суперский,0.67,,,,,,,,,
,суверенитет,2.81,,суверен,2.40,,,,,,,,,
,силиконовый,2.81,,силикат,1.98,,силикатный,1.49,,,,,,
,суеверие,2.79,,суеверный,2.34,,суеверно,0.68,,,,,,
,догма,2.78,,догматика,0.92,,догматизм,0.77,,,,,,
,стерильный,2.78,,стерильно,0.57,,стерильность,0.43,,,,,,
,амплуа,2.78,,,,,,,,,,,,
,стократ,2.77,,,,,,,,,,,,
,унитарный,2.76,,,,,,,,,,,,
,галлюцинация,2.75,,,,,,,,,,,,
,инсульт,2.75,,,,,,,,,,,,
,оренбургский,2.75,,,,,,,,,,,,
,паралич,2.75,,,,,,,,,,,,
,оторопеть,2.72,,оторопь,2.39,,,,,,,,,
,дилетант,2.71,,дилетантский,0.35,,дилетантизм,0.34,,дилетантство,0.20,,,
,неминуемо,2.71,,,,,,,,,,,,
,акциз,2.70,,акцизный,0.79,,подакцизный,0.30,,,,,,
,траур,2.69,,траурный,2.22,,,,,,,,,
,незачем,2.69,,,,,,,,,,,,
,уместно,2.69,,,,,,,,,,,,
,крах,2.67,,,,,,,,,,,,
,застенчивый,2.66,,,,,,,,,,,,
,тщетно,2.66,,,,,,,,,,,,
,латеральный,2.66,,,,,,,,,,,,
,мемориальный,2.65,,,,,,,,,,,,
,неординарный,2.64,,,,,,,,,,,,
,разно,2.63,,,,,,,,,,,,
,пьяно,2.63,,пьяноватый,1.07,,,,,,,,,
,застенчиво,2.63,,,,,,,,,,,,
,католицизм,2.63,,,,,,,,,,,,
,неуклонно,2.63,,,,,,,,,,,,
,ортодокс,2.62,,ортодоксия,0.55,,,,,,,,,
,понимающий,2.62,,понимающе,2.55,,,,,,,,,
,маркировать,2.62,,маркировка,2.37,,,,,,,,,
,интуитивно,2.62,,интуитивный,1.87,,,,,,,,,
,апологет,2.62,,апология,1.02,,апологетика,0.43,,,,,,
,пронзительно,2.60,,,,,,,,,,,,
,дряхлый,2.60,,одряхлеть,1.02,,дряхлеть,0.97,,дряхлость,0.36,,,
,бескорыстный,2.60,,бескорыстно,2.40,,бескорыстие,1.91,,корысть,1.33,,корыстный,1.05
,сертификация,2.59,,,,,,,,,,,,
,диверсия,2.59,,,,,,,,,,,,
,сподручный,2.58,,,,,,,,,,,,
,императив,2.57,,императивный,0.52,,,,,,,,,
,циркуляция,2.56,,,,,,,,,,,,
,неотступно,2.55,,,,,,,,,,,,
,тотальный,2.55,,тотально,0.73,,тотальность,0.69,,,,,,
,ботаник,2.54,,ботаника,2.35,,ботанический,1.70,,,,,,
,ехидный,2.54,,ехидство,0.75,,ехидничать,0.63,,съехидничать,0.50,,,
,обоюдный,2.53,,обоюдно,0.94,,,,,,,,,
,провокация,2.53,,,,,,,,,,,,
,трансфер,2.51,,трансферт,1.21,,трансфертный,0.50,,трансферный,0.47,,,
,обреченный,2.50,,обреченно,0.86,,обреченность,0.46,,,,,,
,коллизия,2.50,,,,,,,,,,,,
,экстренный,2.47,,экстренно,0.45,,,,,,,,,
,строптивый,2.46,,строптивость,0.37,,,,,,,,,
,целомудрие,2.46,,,,,,,,,,,,
,гестапо,2.45,,гестаповец,1.61,,гестаповский,0.27,,,,,,
,инфицировать,2.45,,,,,,,,,,,,
,целлюлоза,2.44,,целлюлозный,0.96,,,,,,,,,
,мизерный,2.44,,мизер,1.80,,,,,,,,,
,арктический,2.44,,,,,,,,,,,,
,мутация,2.43,,мутировать,0.85,,мутационный,0.29,,,,,,
,эквивалент,2.42,,,,,,,,,,,,
,иезуит,2.42,,иезуитский,0.44,,,,,,,,,
,сетовать,2.41,,посетовать,1.40,,сетование,0.93,,,,,,
,катаклизм,2.41,,,,,,,,,,,,
,консолидация,2.40,,,,,,,,,,,,
,коммуникатор,2.40,,,,,,,,,,,,
,конфигурация,2.38,,,,,,,,,,,,
,вербовка,2.37,,вербовать,2.03,,завербовать,1.62,,вербовщик,1.02,,,
,невесомость,2.37,,невесомо,1.57,,,,,,,,,
,своевременно,2.37,,,,,,,,,,,,
,пеня,2.36,,пенять,1.77,,попенять,0.67,,,,,,
,поддакивать,2.35,,поддакнуть,2.12,,,,,,,,,
,натовец,2.34,,натовский,1.50,,,,,,,,,
,поочередно,2.34,,поочередный,0.56,,,,,,,,,
,компромат,2.32,,,,,,,,,,,,
,абстракция,2.31,,,,,,,,,,,,
,пароходство,2.31,,,,,,,,,,,,
,дифференциал,2.31,,,,,,,,,,,,
,субстанция,2.30,,,,,,,,,,,,
,надменный,2.30,,надменность,0.42,,,,,,,,,
,пролетарский,2.30,,,,,,,,,,,,
,дебит,2.30,,дебитор,2.01,,дебиторский,0.94,,,,,,
,авангардный,2.28,,авангардизм,0.44,,,,,,,,,
,пресвятой,2.27,,,,,,,,,,,,
,фестивальный,2.25,,,,,,,,,,,,
,брежневский,2.25,,,,,,,,,,,,
,ипостась,2.25,,,,,,,,,,,,
,подключиться,2.25,,,,,,,,,,,,
,портативный,2.25,,,,,,,,,,,,
,тяжелейший,2.25,,,,,,,,,,,,
,диверсант,2.25,,диверсионный,0.45,,,,,,,,,
,конфессия,2.24,,,,,,,,,,,,
,симулятор,2.24,,симулянт,0.91,,симуляция,0.74,,симулировать,0.60,,симулякр,0.45
,базальный,2.23,,,,,,,,,,,,
,тождество,2.21,,отождествить,1.00,,тождественно,0.51,,,,,,
,гитлеровец,2.20,,гитлеровский,1.08,,гитлеризм,0.30,,,,,,
,констатация,2.20,,,,,,,,,,,,
,сионский,2.19,,сионизм,2.08,,сионистский,0.84,,,,,,
,зловеще,2.19,,,,,,,,,,,,
,рефлексия,2.19,,,,,,,,,,,,
,полемика,2.17,,,,,,,,,,,,
,нуклеотид,2.17,,нуклеотидный,1.82,,,,,,,,,
,смертельно,2.15,,посмертно,0.64,,,,,,,,,
,аффект,2.14,,аффективный,0.89,,аффектация,0.27,,,,,,
,благодушный,2.14,,благодушно,1.32,,благодушие,1.01,,,,,,
,хворать,2.13,,хворый,1.76,,хворь,1.49,,захворать,1.08,,хвороба,0.98
,свара,2.12,,сварливый,1.06,,сварливо,0.47,,,,,,
,дистальный,2.10,,,,,,,,,,,,
,кадастр,2.10,,кадастровый,0.94,,,,,,,,,
,утопист,2.09,,утопизм,0.52,,утопический,0.46,,утопичный,0.28,,,
,хладнокровно,2.09,,хладнокровие,0.81,,,,,,,,,
,отрывисто,2.09,,неотрывно,1.93,,,,,,,,,
,предикат,2.08,,предикатный,0.75,,,,,,,,,
,величаво,2.07,,,,,,,,,,,,
,дефолт,2.06,,,,,,,,,,,,
,кратчайший,2.06,,,,,,,,,,,,
,волгоградец,2.06,,,,,,,,,,,,
,сурожский,2.06,,,,,,,,,,,,
,ингибитор,2.05,,ингибировать,1.01,,,,,,,,,
,производная,2.04,,производящий,1.42,,,,,,,,,
,срам,2.03,,посрамить,0.83,,срамной,0.73,,срамота,0.52,,осрамиться,0.41
,коллектор,2.01,,,,,,,,,,,,
,скандинав,2.01,,,,,,,,,,,,
,актуальность,2.00,,,,,,,,,,,,
,безошибочно,2.00,,,,,,,,,,,,
,константа,1.97,,,,,,,,,,,,
,спуд,1.96,,подспудно,1.32,,подспудный,1.19,,,,,,
,нигилист,1.94,,нигилизм,0.86,,,,,,,,,
,варьировать,1.94,,варьирование,0.77,,,,,,,,,
,фобия,1.94,,,,,,,,,,,,
,благотворно,1.93,,благотворный,1.77,,,,,,,,,
,унификация,1.91,,,,,,,,,,,,
,субстрат,1.90,,субстратный,0.40,,,,,,,,,
,умеренно,1.90,,неумеренно,0.24,,,,,,,,,
,произвольно,1.88,,,,,,,,,,,,
,спонтанный,1.88,,спонтанно,1.67,,спонтанность,0.50,,,,,,
,зауважать,1.88,,неуважение,0.35,,,,,,,,,
,приязнь,1.88,,неприязненно,0.26,,,,,,,,,
,техногенный,1.88,,,,,,,,,,,,
,синтаксис,1.87,,,,,,,,,,,,
,венецианский,1.85,,венецианец,0.94,,,,,,,,,
,недешевый,1.85,,подешеветь,1.70,,удешевить,1.45,,удешевление,1.16,,дешевизна,1.15
,благоволить,1.83,,благоволение,0.55,,,,,,,,,
,дрянной,1.83,,,,,,,,,,,,
,аргентинец,1.81,,аргентинский,0.76,,,,,,,,,
,сергиев,1.81,,,,,,,,,,,,
,ватт,1.80,,,,,,,,,,,,
,перипетия,1.79,,,,,,,,,,,,
,сумбур,1.79,,сумбурный,1.08,,сумбурно,0.82,,,,,,
,спекулянт,1.79,,спекуляция,1.66,,спекулянтка,0.47,,,,,,
,скверный,1.76,,скверна,1.70,,скверно,1.53,,осквернить,1.42,,осквернять,0.98
,ельцинский,1.76,,,,,,,,,,,,
,троцкист,1.76,,троцкизм,0.38,,троцкистский,0.32,,,,,,
,суверенный,1.76,,суверенность,0.35,,,,,,,,,
,цельность,1.75,,,,,,,,,,,,
,неохота,1.74,,,,,,,,,,,,
,гравитация,1.73,,,,,,,,,,,,
,анархист,1.72,,анархизм,0.50,,анархический,0.23,,,,,,
,брехать,1.72,,брехун,0.95,,брехня,0.86,,брех,0.63,,,
,дискретный,1.72,,дискретность,0.50,,,,,,,,,
,контрабанда,1.71,,,,,,,,,,,,
,юрисконсульт,1.71,,,,,,,,,,,,
,взросление,1.71,,по-взрослому,1.10,,взрослость,0.72,,,,,,
,нахальный,1.71,,нахальство,0.56,,холуйский,0.31,,подхалимаж,0.29,,подхалимство,0.17
,когнитивный,1.69,,,,,,,,,,,,
,мариинский,1.69,,,,,,,,,,,,
,сокрушенно,1.69,,,,,,,,,,,,
,алчный,1.69,,алкать,1.36,,алчно,0.49,,алчность,0.49,,,
,путинский,1.66,,,,,,,,,,,,
,анаграмма,1.66,,,,,,,,,,,,
,притопить,1.66,,,,,,,,,,,,
,холера,1.65,,холерный,1.01,,холерик,1.00,,,,,,
,лишнее,1.65,,,,,,,,,,,,
,норильский,1.65,,,,,,,,,,,,
,индукция,1.65,,индукционный,0.30,,,,,,,,,
,меланхолия,1.63,,меланхолик,0.85,,меланхолично,0.43,,,,,,
,арбатский,1.62,,,,,,,,,,,,
,консорциум,1.61,,,,,,,,,,,,
,уния,1.61,,,,,,,,,,,,
,импровизатор,1.61,,,,,,,,,,,,
,конверсия,1.61,,,,,,,,,,,,
,контузия,1.61,,контузить,1.38,,,,,,,,,
,беллетрист,1.60,,,,,,,,,,,,
,диабет,1.60,,диабетик,0.93,,,,,,,,,
,прогрессист,1.59,,прогрессия,1.46,,регресс,1.08,,регрессия,1.07,,регрессивный,0.43
,рутина,1.59,,рутинный,1.20,,,,,,,,,
,благоприятно,1.59,,,,,,,,,,,,
,капитуляция,1.57,,капитул,1.23,,,,,,,,,
,априори,1.57,,априорный,1.50,,априорно,0.75,,,,,,
,уважительно,1.56,,,,,,,,,,,,
,ваххабит,1.55,,ваххабизм,0.47,,ваххабитский,0.23,,,,,,
,легитимный,1.55,,легитимность,0.95,,легитимация,0.70,,,,,,
,казус,1.53,,,,,,,,,,,,
,кардинально,1.53,,,,,,,,,,,,
,колымский,1.53,,,,,,,,,,,,
,симметричный,1.53,,симметрично,0.99,,,,,,,,,
,гидравлика,1.52,,,,,,,,,,,,
,инвентарный,1.52,,,,,,,,,,,,
,дислокация,1.51,,,,,,,,,,,,
,подытожить,1.51,,подытоживать,0.44,,,,,,,,,
,валентность,1.50,,,,,,,,,,,,
,дагестанец,1.50,,дагестанский,0.87,,,,,,,,,
,карельский,1.50,,,,,,,,,,,,
,ультиматум,1.50,,,,,,,,,,,,
,рентабельный,1.49,,,,,,,,,,,,
,консенсус,1.48,,консенсусный,0.30,,,,,,,,,
,уныло,1.47,,,,,,,,,,,,
,апикальный,1.46,,,,,,,,,,,,
,сакральный,1.46,,сакрализация,0.32,,,,,,,,,
,догмат,1.46,,догматик,0.79,,,,,,,,,
,варварский,1.45,,варварство,1.04,,варварски,0.65,,,,,,
,расстроенно,1.45,,,,,,,,,,,,
,этиловый,1.44,,,,,,,,,,,,
,аккредитив,1.42,,,,,,,,,,,,
,местами,1.42,,,,,,,,,,,,
,проституция,1.41,,,,,,,,,,,,
,маргинал,1.41,,маргинальный,0.42,,,,,,,,,
,ульяновский,1.41,,,,,,,,,,,,
,дисперсия,1.39,,,,,,,,,,,,
,клевета,1.39,,клеветать,1.07,,оклеветать,0.86,,клеветник,0.85,,,
,депрессия,1.37,,депрессивный,0.30,,,,,,,,,
,повинность,1.37,,повинная,1.36,,,,,,,,,
,лихорадочно,1.36,,,,,,,,,,,,
,драматичный,1.36,,драматизм,0.95,,драматично,0.42,,драматически,0.31,,,
,антисоветчик,1.35,,несоветский,0.57,,,,,,,,,
,сосновский,1.35,,,,,,,,,,,,
,неряха,1.35,,неряшливый,1.17,,неряшливо,0.98,,неряшливость,0.11,,,
,неверно,1.34,,,,,,,,,,,,
,костромской,1.34,,костромич,1.17,,,,,,,,,
,сугубый,1.33,,усугубить,0.60,,усугублять,0.53,,усугубляться,0.37,,усугубиться,0.22
,аллергик,1.32,,аллерген,0.89,,,,,,,,,
,конспирация,1.32,,конспиратор,0.97,,,,,,,,,
,глумиться,1.31,,глумление,0.56,,глумливый,0.45,,глумливо,0.38,,,
,злобно,1.29,,,,,,,,,,,,
,туберкулез,1.29,,,,,,,,,,,,
,эклектика,1.29,,эклектичный,0.99,,,,,,,,,
,сепаратный,1.28,,сепаратист,0.89,,сепаратизм,0.39,,,,,,
,хабаровский,1.28,,,,,,,,,,,,
,несравненно,1.28,,несравнимый,0.78,,,,,,,,,
,хаотичный,1.27,,хаотический,1.14,,хаотично,0.48,,хаотичность,0.25,,,
,фарисей,1.27,,фарисейство,0.13,,фарисейский,0.11,,,,,,
,кибернетика,1.27,,кибернетик,1.19,,,,,,,,,
,чрезмерно,1.27,,,,,,,,,,,,
,промилле,1.25,,,,,,,,,,,,
,эксцентрик,1.23,,эксцентрика,1.03,,,,,,,,,
,презрительно,1.23,,,,,,,,,,,,
,правомерно,1.22,,неправомерно,0.28,,,,,,,,,
,горьковский,1.22,,,,,,,,,,,,
,депортация,1.22,,,,,,,,,,,,
,талантливо,1.22,,,,,,,,,,,,
,неприязнь,1.21,,,,,,,,,,,,
,кинематика,1.21,,,,,,,,,,,,
,благочестие,1.20,,,,,,,,,,,,
,кемеровский,1.19,,,,,,,,,,,,
,магаданский,1.19,,,,,,,,,,,,
,антропный,1.18,,,,,,,,,,,,
,лейкоз,1.18,,,,,,,,,,,,
,рецидив,1.18,,рецидивист,1.17,,,,,,,,,
,некстати,1.18,,,,,,,,,,,,
,энцефалит,1.17,,,,,,,,,,,,
,конфискация,1.17,,конфисковать,0.75,,,,,,,,,
,сифилис,1.16,,,,,,,,,,,,
,рационализм,1.15,,рационалист,1.15,,,,,,,,,
,разнобой,1.15,,,,,,,,,,,,
,непрестанно,1.15,,беспрестанно,1.06,,,,,,,,,
,протекция,1.14,,,,,,,,,,,,
,детерминант,1.13,,детерминизм,0.96,,детерминация,0.67,,,,,,
,апробация,1.11,,апробировать,0.67,,,,,,,,,
,уникальность,1.10,,,,,,,,,,,,
,колониальный,1.10,,колониализм,0.13,,,,,,,,,
,универсализм,1.09,,универсально,0.93,,,,,,,,,
,крамольный,1.09,,крамола,0.36,,,,,,,,,
,интервенция,1.09,,,,,,,,,,,,
,вульгарный,1.09,,вульгарно,0.29,,вульгарность,0.15,,,,,,
,токсичный,1.09,,интоксикация,0.35,,токсичность,0.30,,токсический,0.27,,,
,удостоверить,1.08,,,,,,,,,,,,
,парализовать,1.07,,,,,,,,,,,,
,иждивенец,1.07,,иждивение,0.57,,,,,,,,,
,неосознанный,1.05,,неосознанно,1.00,,,,,,,,,
,невнятно,1.05,,,,,,,,,,,,
,издевка,1.04,,,,,,,,,,,,
,шизофрения,1.03,,,,,,,,,,,,
,конкретность,1.02,,неконкретный,0.24,,,,,,,,,
,несогласие,1.02,,,,,,,,,,,,
,ультрафиолет,0.99,,,,,,,,,,,,
,мало-мальски,0.99,,,,,,,,,,,,
,ханжа,0.99,,ханжество,0.30,,ханжеский,0.18,,,,,,
,эндокринолог,0.98,,эндогенный,0.92,,эндонуклеаза,0.33,,,,,,
,семантически,0.98,,,,,,,,,,,,
,происходящее,0.97,,,,,,,,,,,,
,лицемер,0.96,,лицемерие,0.63,,лицемерить,0.60,,лицемерный,0.33,,лицемерно,0.29
,протокольный,0.95,,,,,,,,,,,,
,нестройно,0.95,,,,,,,,,,,,
,несказанно,0.94,,,,,,,,,,,,
,институция,0.93,,,,,,,,,,,,
,сейсмический,0.93,,,,,,,,,,,,
,георгиевский,0.93,,,,,,,,,,,,
,доразведка,0.92,,,,,,,,,,,,
,передающий,0.92,,передаваемый,0.88,,,,,,,,,
,алкоголизм,0.92,,,,,,,,,,,,
,милитарист,0.90,,милитаризм,0.64,,,,,,,,,
,неумолимо,0.90,,,,,,,,,,,,
,фиктивный,0.90,,,,,,,,,,,,
,конструкт,0.90,,,,,,,,,,,,
,укоризненно,0.89,,,,,,,,,,,,
,нахально,0.89,,,,,,,,,,,,
,аббревиатура,0.88,,,,,,,,,,,,
,защищенность,0.88,,,,,,,,,,,,
,чудовищно,0.88,,,,,,,,,,,,
,назойливый,0.86,,назойливость,0.11,,,,,,,,,
,удручать,0.86,,удручающий,0.81,,удручить,0.62,,удрученный,0.60,,удрученно,0.31
,консалтинг,0.85,,,,,,,,,,,,
,ненавязчиво,0.85,,ненавязчивый,0.70,,,,,,,,,
,деспотия,0.85,,деспотичный,0.48,,деспотизм,0.29,,,,,,
,тщеславный,0.84,,тщеславие,0.82,,,,,,,,,
,равносильный,0.84,,равносильно,0.42,,,,,,,,,
,провокатор,0.83,,,,,,,,,,,,
,пессимист,0.81,,пессимизм,0.51,,,,,,,,,
,аккредитация,0.77,,,,,,,,,,,,
,индуцировать,0.76,,,,,,,,,,,,
,ведический,0.74,,,,,,,,,,,,
,актуализация,0.72,,,,,,,,,,,,
,рекомбинация,0.70,,рекомбинант,0.62,,,,,,,,,
,защитность,0.70,,,,,,,,,,,,
,толерантный,0.69,,,,,,,,,,,,
,прогрессивно,0.65,,,,,,,,,,,,
,тоталитарный,0.65,,тоталитаризм,0.49,,,,,,,,,
,баллистика,0.63,,,,,,,,,,,,
,платоновский,0.62,,платонизм,0.61,,неоплатонизм,0.31,,,,,,
,тщетный,0.62,,тщета,0.51,,тщетность,0.19,,,,,,
,по-научному,0.61,,ненаучный,0.40,,,,,,,,,
,затратный,0.60,,,,,,,,,,,,
,стереотипный,0.60,,,,,,,,,,,,
,сороковины,0.60,,,,,,,,,,,,
,отсебятина,0.58,,,,,,,,,,,,
,макроуровень,0.56,,,,,,,,,,,,
,непримиримо,0.56,,,,,,,,,,,,
,объемлющий,0.56,,,,,,,,,,,,
,деградация,0.54,,,,,,,,,,,,
,безобразно,0.54,,,,,,,,,,,,
,косный,0.53,,косность,0.36,,,,,,,,,
,идеологема,0.53,,,,,,,,,,,,
,фальсификат,0.52,,,,,,,,,,,,
,экзистенция,0.52,,,,,,,,,,,,
,монопольный,0.51,,монополь,0.37,,,,,,,,,
,злорадно,0.51,,злорадство,0.38,,,,,,,,,
,сомненье,0.50,,сомнительно,0.46,,,,,,,,,
,неспособно,0.49,,,,,,,,,,,,
,конфронтация,0.49,,,,,,,,,,,,
,демагогия,0.47,,,,,,,,,,,,
,кощунство,0.46,,кощунственно,0.11,,,,,,,,,
,неостановимо,0.45,,,,,,,,,,,,
,ненадлежащий,0.45,,,,,,,,,,,,
,жульничать,0.44,,жуликоватый,0.33,,жульничество,0.21,,жульнический,0.13,,,
,недопустимо,0.44,,,,,,,,,,,,
,гипертрофия,0.43,,дистрофия,0.43,,,,,,,,,
,неоправданно,0.41,,,,,,,,,,,,
,лакейский,0.41,,,,,,,,,,,,
,допетровский,0.40,,,,,,,,,,,,
,непопулярный,0.40,,,,,,,,,,,,
,неодобрение,0.39,,,,,,,,,,,,
,пространно,0.38,,,,,,,,,,,,
,по-славянски,0.35,,,,,,,,,,,,
,аморальный,0.34,,аморалка,0.32,,аморализм,0.14,,,,,,
,недостойно,0.30,,,,,,,,,,,,
,антизападный,0.24,,,,,,,,,,,,
,авторитарный,0.23,,,,,,,,,,,,
,предсказуемо,0.22,,,,,,,,,,,,
,неустойчиво,0.19,,,,,,,,,,,,
,неприменение,0.18,,,,,,,,,,,,
,антирусский,0.17,,,,,,,,,,,,
,простой,275.3,,,,,,,,,,,,
,случиться,175.8,,,,,,,,,,,,
,самолет,166.1,,,,,,,,,,,,
,возможно,161.8,,,,,,,,,,,,
,автомобиль,156.9,,,,,,,,,,,,
,одновременно,135.4,,,,,,,,,,,,
,очевидно,88.2,,,,,,,,,,,,
,честь,84.4,,,,,,,,,,,,
,вечный,83.8,,,,,,,,,,,,
,строить,82.2,,,,,,,,,,,,
,километр,79.2,,,,,,,,,,,,
,покупать,74.5,,,,,,,,,,,,
,спешить,69.7,,,,,,,,,,,,
,взаимодействие,67.1,,,,,,,,,,,,
,страсть,66.5,,,,,,,,,,,,
,психологический,66.2,,,,,,,,,,,,
,психология,64.4,,,,,,,,,,,,
,многочисленный,62.3,,,,,,,,,,,,
,брак,58.6,,,,,,,,,,,,
,библиотека,57.7,,,,,,,,,,,,
,случаться,55.5,,,,,,,,,,,,
,философия,53.5,,,,,,,,,,,,
,телевидение,51.7,,,,,,,,,,,,
,минимум,51.3,,,,,,,,,,,,
,технологический,49.2,,,,,,,,,,,,
,десятилетие,48.7,,,,,,,,,,,,
,стихотворение,48.7,,,,,,,,,,,,
,очевидный,47.1,,,,,,,,,,,,
,трагедия,45.7,,,,,,,,,,,,
,противоположный,43.4,,,,,,,,,,,,
,месторождение,42.2,,,,,,,,,,,,
,полка,41.9,,,,,,,,,,,,
,полгода,41.1,,,,,,,,,,,,
,всеобщий,40.4,,,,,,,,,,,,
,колхоз,40.4,,,,,,,,,,,,
,вертолет,38.7,,,,,,,,,,,,
,законодательный,38.7,,,,,,,,,,,,
,столетие,38.1,,,,,,,,,,,,
,полчаса,37.9,,,,,,,,,,,,
,разнообразный,37.6,,,,,,,,,,,,
,аэропорт,37.2,,,,,,,,,,,,
,рукопись,37.2,,,,,,,,,,,,
,своеобразный,36.8,,,,,,,,,,,,
,посол,36.6,,,,,,,,,,,,
,ленинградский,36.3,,,,,,,,,,,,
,ключевой,36.0,,,,,,,,,,,,
,сумасшедший,35.7,,,,,,,,,,,,
,противоречие,35.6,,,,,,,,,,,,
,идеология,35.4,,,,,,,,,,,,
,раствор,35.1,,,,,,,,,,,,
,железнодорожный,34.9,,,,,,,,,,,,
,автомобильный,34.0,,,,,,,,,,,,
,философский,33.5,,,,,,,,,,,,
,взаимоотношения,31.8,,,,,,,,,,,,
,засыпать,30.8,,,,,,,,,,,,
,телеграмма,30.8,,,,,,,,,,,,
,философ,30.6,,,,,,,,,,,,
,самоуправление,30.4,,,,,,,,,,,,
,платеж,30.3,,,,,,,,,,,,
,военнослужащий,29.8,,,,,,,,,,,,
,сельскохозяйственный,29.8,,,,,,,,,,,,
,бизнесмен,29.5,,,,,,,,,,,,
,психолог,29.3,,,,,,,,,,,,
,идеологический,28.7,,,,,,,,,,,,
,биологический,28.4,,,,,,,,,,,,
,всемирный,27.6,,,,,,,,,,,,
,биография,27.4,,,,,,,,,,,,
,футбол,27.4,,,,,,,,,,,,
,общежитие,27.0,,,,,,,,,,,,
,противоречить,26.3,,,,,,,,,,,,
,килограмм,26.0,,,,,,,,,,,,
,просыпаться,25.7,,,,,,,,,,,,
,первоначальный,24.9,,,,,,,,,,,,
,пароход,24.5,,,,,,,,,,,,
,инфраструктура,24.4,,,,,,,,,,,,
,правонарушение,23.4,,,,,,,,,,,,
,геологический,23.3,,,,,,,,,,,,
,комедия,22.7,,,,,,,,,,,,
,комсомольский,22.6,,,,,,,,,,,,
,равновесие,22.6,,,,,,,,,,,,
,правоохранительный,22.5,,,,,,,,,,,,
,сантиметр,22.1,,,,,,,,,,,,
,пулемет,21.5,,,,,,,,,,,,
,всевозможный,21.1,,,,,,,,,,,,
,спеть,21.1,,,,,,,,,,,,
,молодежный,20.7,,,,,,,,,,,,
,социально-экономический,20.6,,,,,,,,,,,,
,средневековый,20.5,,,,,,,,,,,,
,равнодушный,20.4,,,,,,,,,,,,
,электроэнергия,20.4,,,,,,,,,,,,
,здравоохранение,20.2,,,,,,,,,,,,
,закономерность,20.1,,,,,,,,,,,,
,многолетний,20.1,,,,,,,,,,,,
,аэродром,20.0,,,,,,,,,,,,
,максимум,19.9,,,,,,,,,,,,
,полдень,19.9,,,,,,,,,,,,
,аплодисменты,19.6,,,,,,,,,,,,
,гуманитарный,19.6,,,,,,,,,,,,
,разнообразие,19.4,,,,,,,,,,,,
,разноцветный,19.3,,,,,,,,,,,,
,всероссийский,19.2,,,,,,,,,,,,
,пресс-конференция,19.2,,,,,,,,,,,,
,коса,19.1,,,,,,,,,,,,
,премьер-министр,19.1,,,,,,,,,,,,
,кинотеатр,19.0,,,,,,,,,,,,
,шахматы,19.0,,,,,,,,,,,,
,новогодний,18.8,,,,,,,,,,,,
,спецслужба,18.2,,,,,,,,,,,,
,физиономия,18.2,,,,,,,,,,,,
,шахматный,18.0,,,,,,,,,,,,
,профсоюз,17.8,,,,,,,,,,,,
,повседневный,17.5,,,,,,,,,,,,
,импортный,17.4,,,,,,,,,,,,
,самоубийство,17.4,,,,,,,,,,,,
,географический,17.2,,,,,,,,,,,,
,полноценный,17.0,,,,,,,,,,,,
,полночь,17.0,,,,,,,,,,,,
,противостоять,17.0,,,,,,,,,,,,
,долгосрочный,16.7,,,,,,,,,,,,
,футбольный,16.7,,,,,,,,,,,,
,ежегодный,16.6,,,,,,,,,,,,
,импорт,16.6,,,,,,,,,,,,
,вице-премьер,16.3,,,,,,,,,,,,
,добровольный,16.3,,,,,,,,,,,,
,монолог,16.2,,,,,,,,,,,,
,медсестра,16.1,,,,,,,,,,,,
,тысячелетие,16.1,,,,,,,,,,,,
,противостояние,16.0,,,,,,,,,,,,
,послевоенный,15.9,,,,,,,,,,,,
,биология,15.4,,,,,,,,,,,,
,работодатель,14.9,,,,,,,,,,,,
,вице-президент,14.8,,,,,,,,,,,,
,научно-технический,14.8,,,,,,,,,,,,
,космонавт,14.6,,,,,,,,,,,,
,научно-исследовательский,14.5,,,,,,,,,,,,
,райком,14.4,,,,,,,,,,,,
,однозначно,14.3,,,,,,,,,,,,
,социологический,14.3,,,,,,,,,,,,
,правосудие,14.2,,,,,,,,,,,,
,троллейбус,14.2,,,,,,,,,,,,
,совхоз,14.1,,,,,,,,,,,,
,законодатель,14.0,,,,,,,,,,,,
,география,13.9,,,,,,,,,,,,
,нижегородский,13.8,,,,,,,,,,,,
,полигон,13.7,,,,,,,,,,,,
,прошлогодний,13.6,,,,,,,,,,,,
,комсомол,13.5,,,,,,,,,,,,
,судопроизводство,13.5,,,,,,,,,,,,
,генштаб,13.3,,,,,,,,,,,,
,налогоплательщик,13.2,,,,,,,,,,,,
,двусторонний,13.1,,,,,,,,,,,,
,первоначально,13.0,,,,,,,,,,,,
,зловещий,12.9,,,,,,,,,,,,
,квалифицированный,12.9,,,,,,,,,,,,
,боеприпас,12.7,,,,,,,,,,,,
,фотограф,12.7,,,,,,,,,,,,
,несовершеннолетний,12.5,,,,,,,,,,,,
,противодействие,12.5,,,,,,,,,,,,
,трубопровод,12.5,,,,,,,,,,,,
,град,12.4,,,,,,,,,,,,
,зоопарк,12.4,,,,,,,,,,,,
,колхозный,12.4,,,,,,,,,,,,
,равнодушие,12.2,,,,,,,,,,,,
,взаимосвязь,12.1,,,,,,,,,,,,
,выть,12.0,,,,,,,,,,,,
,методология,12.0,,,,,,,,,,,,
,стереотип,12.0,,,,,,,,,,,,
,наркоман,11.9,,,,,,,,,,,,
,разногласие,11.9,,,,,,,,,,,,
,себестоимость,11.8,,,,,,,,,,,,
,экология,11.8,,,,,,,,,,,,
,самовар,11.7,,,,,,,,,,,,
,богослужение,11.6,,,,,,,,,,,,
,двоюродный,11.6,,,,,,,,,,,,
,многократно,11.6,,,,,,,,,,,,
,одновременный,11.4,,,,,,,,,,,,
,паровоз,11.4,,,,,,,,,,,,
,пресс-служба,11.4,,,,,,,,,,,,
,противоречивый,11.4,,,,,,,,,,,,
,топить,11.3,,,,,,,,,,,,
,двухэтажный,11.2,,,,,,,,,,,,
,своевременный,11.2,,,,,,,,,,,,
,мировоззрение,11.1,,,,,,,,,,,,
,милосердие,11.0,,,,,,,,,,,,
,сухопутный,11.0,,,,,,,,,,,,
,тыкать,11.0,,,,,,,,,,,,
,юрисдикция,11.0,,,,,,,,,,,,
,авиакомпания,10.9,,,,,,,,,,,,
,высокопоставленный,10.9,,,,,,,,,,,,
,средневековье,10.9,,,,,,,,,,,,
,раствориться,10.8,,,,,,,,,,,,
,кинематограф,10.7,,,,,,,,,,,,
,монография,10.7,,,,,,,,,,,,
,бинокль,10.6,,,,,,,,,,,,
,военно-морской,10.6,,,,,,,,,,,,
,радиостанция,10.6,,,,,,,,,,,,
,футболист,10.6,,,,,,,,,,,,
,взаимодействовать,10.5,,,,,,,,,,,,
,жилищно-коммунальный,10.5,,,,,,,,,,,,
,землетрясение,10.5,,,,,,,,,,,,
,правоотношение,10.5,,,,,,,,,,,,
,социология,10.5,,,,,,,,,,,,
,всесоюзный,10.4,,,,,,,,,,,,
,автограф,10.3,,,,,,,,,,,,
,рукоятка,10.3,,,,,,,,,,,,
,целесообразный,10.3,,,,,,,,,,,,
,спецназ,10.2,,,,,,,,,,,,
,телеканал,10.2,,,,,,,,,,,,
,физиологический,10.2,,,,,,,,,,,,
,доброволец,10.1,,,,,,,,,,,,
,злодей,10.1,,,,,,,,,,,,
,один-единственный,10.1,,,,,,,,,,,,
,электростанция,10.1,,,,,,,,,,,,
,остроумный,10.0,,,,,,,,,,,,
,машиностроение,9.9,,,,,,,,,,,,
,целесообразность,9.9,,,,,,,,,,,,
,авангард,9.8,,,,,,,,,,,,
,белоснежный,9.8,,,,,,,,,,,,
,главнокомандующий,9.8,,,,,,,,,,,,
,лесхоз,9.8,,,,,,,,,,,,
,одноклассник,9.8,,,,,,,,,,,,
,техникум,9.8,,,,,,,,,,,,
,закономерный,9.7,,,,,,,,,,,,
,терминология,9.7,,,,,,,,,,,,
,газопровод,9.6,,,,,,,,,,,,
,долгожданный,9.6,,,,,,,,,,,,
,компартия,9.6,,,,,,,,,,,,
,послезавтра,9.6,,,,,,,,,,,,
,радиолокационный,9.6,,,,,,,,,,,,
,геолог,9.5,,,,,,,,,,,,
,геометрия,9.5,,,,,,,,,,,,
,дальневосточный,9.5,,,,,,,,,,,,
,многообразие,9.5,,,,,,,,,,,,
,самолюбие,9.5,,,,,,,,,,,,
,богословский,9.4,,,,,,,,,,,,
,методологический,9.4,,,,,,,,,,,,
,псевдоним,9.4,,,,,,,,,,,,
,геометрический,9.3,,,,,,,,,,,,
,жизнедеятельность,9.3,,,,,,,,,,,,
,психиатр,9.3,,,,,,,,,,,,
,электромагнитный,9.3,,,,,,,,,,,,
,второстепенный,9.2,,,,,,,,,,,,
,гендиректор,9.2,,,,,,,,,,,,
,однозначный,9.2,,,,,,,,,,,,
,полвека,9.2,,,,,,,,,,,,
,социолог,9.2,,,,,,,,,,,,
,новосибирский,9.1,,,,,,,,,,,,
,общепринятый,9.1,,,,,,,,,,,,
,общероссийский,9.1,,,,,,,,,,,,
,противоположность,9.1,,,,,,,,,,,,
,самосознание,9.1,,,,,,,,,,,,
,телохранитель,9.0,,,,,,,,,,,,
,единомышленник,8.9,,,,,,,,,,,,
,санкт-петербургский,8.9,,,,,,,,,,,,
,водоросль,8.8,,,,,,,,,,,,
,злоупотребление,8.8,,,,,,,,,,,,
,самодельный,8.8,,,,,,,,,,,,
,северо-западный,8.8,,,,,,,,,,,,
,полуостров,8.7,,,,,,,,,,,,
,легкомысленный,8.6,,,,,,,,,,,,
,благородство,8.5,,,,,,,,,,,,
,дорогостоящий,8.5,,,,,,,,,,,,
,полугодие,8.5,,,,,,,,,,,,
,теплоход,8.5,,,,,,,,,,,,
,типография,8.5,,,,,,,,,,,,
,фотоаппарат,8.5,,,,,,,,,,,,
,электроэнергетика,8.5,,,,,,,,,,,,
,богородица,8.4,,,,,,,,,,,,
,односторонний,8.4,,,,,,,,,,,,
,замминистра,8.3,,,,,,,,,,,,
,красноармеец,8.3,,,,,,,,,,,,
,очевидец,8.3,,,,,,,,,,,,
,профсоюзный,8.2,,,,,,,,,,,,
,самочувствие,8.2,,,,,,,,,,,,
,полководец,8.1,,,,,,,,,,,,
,черно-белый,8.1,,,,,,,,,,,,
,вполголоса,8.0,,,,,,,,,,,,
,комбат,8.0,,,,,,,,,,,,
,светофор,8.0,,,,,,,,,,,,
,добродушный,7.9,,,,,,,,,,,,
,вышестоящий,7.8,,,,,,,,,,,,
,идеолог,7.8,,,,,,,,,,,,
,немаловажный,7.8,,,,,,,,,,,,
,плодотворный,7.8,,,,,,,,,,,,
,полумрак,7.8,,,,,,,,,,,,
,шахматист,7.8,,,,,,,,,,,,
,мироздание,7.7,,,,,,,,,,,,
,психиатрический,7.7,,,,,,,,,,,,
,физкультура,7.7,,,,,,,,,,,,
,генерал-майор,7.6,,,,,,,,,,,,
,затопить,7.6,,,,,,,,,,,,
,однородный,7.6,,,,,,,,,,,,
,психологически,7.6,,,,,,,,,,,,
,русскоязычный,7.6,,,,,,,,,,,,
,горком,7.5,,,,,,,,,,,,
,грабеж,7.5,,,,,,,,,,,,
,добросовестный,7.5,,,,,,,,,,,,
,радиоактивный,7.5,,,,,,,,,,,,
,автопилот,7.4,,,,,,,,,,,,
,биолог,7.4,,,,,,,,,,,,
,богослов,7.4,,,,,,,,,,,,
,дискотека,7.4,,,,,,,,,,,,
,первобытный,7.4,,,,,,,,,,,,
,пятилетний,7.4,,,,,,,,,,,,
,телогрейка,7.4,,,,,,,,,,,,
,юго-восточный,7.4,,,,,,,,,,,,
,автобусный,7.3,,,,,,,,,,,,
,вирусология,7.3,,,,,,,,,,,,
,водопад,7.3,,,,,,,,,,,,
,летопись,7.3,,,,,,,,,,,,
,белесый,7.2,,,,,,,,,,,,
,краткосрочный,7.2,,,,,,,,,,,,
,купля-продажа,7.2,,,,,,,,,,,,
,патология,7.2,,,,,,,,,,,,
,полпред,7.2,,,,,,,,,,,,
,полуфабрикат,7.2,,,,,,,,,,,,
,пятилетка,7.2,,,,,,,,,,,,
,растворяться,7.2,,,,,,,,,,,,
,пешеход,7.1,,,,,,,,,,,,
,полушубок,7.1,,,,,,,,,,,,
,противопоставить,7.1,,,,,,,,,,,,
,старомодный,7.1,,,,,,,,,,,,
,прямоугольный,7.0,,,,,,,,,,,,
,багровый,6.9,,,,,,,,,,,,
,внешнеполитический,6.9,,,,,,,,,,,,
,военкомат,6.9,,,,,,,,,,,,
,нефтепродукты,6.9,,,,,,,,,,,,
,одноименный,6.9,,,,,,,,,,,,
,пресс-секретарь,6.9,,,,,,,,,,,,
,стопроцентный,6.9,,,,,,,,,,,,
,полимер,6.8,,,,,,,,,,,,
,роддом,6.8,,,,,,,,,,,,
,этнос,6.8,,,,,,,,,,,,
,генерал-лейтенант,6.7,,,,,,,,,,,,
,миллиметр,6.7,,,,,,,,,,,,
,однообразный,6.7,,,,,,,,,,,,
,основополагающий,6.7,,,,,,,,,,,,
,синоним,6.7,,,,,,,,,,,,
,многозначительно,6.6,,,,,,,,,,,,
,папочка,6.6,,,,,,,,,,,,
,слепить,6.6,,,,,,,,,,,,
,богословие,6.5,,,,,,,,,,,,
,волкодав,6.5,,,,,,,,,,,,
,геополитический,6.5,,,,,,,,,,,,
,злополучный,6.5,,,,,,,,,,,,
,кинофильм,6.5,,,,,,,,,,,,
,повсеместно,6.5,,,,,,,,,,,,
,экологически,6.5,,,,,,,,,,,,
,всенародный,6.4,,,,,,,,,,,,
,двухкомнатный,6.4,,,,,,,,,,,,
,нововведение,6.4,,,,,,,,,,,,
,патологический,6.4,,,,,,,,,,,,
,трехмерный,6.4,,,,,,,,,,,,
,военнопленный,6.3,,,,,,,,,,,,
,полушарие,6.3,,,,,,,,,,,,
,растворить,6.3,,,,,,,,,,,,
,астроном,6.2,,,,,,,,,,,,
,атмосферный,6.2,,,,,,,,,,,,
,благоустройство,6.2,,,,,,,,,,,,
,внешнеэкономический,6.2,,,,,,,,,,,,
,водопровод,6.2,,,,,,,,,,,,
,гравюра,6.2,,,,,,,,,,,,
,десятилетний,6.2,,,,,,,,,,,,
,древостой,6.2,,,,,,,,,,,,
,метрополитен,6.2,,,,,,,,,,,,
,общечеловеческий,6.2,,,,,,,,,,,,
,трехлетний,6.2,,,,,,,,,,,,
,генотип,6.1,,,,,,,,,,,,
,достопримечательность,6.1,,,,,,,,,,,,
,железнодорожник,6.1,,,,,,,,,,,,
,машиностроительный,6.1,,,,,,,,,,,,
,многонациональный,6.1,,,,,,,,,,,,
,небоскреб,6.1,,,,,,,,,,,,
,порочный,6.1,,,,,,,,,,,,
,правопорядок,6.1,,,,,,,,,,,,
,противовоздушный,6.1,,,,,,,,,,,,
,сельсовет,6.1,,,,,,,,,,,,
,физиология,6.1,,,,,,,,,,,,
,черноморский,6.1,,,,,,,,,,,,
,байка,6.0,,,,,,,,,,,,
,всесторонний,6.0,,,,,,,,,,,,
,генерал-полковник,6.0,,,,,,,,,,,,
,кинематографист,6.0,,,,,,,,,,,,
,микроскоп,6.0,,,,,,,,,,,,
,мимолетный,6.0,,,,,,,,,,,,
,миротворческий,6.0,,,,,,,,,,,,
,однокомнатный,6.0,,,,,,,,,,,,
,пылесос,6.0,,,,,,,,,,,,
,самогон,6.0,,,,,,,,,,,,
,филолог,6.0,,,,,,,,,,,,
,брань,5.9,,,,,,,,,,,,
,взаимосвязанный,5.9,,,,,,,,,,,,
,гостеприимный,5.9,,,,,,,,,,,,
,малолетний,5.9,,,,,,,,,,,,
,наркомания,5.9,,,,,,,,,,,,
,градостроительный,5.8,,,,,,,,,,,,
,жизнерадостный,5.8,,,,,,,,,,,,
,идентифицировать,5.8,,,,,,,,,,,,
,общенациональный,5.8,,,,,,,,,,,,
,простираться,5.8,,,,,,,,,,,,
,священнослужитель,5.8,,,,,,,,,,,,
,астрономический,5.7,,,,,,,,,,,,
,генсек,5.7,,,,,,,,,,,,
,зампред,5.7,,,,,,,,,,,,
,материально-технический,5.7,,,,,,,,,,,,
,метафизический,5.7,,,,,,,,,,,,
,первоочередной,5.7,,,,,,,,,,,,
,политехнический,5.7,,,,,,,,,,,,
,простодушный,5.7,,,,,,,,,,,,
,противопоставление,5.7,,,,,,,,,,,,
,самосвал,5.7,,,,,,,,,,,,
,словосочетание,5.7,,,,,,,,,,,,
,стихотворный,5.7,,,,,,,,,,,,
,телекомпания,5.7,,,,,,,,,,,,
,археолог,5.6,,,,,,,,,,,,
,геофизический,5.6,,,,,,,,,,,,
,гостеприимство,5.6,,,,,,,,,,,,
,кратковременный,5.6,,,,,,,,,,,,
,более-менее,5.5,,,,,,,,,,,,
,водоснабжение,5.5,,,,,,,,,,,,
,воздушно-космический,5.5,,,,,,,,,,,,
,высококачественный,5.5,,,,,,,,,,,,
,домработница,5.5,,,,,,,,,,,,
,нефтегазовый,5.5,,,,,,,,,,,,
,общеизвестный,5.5,,,,,,,,,,,,
,общественно-политический,5.5,,,,,,,,,,,,
,партком,5.5,,,,,,,,,,,,
,экосистема,5.5,,,,,,,,,,,,
,автотранспорт,5.4,,,,,,,,,,,,
,агроном,5.4,,,,,,,,,,,,
,водохранилище,5.4,,,,,,,,,,,,
,зреть,5.4,,,,,,,,,,,,
,кинорежиссер,5.4,,,,,,,,,,,,
,кубометр,5.4,,,,,,,,,,,,
,миномет,5.4,,,,,,,,,,,,
,общеобразовательный,5.4,,,,,,,,,,,,
,пулеметный,5.4,,,,,,,,,,,,
,собственноручно,5.4,,,,,,,,,,,,
,телеграф,5.4,,,,,,,,,,,,
,многократный,5.3,,,,,,,,,,,,
,противовес,5.3,,,,,,,,,,,,
,редколлегия,5.3,,,,,,,,,,,,
,самоопределение,5.3,,,,,,,,,,,,
,всеобъемлющий,5.2,,,,,,,,,,,,
,звездолет,5.2,,,,,,,,,,,,
,картографический,5.2,,,,,,,,,,,,
,мифология,5.2,,,,,,,,,,,,
,моль,5.2,,,,,,,,,,,,
,ночлег,5.2,,,,,,,,,,,,
,полслова,5.2,,,,,,,,,,,,
,полутьма,5.2,,,,,,,,,,,,
,социум,5.2,,,,,,,,,,,,
,темно-синий,5.2,,,,,,,,,,,,
,филологический,5.2,,,,,,,,,,,,
,хромосома,5.2,,,,,,,,,,,,
,военно-политический,5.1,,,,,,,,,,,,
,западноевропейский,5.1,,,,,,,,,,,,
,мимоходом,5.1,,,,,,,,,,,,
,многоэтажный,5.1,,,,,,,,,,,,
,платежный,5.1,,,,,,,,,,,,
,своеобразие,5.1,,,,,,,,,,,,
,хоровод,5.1,,,,,,,,,,,,
,вич-инфекция,5.0,,,,,,,,,,,,
,географ,5.0,,,,,,,,,,,,
,единоборство,5.0,,,,,,,,,,,,
,жилплощадь,5.0,,,,,,,,,,,,
,маловероятный,5.0,,,,,,,,,,,,
,местонахождение,5.0,,,,,,,,,,,,
,местоположение,5.0,,,,,,,,,,,,
,равномерный,5.0,,,,,,,,,,,,
,белокурый,4.9,,,,,,,,,,,,
,военачальник,4.9,,,,,,,,,,,,
,кинематографический,4.9,,,,,,,,,,,,
,нефтепровод,4.9,,,,,,,,,,,,
,одночасье,4.9,,,,,,,,,,,,
,полсотни,4.9,,,,,,,,,,,,
,полутемный,4.9,,,,,,,,,,,,
,правозащитник,4.9,,,,,,,,,,,,
,противопожарный,4.9,,,,,,,,,,,,
,противопоставлять,4.9,,,,,,,,,,,,
,равноправный,4.9,,,,,,,,,,,,
,рукопожатие,4.9,,,,,,,,,,,,
,самооценка,4.9,,,,,,,,,,,,
,сестренка,4.9,,,,,,,,,,,,
,сфотографировать,4.9,,,,,,,,,,,,
,темно-зеленый,4.9,,,,,,,,,,,,
,трудоустройство,4.9,,,,,,,,,,,,
,баскетбол,4.8,,,,,,,,,,,,
,военно-технический,4.8,,,,,,,,,,,,
,главврач,4.8,,,,,,,,,,,,
,двадцатилетний,4.8,,,,,,,,,,,,
,искусствовед,4.8,,,,,,,,,,,,
,кормовой,4.8,,,,,,,,,,,,
,макроэкономический,4.8,,,,,,,,,,,,
,мизансцена,4.8,,,,,,,,,,,,
,морфологический,4.8,,,,,,,,,,,,
,новорожденный,4.8,,,,,,,,,,,,
,остроумие,4.8,,,,,,,,,,,,
,аминокислота,4.7,,,,,,,,,,,,
,близлежащий,4.7,,,,,,,,,,,,
,внеочередной,4.7,,,,,,,,,,,,
,высокотехнологичный,4.7,,,,,,,,,,,,
,мегаполис,4.7,,,,,,,,,,,,
,мифологический,4.7,,,,,,,,,,,,
,первоклассный,4.7,,,,,,,,,,,,
,петроградский,4.7,,,,,,,,,,,,
,противовирусный,4.7,,,,,,,,,,,,
,противотанковый,4.7,,,,,,,,,,,,
,трудоемкий,4.7,,,,,,,,,,,,
,хитроумный,4.7,,,,,,,,,,,,
,энтропия,4.7,,,,,,,,,,,,
,детдом,4.6,,,,,,,,,,,,
,единогласно,4.6,,,,,,,,,,,,
,естествознание,4.6,,,,,,,,,,,,
,киностудия,4.6,,,,,,,,,,,,
,многообразный,4.6,,,,,,,,,,,,
,неоднозначный,4.6,,,,,,,,,,,,
,полмиллиона,4.6,,,,,,,,,,,,
,пристав-исполнитель,4.6,,,,,,,,,,,,
,самосохранение,4.6,,,,,,,,,,,,
,северо-запад,4.6,,,,,,,,,,,,
,телезритель,4.6,,,,,,,,,,,,
,телекамера,4.6,,,,,,,,,,,,
,телеэкран,4.6,,,,,,,,,,,,
,югославский,4.6,,,,,,,,,,,,
,биографический,4.5,,,,,,,,,,,,
,вышеупомянутый,4.5,,,,,,,,,,,,
,двусмысленный,4.5,,,,,,,,,,,,
,литературовед,4.5,,,,,,,,,,,,
,многозначительный,4.5,,,,,,,,,,,,
,монотонный,4.5,,,,,,,,,,,,
,старпом,4.5,,,,,,,,,,,,
,термоядерный,4.5,,,,,,,,,,,,
,тридцатилетний,4.5,,,,,,,,,,,,
,водопроводный,4.4,,,,,,,,,,,,
,всемирно,4.4,,,,,,,,,,,,
,дружелюбно,4.4,,,,,,,,,,,,
,неполноценность,4.4,,,,,,,,,,,,
,неуправляемый,4.4,,,,,,,,,,,,
,новостройка,4.4,,,,,,,,,,,,
,основоположник,4.4,,,,,,,,,,,,
,равноправие,4.4,,,,,,,,,,,,
,радиотехнический,4.4,,,,,,,,,,,,
,рекламодатель,4.4,,,,,,,,,,,,
,родословная,4.4,,,,,,,,,,,,
,сиюминутный,4.4,,,,,,,,,,,,
,трехкомнатный,4.4,,,,,,,,,,,,
,футболка,4.4,,,,,,,,,,,,
,автосалон,4.3,,,,,,,,,,,,
,белобрысый,4.3,,,,,,,,,,,,
,богоматерь,4.3,,,,,,,,,,,,
,видеокамера,4.3,,,,,,,,,,,,
,военно-воздушный,4.3,,,,,,,,,,,,
,головокружение,4.3,,,,,,,,,,,,
,иконостас,4.3,,,,,,,,,,,,
,камуфляж,4.3,,,,,,,,,,,,
,ленинградец,4.3,,,,,,,,,,,,
,молодожен,4.3,,,,,,,,,,,,
,оперативно-розыскной,4.3,,,,,,,,,,,,
,полупустой,4.3,,,,,,,,,,,,
,рукописный,4.3,,,,,,,,,,,,
,самоубийца,4.3,,,,,,,,,,,,
,самоуверенный,4.3,,,,,,,,,,,,
,сверхъестественный,4.3,,,,,,,,,,,,
,телекоммуникационный,4.3,,,,,,,,,,,,
,утопать,4.3,,,,,,,,,,,,
,штаб-квартира,4.3,,,,,,,,,,,,
,юго-западный,4.3,,,,,,,,,,,,
,геология,4.2,,,,,,,,,,,,
,животноводство,4.2,,,,,,,,,,,,
,кабачок,4.2,,,,,,,,,,,,
,легкомыслие,4.2,,,,,,,,,,,,
,общага,4.2,,,,,,,,,,,,
,покупаться,4.2,,,,,,,,,,,,
,природоохранный,4.2,,,,,,,,,,,,
,самодержавие,4.2,,,,,,,,,,,,
,самоорганизация,4.2,,,,,,,,,,,,
,самоотверженный,4.2,,,,,,,,,,,,
,социально-политический,4.2,,,,,,,,,,,,
,тепловоз,4.2,,,,,,,,,,,,
,трудолюбивый,4.2,,,,,,,,,,,,
,углеводород,4.2,,,,,,,,,,,,
,член-корреспондент,4.2,,,,,,,,,,,,
,энергоноситель,4.2,,,,,,,,,,,,
,аминокислотный,4.1,,,,,,,,,,,,
,внешнеторговый,4.1,,,,,,,,,,,,
,высококвалифицированный,4.1,,,,,,,,,,,,
,высокомерный,4.1,,,,,,,,,,,,
,госслужба,4.1,,,,,,,,,,,,
,гранатомет,4.1,,,,,,,,,,,,
,диктофон,4.1,,,,,,,,,,,,
,древнерусский,4.1,,,,,,,,,,,,
,кинофестиваль,4.1,,,,,,,,,,,,
,крупномасштабный,4.1,,,,,,,,,,,,
,малоизвестный,4.1,,,,,,,,,,,,
,многострадальный,4.1,,,,,,,,,,,,
,мясорубка,4.1,,,,,,,,,,,,
,низкорослый,4.1,,,,,,,,,,,,
,нормативно-правовой,4.1,,,,,,,,,,,,
,первомайский,4.1,,,,,,,,,,,,
,подиум,4.1,,,,,,,,,,,,
,противоестественный,4.1,,,,,,,,,,,,
,самобытный,4.1,,,,,,,,,,,,
,самозванец,4.1,,,,,,,,,,,,
,сорокалетний,4.1,,,,,,,,,,,,
,черноволосый,4.1,,,,,,,,,,,,
,биосфера,4.0,,,,,,,,,,,,
,благодетель,4.0,,,,,,,,,,,,
,вероисповедание,4.0,,,,,,,,,,,,
,двукратный,4.0,,,,,,,,,,,,
,единодушно,4.0,,,,,,,,,,,,
,завхоз,4.0,,,,,,,,,,,,
,земледелие,4.0,,,,,,,,,,,,
,многодетный,4.0,,,,,,,,,,,,
,нэп,4.0,,,,,,,,,,,,
,общепризнанный,4.0,,,,,,,,,,,,
,одноэтажный,4.0,,,,,,,,,,,,
,разнородный,4.0,,,,,,,,,,,,
,райцентр,4.0,,,,,,,,,,,,
,самооборона,4.0,,,,,,,,,,,,
,северо-восток,4.0,,,,,,,,,,,,
,спортзал,4.0,,,,,,,,,,,,
,телепередача,4.0,,,,,,,,,,,,
,физико-химический,4.0,,,,,,,,,,,,
,чаепитие,4.0,,,,,,,,,,,,
,электрод,4.0,,,,,,,,,,,,
,антропогенный,3.9,,,,,,,,,,,,
,бомбардировка,3.9,,,,,,,,,,,,
,вездеход,3.9,,,,,,,,,,,,
,геоинформационный,3.9,,,,,,,,,,,,
,грузоподъемность,3.9,,,,,,,,,,,,
,двухлетний,3.9,,,,,,,,,,,,
,замполит,3.9,,,,,,,,,,,,
,кровотечение,3.9,,,,,,,,,,,,
,людоед,3.9,,,,,,,,,,,,
,многофункциональный,3.9,,,,,,,,,,,,
,одноразовый,3.9,,,,,,,,,,,,
,первостепенный,3.9,,,,,,,,,,,,
,политрук,3.9,,,,,,,,,,,,
,полноправный,3.9,,,,,,,,,,,,
,полпути,3.9,,,,,,,,,,,,
,противоракетный,3.9,,,,,,,,,,,,
,радиоприемник,3.9,,,,,,,,,,,,
,рыболов,3.9,,,,,,,,,,,,
,самодостаточный,3.9,,,,,,,,,,,,
,тест-система,3.9,,,,,,,,,,,,
,тихоокеанский,3.9,,,,,,,,,,,,
,топливно-энергетический,3.9,,,,,,,,,,,,
,торгово-промышленный,3.9,,,,,,,,,,,,
,честолюбие,3.9,,,,,,,,,,,,
,автомобилист,3.8,,,,,,,,,,,,
,авторучка,3.8,,,,,,,,,,,,
,взаимовыгодный,3.8,,,,,,,,,,,,
,домохозяйка,3.8,,,,,,,,,,,,
,домохозяйство,3.8,,,,,,,,,,,,
,дружелюбный,3.8,,,,,,,,,,,,
,историография,3.8,,,,,,,,,,,,
,кока-кола,3.8,,,,,,,,,,,,
,малочисленный,3.8,,,,,,,,,,,,
,метаморфоза,3.8,,,,,,,,,,,,
,миловидный,3.8,,,,,,,,,,,,
,недобросовестный,3.8,,,,,,,,,,,,
,новоявленный,3.8,,,,,,,,,,,,
,огнестрельный,3.8,,,,,,,,,,,,
,полоть,3.8,,,,,,,,,,,,
,портсигар,3.8,,,,,,,,,,,,
,правозащитный,3.8,,,,,,,,,,,,
,самоходный,3.8,,,,,,,,,,,,
,старожил,3.8,,,,,,,,,,,,
,телескоп,3.8,,,,,,,,,,,,
,темно-коричневый,3.8,,,,,,,,,,,,
,тысячелетний,3.8,,,,,,,,,,,,
,хронологический,3.8,,,,,,,,,,,,
,шоу-бизнес,3.8,,,,,,,,,,,,
,ярко-красный,3.8,,,,,,,,,,,,
,агропромышленный,3.7,,,,,,,,,,,,
,ведомый,3.7,,,,,,,,,,,,
,великодушный,3.7,,,,,,,,,,,,
,видеокассета,3.7,,,,,,,,,,,,
,вице-губернатор,3.7,,,,,,,,,,,,
,военно-промышленный,3.7,,,,,,,,,,,,
,волейбол,3.7,,,,,,,,,,,,
,вышеперечисленный,3.7,,,,,,,,,,,,
,вышеуказанный,3.7,,,,,,,,,,,,
,гинеколог,3.7,,,,,,,,,,,,
,лейкоцит,3.7,,,,,,,,,,,,
,мегафон,3.7,,,,,,,,,,,,
,микроскопический,3.7,,,,,,,,,,,,
,мультфильм,3.7,,,,,,,,,,,,
,научно-практический,3.7,,,,,,,,,,,,
,пешеходный,3.7,,,,,,,,,,,,
,получас,3.7,,,,,,,,,,,,
,противогаз,3.7,,,,,,,,,,,,
,радиоэлектронный,3.7,,,,,,,,,,,,
,спецназовец,3.7,,,,,,,,,,,,
,средиземный,3.7,,,,,,,,,,,,
,старшеклассник,3.7,,,,,,,,,,,,
,статуэтка,3.7,,,,,,,,,,,,
,стенограмма,3.7,,,,,,,,,,,,
,термос,3.7,,,,,,,,,,,,
,трехэтажный,3.7,,,,,,,,,,,,
,широкомасштабный,3.7,,,,,,,,,,,,
,аэродинамический,3.6,,,,,,,,,,,,
,библиотечный,3.6,,,,,,,,,,,,
,биохимический,3.6,,,,,,,,,,,,
,ближневосточный,3.6,,,,,,,,,,,,
,ветхозаветный,3.6,,,,,,,,,,,,
,водоворот,3.6,,,,,,,,,,,,
,головокружительный,3.6,,,,,,,,,,,,
,древнегреческий,3.6,,,,,,,,,,,,
,единоличный,3.6,,,,,,,,,,,,
,железобетонный,3.6,,,,,,,,,,,,
,имя-отчество,3.6,,,,,,,,,,,,
,индивидуум,3.6,,,,,,,,,,,,
,искупаться,3.6,,,,,,,,,,,,
,кинематография,3.6,,,,,,,,,,,,
,комедийный,3.6,,,,,,,,,,,,
,космодром,3.6,,,,,,,,,,,,
,культурно-исторический,3.6,,,,,,,,,,,,
,лесохозяйственный,3.6,,,,,,,,,,,,
,млекопитающее,3.6,,,,,,,,,,,,
,многовековой,3.6,,,,,,,,,,,,
,мясокомбинат,3.6,,,,,,,,,,,,
,победоносный,3.6,,,,,,,,,,,,
,повседневность,3.6,,,,,,,,,,,,
,порнография,3.6,,,,,,,,,,,,
,путеводитель,3.6,,,,,,,,,,,,
,северо-восточный,3.6,,,,,,,,,,,,
,семилетний,3.6,,,,,,,,,,,,
,снегопад,3.6,,,,,,,,,,,,
,спелеолог,3.6,,,,,,,,,,,,
,углеводородный,3.6,,,,,,,,,,,,
,близорукий,3.5,,,,,,,,,,,,
,вездесущий,3.5,,,,,,,,,,,,
,видеозапись,3.5,,,,,,,,,,,,
,водолаз,3.5,,,,,,,,,,,,
,высокомерие,3.5,,,,,,,,,,,,
,двухместный,3.5,,,,,,,,,,,,
,единодушный,3.5,,,,,,,,,,,,
,лексема,3.5,,,,,,,,,,,,
,многолюдный,3.5,,,,,,,,,,,,
,многослойный,3.5,,,,,,,,,,,,
,многосторонний,3.5,,,,,,,,,,,,
,молниеносно,3.5,,,,,,,,,,,,
,неправдоподобный,3.5,,,,,,,,,,,,
,новобранец,3.5,,,,,,,,,,,,
,парторг,3.5,,,,,,,,,,,,
,песнопение,3.5,,,,,,,,,,,,
,повсеместный,3.5,,,,,,,,,,,,
,правдоподобный,3.5,,,,,,,,,,,,
,простодушно,3.5,,,,,,,,,,,,
,прямолинейный,3.5,,,,,,,,,,,,
,садовод,3.5,,,,,,,,,,,,
,самобытность,3.5,,,,,,,,,,,,
,самозащита,3.5,,,,,,,,,,,,
,самоуверенность,3.5,,,,,,,,,,,,
,трудолюбие,3.5,,,,,,,,,,,,
,униформа,3.5,,,,,,,,,,,,
,широкоплечий,3.5,,,,,,,,,,,,
,эпилог,3.5,,,,,,,,,,,,
,юго-запад,3.5,,,,,,,,,,,,
,автостоянка,3.4,,,,,,,,,,,,
,астролог,3.4,,,,,,,,,,,,
,бронетранспортер,3.4,,,,,,,,,,,,
,высокоэффективный,3.4,,,,,,,,,,,,
,геохимический,3.4,,,,,,,,,,,,
,голубоглазый,3.4,,,,,,,,,,,,
,единоросс,3.4,,,,,,,,,,,,
,курносый,3.4,,,,,,,,,,,,
,ледокол,3.4,,,,,,,,,,,,
,лесопользование,3.4,,,,,,,,,,,,
,метафизика,3.4,,,,,,,,,,,,
,многомиллионный,3.4,,,,,,,,,,,,
,морфология,3.4,,,,,,,,,,,,
,остроумно,3.4,,,,,,,,,,,,
,полиомиелит,3.4,,,,,,,,,,,,
,полупрозрачный,3.4,,,,,,,,,,,,
,самоходка,3.4,,,,,,,,,,,,
,среднегодовой,3.4,,,,,,,,,,,,
,среднестатистический,3.4,,,,,,,,,,,,
,стройматериал,3.4,,,,,,,,,,,,
,сумасшествие,3.4,,,,,,,,,,,,
,физико-математический,3.4,,,,,,,,,,,,
,ценообразование,3.4,,,,,,,,,,,,
,боеголовка,3.3,,,,,,,,,,,,
,геноцид,3.3,,,,,,,,,,,,
,главком,3.3,,,,,,,,,,,,
,жестикулировать,3.3,,,,,,,,,,,,
,капиталовложение,3.3,,,,,,,,,,,,
,картотека,3.3,,,,,,,,,,,,
,красноречивый,3.3,,,,,,,,,,,,
,кровообращение,3.3,,,,,,,,,,,,
,однокашник,3.3,,,,,,,,,,,,
,полукруглый,3.3,,,,,,,,,,,,
,пресс-центр,3.3,,,,,,,,,,,,
,противоборство,3.3,,,,,,,,,,,,
,рукоять,3.3,,,,,,,,,,,,
,самозабвенно,3.3,,,,,,,,,,,,
,самолично,3.3,,,,,,,,,,,,
,среднесрочный,3.3,,,,,,,,,,,,
,хронология,3.3,,,,,,,,,,,,
,внедорожник,3.2,,,,,,,,,,,,
,волеизъявление,3.2,,,,,,,,,,,,
,еженедельный,3.2,,,,,,,,,,,,
,злодеяние,3.2,,,,,,,,,,,,
,злоумышленник,3.2,,,,,,,,,,,,
,иеромонах,3.2,,,,,,,,,,,,
,иммуноферментный,3.2,,,,,,,,,,,,
,компакт-диск,3.2,,,,,,,,,,,,
,металлолом,3.2,,,,,,,,,,,,
,миротворец,3.2,,,,,,,,,,,,
,многомерный,3.2,,,,,,,,,,,,
,национально-культурный,3.2,,,,,,,,,,,,
,новоселье,3.2,,,,,,,,,,,,
,норд-ост,3.2,,,,,,,,,,,,
,однообразие,3.2,,,,,,,,,,,,
,радиосвязь,3.2,,,,,,,,,,,,
,рыболовство,3.2,,,,,,,,,,,,
,углекислый,3.2,,,,,,,,,,,,
,биологически,3.1,,,,,,,,,,,,
,вещмешок,3.1,,,,,,,,,,,,
,генпрокурор,3.1,,,,,,,,,,,,
,двухметровый,3.1,,,,,,,,,,,,
,динозавр,3.1,,,,,,,,,,,,
,долевой,3.1,,,,,,,,,,,,
,доморощенный,3.1,,,,,,,,,,,,
,импортер,3.1,,,,,,,,,,,,
,каждодневный,3.1,,,,,,,,,,,,
,квалифицировать,3.1,,,,,,,,,,,,
,космонавтика,3.1,,,,,,,,,,,,
,кровеносный,3.1,,,,,,,,,,,,
,легкомысленно,3.1,,,,,,,,,,,,
,мелодрама,3.1,,,,,,,,,,,,
,милосердный,3.1,,,,,,,,,,,,
,многогранный,3.1,,,,,,,,,,,,
,монолитный,3.1,,,,,,,,,,,,
,плодородный,3.1,,,,,,,,,,,,
,психиатрия,3.1,,,,,,,,,,,,
,северо-кавказский,3.1,,,,,,,,,,,,
,сердечно-сосудистый,3.1,,,,,,,,,,,,
,синхронный,3.1,,,,,,,,,,,,
,торгово-экономический,3.1,,,,,,,,,,,,
,трудоемкость,3.1,,,,,,,,,,,,
,трудоспособный,3.1,,,,,,,,,,,,
,философски,3.1,,,,,,,,,,,,
,шестилетний,3.1,,,,,,,,,,,,
,авианосец,3.0,,,,,,,,,,,,
,взад-вперед,3.0,,,,,,,,,,,,
,горнодобывающий,3.0,,,,,,,,,,,,
,градостроительство,3.0,,,,,,,,,,,,
,гражданско-правовой,3.0,,,,,,,,,,,,
,директриса,3.0,,,,,,,,,,,,
,доброжелательность,3.0,,,,,,,,,,,,
,долговечный,3.0,,,,,,,,,,,,
,домочадец,3.0,,,,,,,,,,,,
,жертвоприношение,3.0,,,,,,,,,,,,
,кинозвезда,3.0,,,,,,,,,,,,
,красноармейский,3.0,,,,,,,,,,,,
,красноречиво,3.0,,,,,,,,,,,,
,кровоточить,3.0,,,,,,,,,,,,
,латиноамериканский,3.0,,,,,,,,,,,,
,марксизм-ленинизм,3.0,,,,,,,,,,,,
,мировоззренческий,3.0,,,,,,,,,,,,
,многогранник,3.0,,,,,,,,,,,,
,многообещающий,3.0,,,,,,,,,,,,
,молниеносный,3.0,,,,,,,,,,,,
,неполноценный,3.0,,,,,,,,,,,,
,нецелесообразный,3.0,,,,,,,,,,,,
,новодевичий,3.0,,,,,,,,,,,,
,однокурсник,3.0,,,,,,,,,,,,
,онтологический,3.0,,,,,,,,,,,,
,первоисточник,3.0,,,,,,,,,,,,
,полметра,3.0,,,,,,,,,,,,
,полукруг,3.0,,,,,,,,,,,,
,противоправный,3.0,,,,,,,,,,,,
,психотропный,3.0,,,,,,,,,,,,
,рок-н-ролл,3.0,,,,,,,,,,,,
,рыболовный,3.0,,,,,,,,,,,,
,самообладание,3.0,,,,,,,,,,,,
,самородок,3.0,,,,,,,,,,,,
,сантехник,3.0,,,,,,,,,,,,
,среднеазиатский,3.0,,,,,,,,,,,,
,технико-экономический,3.0,,,,,,,,,,,,
,товарооборот,3.0,,,,,,,,,,,,
,топ-менеджер,3.0,,,,,,,,,,,,
,четырехлетний,3.0,,,,,,,,,,,,
,антропология,2.9,,,,,,,,,,,,
,благосклонно,2.9,,,,,,,,,,,,
,великодушие,2.9,,,,,,,,,,,,
,великодушно,2.9,,,,,,,,,,,,
,гистограмма,2.9,,,,,,,,,,,,
,добропорядочный,2.9,,,,,,,,,,,,
,евразийский,2.9,,,,,,,,,,,,
,единовременный,2.9,,,,,,,,,,,,
,жизнеспособность,2.9,,,,,,,,,,,,
,летописец,2.9,,,,,,,,,,,,
,мироощущение,2.9,,,,,,,,,,,,
,недоброжелатель,2.9,,,,,,,,,,,,
,немногословный,2.9,,,,,,,,,,,,
,новоиспеченный,2.9,,,,,,,,,,,,
,плащ-палатка,2.9,,,,,,,,,,,,
,полуголый,2.9,,,,,,,,,,,,
,пятнадцатилетний,2.9,,,,,,,,,,,,
,самиздат,2.9,,,,,,,,,,,,
,самовольный,2.9,,,,,,,,,,,,
,самолетный,2.9,,,,,,,,,,,,
,темно-серый,2.9,,,,,,,,,,,,
,теплоснабжение,2.9,,,,,,,,,,,,
,типографский,2.9,,,,,,,,,,,,
,уголовно-процессуальный,2.9,,,,,,,,,,,,
,фотокарточка,2.9,,,,,,,,,,,,
,чернокожий,2.9,,,,,,,,,,,,
,чудотворный,2.9,,,,,,,,,,,,
,штабс-капитан,2.9,,,,,,,,,,,,
,бронежилет,2.8,,,,,,,,,,,,
,видеомагнитофон,2.8,,,,,,,,,,,,
,вич-инфицированный,2.8,,,,,,,,,,,,
,всесторонне,2.8,,,,,,,,,,,,
,высокоточный,2.8,,,,,,,,,,,,
,геморрагический,2.8,,,,,,,,,,,,
,гомосексуалист,2.8,,,,,,,,,,,,
,госслужащий,2.8,,,,,,,,,,,,
,жизнеспособный,2.8,,,,,,,,,,,,
,злодейство,2.8,,,,,,,,,,,,
,комдив,2.8,,,,,,,,,,,,
,красноречие,2.8,,,,,,,,,,,,
,лесосека,2.8,,,,,,,,,,,,
,магнитофонный,2.8,,,,,,,,,,,,
,малолетка,2.8,,,,,,,,,,,,
,машинописный,2.8,,,,,,,,,,,,
,медпункт,2.8,,,,,,,,,,,,
,миролюбиво,2.8,,,,,,,,,,,,
,монотонно,2.8,,,,,,,,,,,,
,полминуты,2.8,,,,,,,,,,,,
,полуфинал,2.8,,,,,,,,,,,,
,пятиэтажка,2.8,,,,,,,,,,,,
,радиограмма,2.8,,,,,,,,,,,,
,самодовольный,2.8,,,,,,,,,,,,
,самоутверждение,2.8,,,,,,,,,,,,
,синеглазый,2.8,,,,,,,,,,,,
,среднемесячный,2.8,,,,,,,,,,,,
,топографический,2.8,,,,,,,,,,,,
,финансово-экономический,2.8,,,,,,,,,,,,
,фотографироваться,2.8,,,,,,,,,,,,
,фотографический,2.8,,,,,,,,,,,,
,хореограф,2.8,,,,,,,,,,,,
,частокол,2.8,,,,,,,,,,,,
,энергоресурсы,2.8,,,,,,,,,,,,
,эпидемиологический,2.8,,,,,,,,,,,,
,эпицентр,2.8,,,,,,,,,,,,
,автодорога,2.7,,,,,,,,,,,,
,благородие,2.7,,,,,,,,,,,,
,благосклонный,2.7,,,,,,,,,,,,
,бракосочетание,2.7,,,,,,,,,,,,
,бюстгальтер,2.7,,,,,,,,,,,,
,вице-спикер,2.7,,,,,,,,,,,,
,гликопротеин,2.7,,,,,,,,,,,,
,квартплата,2.7,,,,,,,,,,,,
,кроссворд,2.7,,,,,,,,,,,,
,круговорот,2.7,,,,,,,,,,,,
,микроавтобус,2.7,,,,,,,,,,,,
,некролог,2.7,,,,,,,,,,,,
,несвоевременный,2.7,,,,,,,,,,,,
,общедоступный,2.7,,,,,,,,,,,,
,общеевропейский,2.7,,,,,,,,,,,,
,одноклассница,2.7,,,,,,,,,,,,
,полиэтилен,2.7,,,,,,,,,,,,
,полстакана,2.7,,,,,,,,,,,,
,полуденный,2.7,,,,,,,,,,,,
,полуоткрытый,2.7,,,,,,,,,,,,
,полустанок,2.7,,,,,,,,,,,,
,противопоказанный,2.7,,,,,,,,,,,,
,психотерапия,2.7,,,,,,,,,,,,
,славянофил,2.7,,,,,,,,,,,,
,социокультурный,2.7,,,,,,,,,,,,
,трубопроводный,2.7,,,,,,,,,,,,
,финансово-промышленный,2.7,,,,,,,,,,,,
,центробежный,2.7,,,,,,,,,,,,
,биограф,2.6,,,,,,,,,,,,
,биотехнология,2.6,,,,,,,,,,,,
,благоустроенный,2.6,,,,,,,,,,,,
,восьмилетний,2.6,,,,,,,,,,,,
,вышеназванный,2.6,,,,,,,,,,,,
,гемагглютинин,2.6,,,,,,,,,,,,
,двусмысленность,2.6,,,,,,,,,,,,
,жизнеобеспечение,2.6,,,,,,,,,,,,
,земледелец,2.6,,,,,,,,,,,,
,инженерно-технический,2.6,,,,,,,,,,,,
,информационно-аналитический,2.6,,,,,,,,,,,,
,конференц-зал,2.6,,,,,,,,,,,,
,кровожадный,2.6,,,,,,,,,,,,
,мартышка,2.6,,,,,,,,,,,,
,многотысячный,2.6,,,,,,,,,,,,
,многоцелевой,2.6,,,,,,,,,,,,
,моноклональный,2.6,,,,,,,,,,,,
,мясоперерабатывающий,2.6,,,,,,,,,,,,
,общегосударственный,2.6,,,,,,,,,,,,
,онтология,2.6,,,,,,,,,,,,
,политтехнолог,2.6,,,,,,,,,,,,
,психопат,2.6,,,,,,,,,,,,
